Bundling 6%
Bundling 24%
Bundling 49%
Bundling 61%
Bundling 69%
Bundling 74%
Bundling 80%
Bundling 85%
Bundling 90%
Bundling 95%
Bundling 100%
Copying public dir 12.5 MB
Getting compositions
Getting compositions
Composition          film
Codec                h264
Output               ../out_icons.mp4
Concurrency          6x
Rendered 0/7845
Rendered 1/7845, time remaining: 5m 38s
Rendered 2/7845, time remaining: 5m 57s
Rendered 3/7845, time remaining: 6m 19s
Rendered 4/7845, time remaining: 6m 41s
Rendered 5/7845, time remaining: 7m 2s
Rendered 6/7845, time remaining: 7m 28s
Rendered 7/7845, time remaining: 7m 31s
Rendered 8/7845, time remaining: 7m 33s
Rendered 9/7845, time remaining: 7m 25s
Rendered 10/7845, time remaining: 7m 30s
Rendered 11/7845, time remaining: 7m 35s
Rendered 12/7845, time remaining: 7m 36s
Rendered 13/7845, time remaining: 7m 41s
Rendered 14/7845, time remaining: 7m 43s
Rendered 15/7845, time remaining: 7m 49s
Rendered 16/7845, time remaining: 7m 52s
Rendered 17/7845, time remaining: 7m 55s
Rendered 18/7845, time remaining: 7m 58s
Rendered 19/7845, time remaining: 8m 0s
Rendered 20/7845, time remaining: 8m 0s
Rendered 21/7845, time remaining: 8m 0s
Rendered 22/7845, time remaining: 8m 0s
Rendered 23/7845, time remaining: 8m 7s
Rendered 24/7845, time remaining: 8m 9s
Rendered 25/7845, time remaining: 8m 10s
Rendered 26/7845, time remaining: 8m 11s
Rendered 27/7845, time remaining: 8m 12s
Rendered 28/7845, time remaining: 8m 11s
Rendered 29/7845, time remaining: 8m 14s
Rendered 30/7845, time remaining: 8m 15s
Rendered 31/7845, time remaining: 8m 14s
Rendered 32/7845, time remaining: 8m 14s
Rendered 33/7845, time remaining: 8m 17s
Rendered 34/7845, time remaining: 8m 17s
Rendered 35/7845, time remaining: 8m 18s
Rendered 36/7845, time remaining: 8m 18s
Rendered 37/7845, time remaining: 8m 18s
Rendered 38/7845, time remaining: 8m 17s
Rendered 39/7845, time remaining: 8m 19s
Rendered 40/7845, time remaining: 8m 20s
Rendered 41/7845, time remaining: 8m 20s
Rendered 42/7845, time remaining: 8m 21s
Rendered 43/7845, time remaining: 8m 21s
Rendered 44/7845, time remaining: 8m 21s
Rendered 45/7845, time remaining: 8m 23s
Rendered 46/7845, time remaining: 8m 27s
Rendered 47/7845, time remaining: 8m 28s
Rendered 48/7845, time remaining: 8m 29s
Rendered 49/7845, time remaining: 8m 24s
Rendered 50/7845, time remaining: 8m 25s
Rendered 51/7845, time remaining: 8m 23s
Rendered 52/7845, time remaining: 8m 24s
Rendered 53/7845, time remaining: 8m 24s
Rendered 54/7845, time remaining: 8m 24s
Rendered 55/7845, time remaining: 8m 22s
Rendered 56/7845, time remaining: 8m 21s
Rendered 57/7845, time remaining: 8m 23s
Rendered 58/7845, time remaining: 8m 24s
Rendered 59/7845, time remaining: 8m 25s
Rendered 60/7845, time remaining: 8m 25s
Rendered 61/7845, time remaining: 8m 24s
Rendered 62/7845, time remaining: 8m 25s
Rendered 63/7845, time remaining: 8m 24s
Rendered 64/7845, time remaining: 8m 24s
Rendered 65/7845, time remaining: 8m 26s
Rendered 66/7845, time remaining: 8m 26s
Rendered 67/7845, time remaining: 8m 26s
Rendered 68/7845, time remaining: 8m 25s
Rendered 69/7845, time remaining: 8m 24s
Rendered 70/7845, time remaining: 8m 24s
Rendered 71/7845, time remaining: 8m 26s
Rendered 72/7845, time remaining: 8m 26s
Rendered 73/7845, time remaining: 8m 24s
Rendered 74/7845, time remaining: 8m 23s
Rendered 75/7845, time remaining: 8m 24s
Rendered 76/7845, time remaining: 8m 25s
Rendered 77/7845, time remaining: 8m 27s
Rendered 78/7845, time remaining: 8m 27s
Rendered 79/7845, time remaining: 8m 26s
Rendered 80/7845, time remaining: 8m 25s
Rendered 81/7845, time remaining: 8m 24s
Rendered 82/7845, time remaining: 8m 25s
Rendered 83/7845, time remaining: 8m 27s
Rendered 84/7845, time remaining: 8m 27s
Rendered 85/7845, time remaining: 8m 25s
Rendered 86/7845, time remaining: 8m 26s
Rendered 87/7845, time remaining: 8m 26s
Rendered 88/7845, time remaining: 8m 26s
Rendered 89/7845, time remaining: 8m 27s
Rendered 90/7845, time remaining: 8m 27s
Rendered 91/7845, time remaining: 8m 26s
Rendered 92/7845, time remaining: 8m 26s
Rendered 93/7845, time remaining: 8m 26s
Rendered 94/7845, time remaining: 8m 27s
Rendered 95/7845, time remaining: 8m 27s
Rendered 96/7845, time remaining: 8m 27s
Rendered 97/7845, time remaining: 8m 27s
Rendered 98/7845, time remaining: 8m 27s
Rendered 99/7845, time remaining: 8m 27s
Rendered 100/7845, time remaining: 8m 27s
Rendered 101/7845, time remaining: 8m 27s
Rendered 102/7845, time remaining: 8m 27s
Rendered 103/7845, time remaining: 8m 27s
Rendered 104/7845, time remaining: 8m 27s
Rendered 105/7845, time remaining: 8m 27s
Rendered 106/7845, time remaining: 8m 27s
Rendered 107/7845, time remaining: 8m 28s
Rendered 108/7845, time remaining: 8m 28s
Rendered 109/7845, time remaining: 8m 26s
Rendered 110/7845, time remaining: 8m 26s
Rendered 111/7845, time remaining: 8m 26s
Rendered 112/7845, time remaining: 8m 26s
Rendered 113/7845, time remaining: 8m 27s
Rendered 114/7845, time remaining: 8m 27s
Rendered 115/7845, time remaining: 8m 27s
Rendered 116/7845, time remaining: 8m 26s
Rendered 117/7845, time remaining: 8m 26s
Rendered 118/7845, time remaining: 8m 26s
Rendered 119/7845, time remaining: 8m 27s
Rendered 120/7845, time remaining: 8m 27s
Rendered 121/7845, time remaining: 8m 26s
Rendered 122/7845, time remaining: 8m 27s
Rendered 123/7845, time remaining: 8m 27s
Rendered 124/7845, time remaining: 8m 27s
Rendered 125/7845, time remaining: 8m 27s
Rendered 126/7845, time remaining: 8m 27s
Rendered 127/7845, time remaining: 8m 27s
Rendered 128/7845, time remaining: 8m 27s
Rendered 129/7845, time remaining: 8m 27s
Rendered 130/7845, time remaining: 8m 27s
Rendered 131/7845, time remaining: 8m 27s
Rendered 132/7845, time remaining: 8m 27s
Rendered 133/7845, time remaining: 8m 27s
Rendered 134/7845, time remaining: 8m 26s
Rendered 135/7845, time remaining: 8m 27s
Rendered 136/7845, time remaining: 8m 27s
Rendered 137/7845, time remaining: 8m 27s
Rendered 138/7845, time remaining: 8m 27s
Rendered 139/7845, time remaining: 8m 27s
Rendered 140/7845, time remaining: 8m 27s
Rendered 141/7845, time remaining: 8m 27s
Rendered 142/7845, time remaining: 8m 27s
Rendered 143/7845, time remaining: 8m 27s
Rendered 144/7845, time remaining: 8m 27s
Rendered 145/7845, time remaining: 8m 27s
Rendered 146/7845, time remaining: 8m 27s
Rendered 147/7845, time remaining: 8m 27s
Rendered 148/7845, time remaining: 8m 27s
Rendered 149/7845, time remaining: 8m 27s
Rendered 150/7845, time remaining: 8m 27s
Rendered 151/7845, time remaining: 8m 27s
Rendered 152/7845, time remaining: 8m 27s
Rendered 153/7845, time remaining: 8m 26s
Rendered 154/7845, time remaining: 8m 26s
Rendered 155/7845, time remaining: 8m 27s
Rendered 156/7845, time remaining: 8m 27s
Rendered 157/7845, time remaining: 8m 27s
Rendered 158/7845, time remaining: 8m 27s
Rendered 159/7845, time remaining: 8m 26s
Rendered 160/7845, time remaining: 8m 26s
Rendered 161/7845, time remaining: 8m 26s
Rendered 162/7845, time remaining: 8m 26s
Rendered 163/7845, time remaining: 8m 25s
Rendered 164/7845, time remaining: 8m 25s
Rendered 165/7845, time remaining: 8m 25s
Rendered 166/7845, time remaining: 8m 26s
Rendered 167/7845, time remaining: 8m 26s
Rendered 168/7845, time remaining: 8m 26s
Rendered 169/7845, time remaining: 8m 26s
Rendered 170/7845, time remaining: 8m 25s
Rendered 171/7845, time remaining: 8m 25s
Rendered 172/7845, time remaining: 8m 25s
Rendered 173/7845, time remaining: 8m 26s
Rendered 174/7845, time remaining: 8m 26s
Rendered 175/7845, time remaining: 8m 25s
Rendered 176/7845, time remaining: 8m 25s
Rendered 177/7845, time remaining: 8m 26s
Rendered 178/7845, time remaining: 8m 25s
Rendered 179/7845, time remaining: 8m 26s
Rendered 180/7845, time remaining: 8m 26s
Rendered 181/7845, time remaining: 8m 26s
Rendered 182/7845, time remaining: 8m 25s
Rendered 183/7845, time remaining: 8m 25s
Rendered 184/7845, time remaining: 8m 25s
Rendered 185/7845, time remaining: 8m 25s
Rendered 186/7845, time remaining: 8m 25s
Rendered 187/7845, time remaining: 8m 25s
Rendered 188/7845, time remaining: 8m 25s
Rendered 189/7845, time remaining: 8m 25s
Rendered 190/7845, time remaining: 8m 25s
Rendered 191/7845, time remaining: 8m 25s
Rendered 192/7845, time remaining: 8m 25s
Rendered 193/7845, time remaining: 8m 24s
Rendered 194/7845, time remaining: 8m 25s
Rendered 195/7845, time remaining: 8m 25s
Rendered 196/7845, time remaining: 8m 25s
Rendered 197/7845, time remaining: 8m 25s
Rendered 198/7845, time remaining: 8m 25s
Rendered 199/7845, time remaining: 8m 24s
Rendered 200/7845, time remaining: 8m 24s
Rendered 201/7845, time remaining: 8m 24s
Rendered 202/7845, time remaining: 8m 25s
Rendered 203/7845, time remaining: 8m 25s
Rendered 204/7845, time remaining: 8m 25s
Rendered 205/7845, time remaining: 8m 24s
Rendered 206/7845, time remaining: 8m 24s
Rendered 207/7845, time remaining: 8m 24s
Rendered 208/7845, time remaining: 8m 24s
Rendered 209/7845, time remaining: 8m 24s
Rendered 210/7845, time remaining: 8m 24s
Rendered 211/7845, time remaining: 8m 24s
Rendered 212/7845, time remaining: 8m 24s
Rendered 213/7845, time remaining: 8m 24s
Rendered 214/7845, time remaining: 8m 24s
Rendered 215/7845, time remaining: 8m 24s
Rendered 216/7845, time remaining: 8m 24s
Rendered 217/7845, time remaining: 8m 24s
Rendered 218/7845, time remaining: 8m 24s
Rendered 219/7845, time remaining: 8m 23s
Rendered 220/7845, time remaining: 8m 24s
Rendered 221/7845, time remaining: 8m 24s
Rendered 222/7845, time remaining: 8m 24s
Rendered 223/7845, time remaining: 8m 24s
Rendered 224/7845, time remaining: 8m 23s
Rendered 225/7845, time remaining: 8m 23s
Rendered 226/7845, time remaining: 8m 23s
Rendered 227/7845, time remaining: 8m 24s
Rendered 228/7845, time remaining: 8m 24s
Rendered 229/7845, time remaining: 8m 23s
Rendered 230/7845, time remaining: 8m 23s
Rendered 231/7845, time remaining: 8m 23s
Rendered 232/7845, time remaining: 8m 23s
Rendered 233/7845, time remaining: 8m 23s
Rendered 234/7845, time remaining: 8m 23s
Rendered 235/7845, time remaining: 8m 23s
Rendered 236/7845, time remaining: 8m 23s
Rendered 237/7845, time remaining: 8m 23s
Rendered 238/7845, time remaining: 8m 23s
Rendered 239/7845, time remaining: 8m 23s
Rendered 240/7845, time remaining: 8m 23s
Rendered 241/7845, time remaining: 8m 23s
Rendered 242/7845, time remaining: 8m 23s
Rendered 243/7845, time remaining: 8m 22s
Rendered 244/7845, time remaining: 8m 22s
Rendered 245/7845, time remaining: 8m 23s
Rendered 246/7845, time remaining: 8m 23s
Rendered 247/7845, time remaining: 8m 22s
Rendered 248/7845, time remaining: 8m 22s
Rendered 249/7845, time remaining: 8m 22s
Rendered 250/7845, time remaining: 8m 22s
Rendered 251/7845, time remaining: 8m 22s
Rendered 252/7845, time remaining: 8m 22s
Rendered 253/7845, time remaining: 8m 22s
Rendered 254/7845, time remaining: 8m 22s
Rendered 255/7845, time remaining: 8m 22s
Rendered 256/7845, time remaining: 8m 22s
Rendered 257/7845, time remaining: 8m 22s
Rendered 258/7845, time remaining: 8m 22s
Rendered 259/7845, time remaining: 8m 21s
Rendered 260/7845, time remaining: 8m 21s
Rendered 261/7845, time remaining: 8m 21s
Rendered 262/7845, time remaining: 8m 22s
Rendered 263/7845, time remaining: 8m 22s
Rendered 264/7845, time remaining: 8m 22s
Rendered 265/7845, time remaining: 8m 21s
Rendered 266/7845, time remaining: 8m 21s
Rendered 267/7845, time remaining: 8m 21s
Rendered 268/7845, time remaining: 8m 21s
Rendered 269/7845, time remaining: 8m 21s
Rendered 270/7845, time remaining: 8m 21s
Rendered 271/7845, time remaining: 8m 21s
Rendered 272/7845, time remaining: 8m 21s
Rendered 273/7845, time remaining: 8m 21s
Rendered 274/7845, time remaining: 8m 21s
Rendered 275/7845, time remaining: 8m 21s
Rendered 276/7845, time remaining: 8m 21s
Rendered 277/7845, time remaining: 8m 21s
Rendered 278/7845, time remaining: 8m 21s
Rendered 279/7845, time remaining: 8m 20s
Rendered 280/7845, time remaining: 8m 21s
Rendered 281/7845, time remaining: 8m 21s
Rendered 282/7845, time remaining: 8m 21s
Rendered 283/7845, time remaining: 8m 20s
Rendered 284/7845, time remaining: 8m 20s
Rendered 285/7845, time remaining: 8m 20s
Rendered 286/7845, time remaining: 8m 20s
Rendered 287/7845, time remaining: 8m 20s
Rendered 288/7845, time remaining: 8m 20s
Rendered 289/7845, time remaining: 8m 20s
Rendered 290/7845, time remaining: 8m 20s
Rendered 291/7845, time remaining: 8m 20s
Rendered 292/7845, time remaining: 8m 20s
Rendered 293/7845, time remaining: 8m 20s
Rendered 294/7845, time remaining: 8m 20s
Rendered 295/7845, time remaining: 8m 20s
Rendered 296/7845, time remaining: 8m 20s
Rendered 297/7845, time remaining: 8m 20s
Rendered 298/7845, time remaining: 8m 20s
Rendered 299/7845, time remaining: 8m 20s
Rendered 300/7845, time remaining: 8m 20s
Rendered 301/7845, time remaining: 8m 19s
Rendered 302/7845, time remaining: 8m 19s
Rendered 303/7845, time remaining: 8m 19s
Rendered 304/7845, time remaining: 8m 19s
Rendered 305/7845, time remaining: 8m 19s
Rendered 306/7845, time remaining: 8m 19s
Rendered 307/7845, time remaining: 8m 19s
Rendered 308/7845, time remaining: 8m 19s
Rendered 309/7845, time remaining: 8m 19s
Rendered 310/7845, time remaining: 8m 19s
Rendered 311/7845, time remaining: 8m 19s
Rendered 312/7845, time remaining: 8m 19s
Rendered 313/7845, time remaining: 8m 18s
Rendered 314/7845, time remaining: 8m 18s
Rendered 315/7845, time remaining: 8m 19s
Rendered 316/7845, time remaining: 8m 18s
Rendered 317/7845, time remaining: 8m 19s
Rendered 318/7845, time remaining: 8m 19s
Rendered 319/7845, time remaining: 8m 18s
Rendered 320/7845, time remaining: 8m 18s
Rendered 321/7845, time remaining: 8m 18s
Rendered 322/7845, time remaining: 8m 18s
Rendered 323/7845, time remaining: 8m 18s
Rendered 324/7845, time remaining: 8m 18s
Rendered 325/7845, time remaining: 8m 18s
Rendered 326/7845, time remaining: 8m 18s
Rendered 327/7845, time remaining: 8m 18s
Rendered 328/7845, time remaining: 8m 18s
Rendered 329/7845, time remaining: 8m 18s
Rendered 330/7845, time remaining: 8m 18s
Rendered 331/7845, time remaining: 8m 17s
Rendered 332/7845, time remaining: 8m 17s
Rendered 333/7845, time remaining: 8m 17s
Rendered 334/7845, time remaining: 8m 17s
Rendered 335/7845, time remaining: 8m 17s
Rendered 336/7845, time remaining: 8m 17s
Rendered 337/7845, time remaining: 8m 17s
Rendered 338/7845, time remaining: 8m 17s
Rendered 339/7845, time remaining: 8m 17s
Rendered 340/7845, time remaining: 8m 17s
Rendered 341/7845, time remaining: 8m 17s
Rendered 342/7845, time remaining: 8m 17s
Rendered 343/7845, time remaining: 8m 17s
Rendered 344/7845, time remaining: 8m 17s
Rendered 345/7845, time remaining: 8m 16s
Rendered 346/7845, time remaining: 8m 17s
Rendered 347/7845, time remaining: 8m 17s
Rendered 348/7845, time remaining: 8m 17s
Rendered 349/7845, time remaining: 8m 17s
Rendered 350/7845, time remaining: 8m 16s
Rendered 351/7845, time remaining: 8m 16s
Rendered 352/7845, time remaining: 8m 17s
Rendered 353/7845, time remaining: 8m 17s
Rendered 354/7845, time remaining: 8m 17s
Rendered 355/7845, time remaining: 8m 16s
Rendered 356/7845, time remaining: 8m 16s
Rendered 357/7845, time remaining: 8m 16s
Rendered 358/7845, time remaining: 8m 16s
Rendered 359/7845, time remaining: 8m 16s
Rendered 360/7845, time remaining: 8m 16s
Rendered 361/7845, time remaining: 8m 16s
Rendered 362/7845, time remaining: 8m 16s
Rendered 363/7845, time remaining: 8m 15s
Rendered 364/7845, time remaining: 8m 15s
Rendered 365/7845, time remaining: 8m 16s
Rendered 366/7845, time remaining: 8m 16s
Rendered 367/7845, time remaining: 8m 15s
Rendered 368/7845, time remaining: 8m 15s
Rendered 369/7845, time remaining: 8m 15s
Rendered 370/7845, time remaining: 8m 15s
Rendered 371/7845, time remaining: 8m 15s
Rendered 372/7845, time remaining: 8m 15s
Rendered 373/7845, time remaining: 8m 15s
Rendered 374/7845, time remaining: 8m 15s
Rendered 375/7845, time remaining: 8m 15s
Rendered 376/7845, time remaining: 8m 15s
Rendered 377/7845, time remaining: 8m 15s
Rendered 378/7845, time remaining: 8m 15s
Rendered 379/7845, time remaining: 8m 15s
Rendered 380/7845, time remaining: 8m 15s
Rendered 381/7845, time remaining: 8m 15s
Rendered 382/7845, time remaining: 8m 15s
Rendered 383/7845, time remaining: 8m 15s
Rendered 384/7845, time remaining: 8m 15s
Rendered 385/7845, time remaining: 8m 14s
Rendered 386/7845, time remaining: 8m 14s
Rendered 387/7845, time remaining: 8m 14s
Rendered 388/7845, time remaining: 8m 14s
Rendered 389/7845, time remaining: 8m 14s
Rendered 390/7845, time remaining: 8m 14s
Rendered 391/7845, time remaining: 8m 14s
Rendered 392/7845, time remaining: 8m 14s
Rendered 393/7845, time remaining: 8m 14s
Rendered 394/7845, time remaining: 8m 14s
Rendered 395/7845, time remaining: 8m 14s
Rendered 396/7845, time remaining: 8m 14s
Rendered 397/7845, time remaining: 8m 14s
Rendered 398/7845, time remaining: 8m 14s
Rendered 399/7845, time remaining: 8m 14s
Rendered 400/7845, time remaining: 8m 13s
Rendered 401/7845, time remaining: 8m 14s
Rendered 402/7845, time remaining: 8m 14s
Rendered 403/7845, time remaining: 8m 13s
Rendered 404/7845, time remaining: 8m 13s
Rendered 405/7845, time remaining: 8m 13s
Rendered 406/7845, time remaining: 8m 13s
Rendered 407/7845, time remaining: 8m 13s
Rendered 408/7845, time remaining: 8m 13s
Rendered 409/7845, time remaining: 8m 13s
Rendered 410/7845, time remaining: 8m 13s
Rendered 411/7845, time remaining: 8m 13s
Rendered 412/7845, time remaining: 8m 13s
Rendered 413/7845, time remaining: 8m 13s
Rendered 414/7845, time remaining: 8m 13s
Rendered 415/7845, time remaining: 8m 12s
Rendered 416/7845, time remaining: 8m 12s
Rendered 417/7845, time remaining: 8m 13s
Rendered 418/7845, time remaining: 8m 12s
Rendered 419/7845, time remaining: 8m 12s
Rendered 420/7845, time remaining: 8m 12s
Rendered 421/7845, time remaining: 8m 12s
Rendered 422/7845, time remaining: 8m 12s
Rendered 423/7845, time remaining: 8m 12s
Rendered 424/7845, time remaining: 8m 12s
Rendered 425/7845, time remaining: 8m 12s
Rendered 426/7845, time remaining: 8m 12s
Rendered 427/7845, time remaining: 8m 12s
Rendered 428/7845, time remaining: 8m 12s
Rendered 429/7845, time remaining: 8m 12s
Rendered 430/7845, time remaining: 8m 12s
Rendered 431/7845, time remaining: 8m 12s
Rendered 432/7845, time remaining: 8m 12s
Rendered 433/7845, time remaining: 8m 11s
Rendered 434/7845, time remaining: 8m 11s
Rendered 435/7845, time remaining: 8m 11s
Rendered 436/7845, time remaining: 8m 11s
Rendered 437/7845, time remaining: 8m 11s
Rendered 438/7845, time remaining: 8m 11s
Rendered 439/7845, time remaining: 8m 11s
Rendered 440/7845, time remaining: 8m 11s
Rendered 441/7845, time remaining: 8m 11s
Rendered 442/7845, time remaining: 8m 11s
Rendered 443/7845, time remaining: 8m 11s
Rendered 444/7845, time remaining: 8m 11s
Rendered 445/7845, time remaining: 8m 11s
Rendered 446/7845, time remaining: 8m 10s
Rendered 447/7845, time remaining: 8m 10s
Rendered 448/7845, time remaining: 8m 10s
Rendered 449/7845, time remaining: 8m 10s
Rendered 450/7845, time remaining: 8m 10s
Rendered 451/7845, time remaining: 8m 10s
Rendered 452/7845, time remaining: 8m 10s
Rendered 453/7845, time remaining: 8m 10s
Rendered 454/7845, time remaining: 8m 10s
Rendered 455/7845, time remaining: 8m 10s
Rendered 456/7845, time remaining: 8m 10s
Rendered 457/7845, time remaining: 8m 10s
Rendered 458/7845, time remaining: 8m 10s
Rendered 459/7845, time remaining: 8m 10s
Rendered 460/7845, time remaining: 8m 10s
Rendered 461/7845, time remaining: 8m 10s
Rendered 462/7845, time remaining: 8m 10s
Rendered 463/7845, time remaining: 8m 10s
Rendered 464/7845, time remaining: 8m 9s
Rendered 465/7845, time remaining: 8m 9s
Rendered 466/7845, time remaining: 8m 9s
Rendered 467/7845, time remaining: 8m 9s
Rendered 468/7845, time remaining: 8m 9s
Rendered 469/7845, time remaining: 8m 9s
Rendered 470/7845, time remaining: 8m 9s
Rendered 471/7845, time remaining: 8m 9s
Rendered 472/7845, time remaining: 8m 9s
Rendered 473/7845, time remaining: 8m 9s
Rendered 474/7845, time remaining: 8m 9s
Rendered 475/7845, time remaining: 8m 9s
Rendered 476/7845, time remaining: 8m 8s
Rendered 477/7845, time remaining: 8m 9s
Rendered 478/7845, time remaining: 8m 8s
Rendered 479/7845, time remaining: 8m 9s
Rendered 480/7845, time remaining: 8m 9s
Rendered 481/7845, time remaining: 8m 8s
Rendered 482/7845, time remaining: 8m 8s
Rendered 483/7845, time remaining: 8m 8s
Rendered 484/7845, time remaining: 8m 8s
Rendered 485/7845, time remaining: 8m 8s
Rendered 486/7845, time remaining: 8m 8s
Rendered 487/7845, time remaining: 8m 8s
Rendered 488/7845, time remaining: 8m 8s
Rendered 489/7845, time remaining: 8m 8s
Rendered 490/7845, time remaining: 8m 8s
Rendered 491/7845, time remaining: 8m 8s
Rendered 492/7845, time remaining: 8m 8s
Rendered 493/7845, time remaining: 8m 8s
Rendered 494/7845, time remaining: 8m 8s
Rendered 495/7845, time remaining: 8m 7s
Rendered 496/7845, time remaining: 8m 7s
Rendered 497/7845, time remaining: 8m 7s
Rendered 498/7845, time remaining: 8m 7s
Rendered 499/7845, time remaining: 8m 7s
Rendered 500/7845, time remaining: 8m 7s
Rendered 501/7845, time remaining: 8m 7s
Rendered 502/7845, time remaining: 8m 7s
Rendered 503/7845, time remaining: 8m 7s
Rendered 504/7845, time remaining: 8m 7s
Rendered 505/7845, time remaining: 8m 7s
Rendered 506/7845, time remaining: 8m 7s
Rendered 507/7845, time remaining: 8m 7s
Rendered 508/7845, time remaining: 8m 7s
Rendered 509/7845, time remaining: 8m 7s
Rendered 510/7845, time remaining: 8m 7s
Rendered 511/7845, time remaining: 8m 7s
Rendered 512/7845, time remaining: 8m 7s
Rendered 513/7845, time remaining: 8m 6s
Rendered 514/7845, time remaining: 8m 6s
Rendered 515/7845, time remaining: 8m 6s
Rendered 516/7845, time remaining: 8m 6s
Rendered 517/7845, time remaining: 8m 6s
Rendered 518/7845, time remaining: 8m 6s
Rendered 519/7845, time remaining: 8m 6s
Rendered 520/7845, time remaining: 8m 6s
Rendered 521/7845, time remaining: 8m 6s
Rendered 522/7845, time remaining: 8m 6s
Rendered 523/7845, time remaining: 8m 6s
Rendered 524/7845, time remaining: 8m 6s
Rendered 525/7845, time remaining: 8m 5s
Rendered 526/7845, time remaining: 8m 5s
Rendered 527/7845, time remaining: 8m 5s
Rendered 528/7845, time remaining: 8m 5s
Rendered 529/7845, time remaining: 8m 5s
Rendered 530/7845, time remaining: 8m 5s
Rendered 531/7845, time remaining: 8m 5s
Rendered 532/7845, time remaining: 8m 5s
Rendered 533/7845, time remaining: 8m 5s
Rendered 534/7845, time remaining: 8m 5s
Rendered 535/7845, time remaining: 8m 5s
Rendered 536/7845, time remaining: 8m 5s
Rendered 537/7845, time remaining: 8m 5s
Rendered 538/7845, time remaining: 8m 5s
Rendered 539/7845, time remaining: 8m 5s
Rendered 540/7845, time remaining: 8m 5s
Rendered 541/7845, time remaining: 8m 5s
Rendered 542/7845, time remaining: 8m 5s
Rendered 543/7845, time remaining: 8m 4s
Rendered 544/7845, time remaining: 8m 4s
Rendered 545/7845, time remaining: 8m 4s
Rendered 546/7845, time remaining: 8m 4s
Rendered 547/7845, time remaining: 8m 4s
Rendered 548/7845, time remaining: 8m 4s
Rendered 549/7845, time remaining: 8m 4s
Rendered 550/7845, time remaining: 8m 4s
Rendered 551/7845, time remaining: 8m 4s
Rendered 552/7845, time remaining: 8m 4s
Rendered 553/7845, time remaining: 8m 4s
Rendered 554/7845, time remaining: 8m 3s
Rendered 555/7845, time remaining: 8m 4s
Rendered 556/7845, time remaining: 8m 4s
Rendered 557/7845, time remaining: 8m 4s
Rendered 558/7845, time remaining: 8m 3s
Rendered 559/7845, time remaining: 8m 3s
Rendered 560/7845, time remaining: 8m 3s
Rendered 561/7845, time remaining: 8m 3s
Rendered 562/7845, time remaining: 8m 3s
Rendered 563/7845, time remaining: 8m 3s
Rendered 564/7845, time remaining: 8m 3s
Rendered 565/7845, time remaining: 8m 3s
Rendered 566/7845, time remaining: 8m 3s
Rendered 567/7845, time remaining: 8m 3s
Rendered 568/7845, time remaining: 8m 3s
Rendered 569/7845, time remaining: 8m 3s
Rendered 570/7845, time remaining: 8m 3s
Rendered 571/7845, time remaining: 8m 3s
Rendered 572/7845, time remaining: 8m 2s
Rendered 573/7845, time remaining: 8m 2s
Rendered 574/7845, time remaining: 8m 2s
Rendered 575/7845, time remaining: 8m 2s
Rendered 576/7845, time remaining: 8m 2s
Rendered 577/7845, time remaining: 8m 2s
Rendered 578/7845, time remaining: 8m 2s
Rendered 579/7845, time remaining: 8m 2s
Rendered 580/7845, time remaining: 8m 2s
Rendered 581/7845, time remaining: 8m 2s
Rendered 582/7845, time remaining: 8m 2s
Rendered 583/7845, time remaining: 8m 2s
Rendered 584/7845, time remaining: 8m 2s
Rendered 585/7845, time remaining: 8m 2s
Rendered 586/7845, time remaining: 8m 2s
Rendered 587/7845, time remaining: 8m 2s
Rendered 588/7845, time remaining: 8m 2s
Rendered 589/7845, time remaining: 8m 1s
Rendered 590/7845, time remaining: 8m 1s
Rendered 591/7845, time remaining: 8m 1s
Rendered 592/7845, time remaining: 8m 1s
Rendered 593/7845, time remaining: 8m 1s
Rendered 594/7845, time remaining: 8m 1s
Rendered 595/7845, time remaining: 8m 1s
Rendered 596/7845, time remaining: 8m 1s
Rendered 597/7845, time remaining: 8m 1s
Rendered 598/7845, time remaining: 8m 1s
Rendered 599/7845, time remaining: 8m 1s
Rendered 600/7845, time remaining: 8m 1s
Rendered 601/7845, time remaining: 8m 1s
Rendered 602/7845, time remaining: 8m 1s
Rendered 603/7845, time remaining: 8m 1s
Rendered 604/7845, time remaining: 8m 1s
Rendered 605/7845, time remaining: 8m 0s
Rendered 606/7845, time remaining: 8m 0s
Rendered 607/7845, time remaining: 8m 0s
Rendered 608/7845, time remaining: 8m 0s
Rendered 609/7845, time remaining: 8m 0s
Rendered 610/7845, time remaining: 8m 0s
Rendered 611/7845, time remaining: 8m 0s
Rendered 612/7845, time remaining: 8m 0s
Rendered 613/7845, time remaining: 8m 0s
Rendered 614/7845, time remaining: 8m 0s
Rendered 615/7845, time remaining: 8m 0s
Rendered 616/7845, time remaining: 8m 0s
Rendered 617/7845, time remaining: 8m 0s
Rendered 618/7845, time remaining: 8m 0s
Rendered 619/7845, time remaining: 8m 0s
Rendered 620/7845, time remaining: 8m 0s
Rendered 621/7845, time remaining: 7m 59s
Rendered 622/7845, time remaining: 7m 59s
Rendered 623/7845, time remaining: 7m 59s
Rendered 624/7845, time remaining: 7m 59s
Rendered 625/7845, time remaining: 7m 59s
Rendered 626/7845, time remaining: 7m 59s
Rendered 627/7845, time remaining: 7m 59s
Rendered 628/7845, time remaining: 7m 59s
Rendered 629/7845, time remaining: 7m 59s
Rendered 630/7845, time remaining: 7m 59s
Rendered 631/7845, time remaining: 7m 59s
Rendered 632/7845, time remaining: 7m 59s
Rendered 633/7845, time remaining: 7m 58s
Rendered 634/7845, time remaining: 7m 59s
Rendered 635/7845, time remaining: 7m 59s
Rendered 636/7845, time remaining: 7m 59s
Rendered 637/7845, time remaining: 7m 58s
Rendered 638/7845, time remaining: 7m 58s
Rendered 639/7845, time remaining: 7m 58s
Rendered 640/7845, time remaining: 7m 58s
Rendered 641/7845, time remaining: 7m 58s
Rendered 642/7845, time remaining: 7m 58s
Rendered 643/7845, time remaining: 7m 58s
Rendered 644/7845, time remaining: 7m 58s
Rendered 645/7845, time remaining: 7m 58s
Rendered 646/7845, time remaining: 7m 58s
Rendered 647/7845, time remaining: 7m 58s
Rendered 648/7845, time remaining: 7m 58s
Rendered 649/7845, time remaining: 7m 58s
Rendered 650/7845, time remaining: 7m 58s
Rendered 651/7845, time remaining: 7m 58s
Rendered 652/7845, time remaining: 7m 58s
Rendered 653/7845, time remaining: 7m 57s
Rendered 654/7845, time remaining: 7m 57s
Rendered 655/7845, time remaining: 7m 57s
Rendered 656/7845, time remaining: 7m 57s
Rendered 657/7845, time remaining: 7m 57s
Rendered 658/7845, time remaining: 7m 57s
Rendered 659/7845, time remaining: 7m 57s
Rendered 660/7845, time remaining: 7m 57s
Rendered 661/7845, time remaining: 7m 57s
Rendered 662/7845, time remaining: 7m 57s
Rendered 663/7845, time remaining: 7m 57s
Rendered 664/7845, time remaining: 7m 57s
Rendered 665/7845, time remaining: 7m 57s
Rendered 666/7845, time remaining: 7m 57s
Rendered 667/7845, time remaining: 7m 57s
Rendered 668/7845, time remaining: 7m 56s
Rendered 669/7845, time remaining: 7m 56s
Rendered 670/7845, time remaining: 7m 56s
Rendered 671/7845, time remaining: 7m 56s
Rendered 672/7845, time remaining: 7m 56s
Rendered 673/7845, time remaining: 7m 56s
Rendered 674/7845, time remaining: 7m 56s
Rendered 675/7845, time remaining: 7m 56s
Rendered 676/7845, time remaining: 7m 56s
Rendered 677/7845, time remaining: 7m 56s
Rendered 678/7845, time remaining: 7m 56s
Rendered 679/7845, time remaining: 7m 56s
Rendered 680/7845, time remaining: 7m 56s
Rendered 681/7845, time remaining: 7m 55s
Rendered 682/7845, time remaining: 7m 56s
Rendered 683/7845, time remaining: 7m 56s
Rendered 684/7845, time remaining: 7m 55s
Rendered 685/7845, time remaining: 7m 55s
Rendered 686/7845, time remaining: 7m 55s
Rendered 687/7845, time remaining: 7m 55s
Rendered 688/7845, time remaining: 7m 55s
Rendered 689/7845, time remaining: 7m 55s
Rendered 690/7845, time remaining: 7m 55s
Rendered 691/7845, time remaining: 7m 55s
Rendered 692/7845, time remaining: 7m 55s
Rendered 693/7845, time remaining: 7m 55s
Rendered 694/7845, time remaining: 7m 55s
Rendered 695/7845, time remaining: 7m 55s
Rendered 696/7845, time remaining: 7m 55s
Rendered 697/7845, time remaining: 7m 55s
Rendered 698/7845, time remaining: 7m 54s
Rendered 699/7845, time remaining: 7m 54s
Rendered 700/7845, time remaining: 7m 54s
Rendered 701/7845, time remaining: 7m 54s
Rendered 702/7845, time remaining: 7m 54s
Rendered 703/7845, time remaining: 7m 54s
Rendered 704/7845, time remaining: 7m 54s
Rendered 705/7845, time remaining: 7m 54s
Rendered 706/7845, time remaining: 7m 54s
Rendered 707/7845, time remaining: 7m 54s
Rendered 708/7845, time remaining: 7m 54s
Rendered 709/7845, time remaining: 7m 54s
Rendered 710/7845, time remaining: 7m 54s
Rendered 711/7845, time remaining: 7m 54s
Rendered 712/7845, time remaining: 7m 54s
Rendered 713/7845, time remaining: 7m 54s
Rendered 714/7845, time remaining: 7m 54s
Rendered 715/7845, time remaining: 7m 53s
Rendered 716/7845, time remaining: 7m 53s
Rendered 717/7845, time remaining: 7m 53s
Rendered 718/7845, time remaining: 7m 53s
Rendered 719/7845, time remaining: 7m 53s
Rendered 720/7845, time remaining: 7m 53s
Rendered 721/7845, time remaining: 7m 53s
Rendered 722/7845, time remaining: 7m 53s
Rendered 723/7845, time remaining: 7m 53s
Rendered 724/7845, time remaining: 7m 53s
Rendered 725/7845, time remaining: 7m 53s
Rendered 726/7845, time remaining: 7m 53s
Rendered 727/7845, time remaining: 7m 53s
Rendered 728/7845, time remaining: 7m 52s
Rendered 729/7845, time remaining: 7m 52s
Rendered 730/7845, time remaining: 7m 52s
Rendered 731/7845, time remaining: 7m 52s
Rendered 732/7845, time remaining: 7m 52s
Rendered 733/7845, time remaining: 7m 52s
Rendered 734/7845, time remaining: 7m 52s
Rendered 735/7845, time remaining: 7m 52s
Rendered 736/7845, time remaining: 7m 52s
Rendered 737/7845, time remaining: 7m 52s
Rendered 738/7845, time remaining: 7m 52s
Rendered 739/7845, time remaining: 7m 52s
Rendered 740/7845, time remaining: 7m 52s
Rendered 741/7845, time remaining: 7m 51s
Rendered 742/7845, time remaining: 7m 52s
Rendered 743/7845, time remaining: 7m 52s
Rendered 744/7845, time remaining: 7m 52s
Rendered 745/7845, time remaining: 7m 51s
Rendered 746/7845, time remaining: 7m 51s
Rendered 747/7845, time remaining: 7m 51s
Rendered 748/7845, time remaining: 7m 51s
Rendered 749/7845, time remaining: 7m 51s
Rendered 750/7845, time remaining: 7m 51s
Rendered 751/7845, time remaining: 7m 51s
Rendered 752/7845, time remaining: 7m 51s
Rendered 753/7845, time remaining: 7m 51s
Rendered 754/7845, time remaining: 7m 51s
Rendered 755/7845, time remaining: 7m 51s
Rendered 756/7845, time remaining: 7m 51s
Rendered 757/7845, time remaining: 7m 51s
Rendered 758/7845, time remaining: 7m 51s
Rendered 759/7845, time remaining: 7m 50s
Rendered 760/7845, time remaining: 7m 50s
Rendered 761/7845, time remaining: 7m 50s
Rendered 762/7845, time remaining: 7m 50s
Rendered 763/7845, time remaining: 7m 50s
Rendered 764/7845, time remaining: 7m 50s
Rendered 765/7845, time remaining: 7m 50s
Rendered 766/7845, time remaining: 7m 50s
Rendered 767/7845, time remaining: 7m 50s
Rendered 768/7845, time remaining: 7m 50s
Rendered 769/7845, time remaining: 7m 50s
Rendered 770/7845, time remaining: 7m 50s
Rendered 771/7845, time remaining: 7m 50s
Rendered 772/7845, time remaining: 7m 49s
Rendered 773/7845, time remaining: 7m 50s
Rendered 774/7845, time remaining: 7m 50s
Rendered 775/7845, time remaining: 7m 49s
Rendered 776/7845, time remaining: 7m 49s
Rendered 777/7845, time remaining: 7m 49s
Rendered 778/7845, time remaining: 7m 49s
Rendered 779/7845, time remaining: 7m 49s
Rendered 780/7845, time remaining: 7m 49s
Rendered 781/7845, time remaining: 7m 49s
Rendered 782/7845, time remaining: 7m 49s
Rendered 783/7845, time remaining: 7m 49s
Rendered 784/7845, time remaining: 7m 49s
Rendered 785/7845, time remaining: 7m 49s
Rendered 786/7845, time remaining: 7m 49s
Rendered 787/7845, time remaining: 7m 49s
Rendered 788/7845, time remaining: 7m 49s
Rendered 789/7845, time remaining: 7m 49s
Rendered 790/7845, time remaining: 7m 48s
Rendered 791/7845, time remaining: 7m 48s
Rendered 792/7845, time remaining: 7m 48s
Rendered 793/7845, time remaining: 7m 48s
Rendered 794/7845, time remaining: 7m 48s
Rendered 795/7845, time remaining: 7m 48s
Rendered 796/7845, time remaining: 7m 48s
Rendered 797/7845, time remaining: 7m 48s
Rendered 798/7845, time remaining: 7m 48s
Rendered 799/7845, time remaining: 7m 48s
Rendered 800/7845, time remaining: 7m 48s
Rendered 801/7845, time remaining: 7m 48s
Rendered 802/7845, time remaining: 7m 48s
Rendered 803/7845, time remaining: 7m 48s
Rendered 804/7845, time remaining: 7m 48s
Rendered 805/7845, time remaining: 7m 47s
Rendered 806/7845, time remaining: 7m 47s
Rendered 807/7845, time remaining: 7m 47s
Rendered 808/7845, time remaining: 7m 47s
Rendered 809/7845, time remaining: 7m 47s
Rendered 810/7845, time remaining: 7m 47s
Rendered 811/7845, time remaining: 7m 47s
Rendered 812/7845, time remaining: 7m 47s
Rendered 813/7845, time remaining: 7m 47s
Rendered 814/7845, time remaining: 7m 47s
Rendered 815/7845, time remaining: 7m 47s
Rendered 816/7845, time remaining: 7m 47s
Rendered 817/7845, time remaining: 7m 47s
Rendered 818/7845, time remaining: 7m 47s
Rendered 819/7845, time remaining: 7m 47s
Rendered 820/7845, time remaining: 7m 47s
Rendered 821/7845, time remaining: 7m 46s
Rendered 822/7845, time remaining: 7m 46s
Rendered 823/7845, time remaining: 7m 46s
Rendered 824/7845, time remaining: 7m 46s
Rendered 825/7845, time remaining: 7m 46s
Rendered 826/7845, time remaining: 7m 46s
Rendered 827/7845, time remaining: 7m 46s
Rendered 828/7845, time remaining: 7m 46s
Rendered 829/7845, time remaining: 7m 46s
Rendered 830/7845, time remaining: 7m 46s
Rendered 831/7845, time remaining: 7m 46s
Rendered 832/7845, time remaining: 7m 46s
Rendered 833/7845, time remaining: 7m 46s
Rendered 834/7845, time remaining: 7m 46s
Rendered 835/7845, time remaining: 7m 45s
Rendered 836/7845, time remaining: 7m 45s
Rendered 837/7845, time remaining: 7m 45s
Rendered 838/7845, time remaining: 7m 45s
Rendered 839/7845, time remaining: 7m 45s
Rendered 840/7845, time remaining: 7m 45s
Rendered 841/7845, time remaining: 7m 45s
Rendered 842/7845, time remaining: 7m 45s
Rendered 843/7845, time remaining: 7m 45s
Rendered 844/7845, time remaining: 7m 45s
Rendered 845/7845, time remaining: 7m 45s
Rendered 846/7845, time remaining: 7m 45s
Rendered 847/7845, time remaining: 7m 45s
Rendered 848/7845, time remaining: 7m 45s
Rendered 849/7845, time remaining: 7m 45s
Rendered 850/7845, time remaining: 7m 45s
Rendered 851/7845, time remaining: 7m 44s
Rendered 852/7845, time remaining: 7m 44s
Rendered 853/7845, time remaining: 7m 44s
Rendered 854/7845, time remaining: 7m 44s
Rendered 855/7845, time remaining: 7m 44s
Rendered 856/7845, time remaining: 7m 44s
Rendered 857/7845, time remaining: 7m 44s
Rendered 858/7845, time remaining: 7m 44s
Rendered 859/7845, time remaining: 7m 44s
Rendered 860/7845, time remaining: 7m 44s
Rendered 861/7845, time remaining: 7m 44s
Rendered 862/7845, time remaining: 7m 44s
Rendered 863/7845, time remaining: 7m 44s
Rendered 864/7845, time remaining: 7m 44s
Rendered 865/7845, time remaining: 7m 44s
Rendered 866/7845, time remaining: 7m 43s
Rendered 867/7845, time remaining: 7m 43s
Rendered 868/7845, time remaining: 7m 43s
Rendered 869/7845, time remaining: 7m 43s
Rendered 870/7845, time remaining: 7m 43s
Rendered 871/7845, time remaining: 7m 43s
Rendered 872/7845, time remaining: 7m 43s
Rendered 873/7845, time remaining: 7m 43s
Rendered 874/7845, time remaining: 7m 43s
Rendered 875/7845, time remaining: 7m 43s
Rendered 876/7845, time remaining: 7m 43s
Rendered 877/7845, time remaining: 7m 43s
Rendered 878/7845, time remaining: 7m 43s
Rendered 879/7845, time remaining: 7m 43s
Rendered 880/7845, time remaining: 7m 43s
Rendered 881/7845, time remaining: 7m 43s
Rendered 882/7845, time remaining: 7m 42s
Rendered 883/7845, time remaining: 7m 42s
Rendered 884/7845, time remaining: 7m 42s
Rendered 885/7845, time remaining: 7m 42s
Rendered 886/7845, time remaining: 7m 42s
Rendered 887/7845, time remaining: 7m 42s
Rendered 888/7845, time remaining: 7m 42s
Rendered 889/7845, time remaining: 7m 42s
Rendered 890/7845, time remaining: 7m 42s
Rendered 891/7845, time remaining: 7m 42s
Rendered 892/7845, time remaining: 7m 42s
Rendered 893/7845, time remaining: 7m 42s
Rendered 894/7845, time remaining: 7m 42s
Rendered 895/7845, time remaining: 7m 42s
Rendered 896/7845, time remaining: 7m 42s
Rendered 897/7845, time remaining: 7m 41s
Rendered 898/7845, time remaining: 7m 41s
Rendered 899/7845, time remaining: 7m 41s
Rendered 900/7845, time remaining: 7m 41s
Rendered 901/7845, time remaining: 7m 41s
Rendered 902/7845, time remaining: 7m 41s
Rendered 903/7845, time remaining: 7m 41s
Rendered 904/7845, time remaining: 7m 41s
Rendered 905/7845, time remaining: 7m 41s
Rendered 906/7845, time remaining: 7m 41s
Rendered 907/7845, time remaining: 7m 41s
Rendered 908/7845, time remaining: 7m 41s
Rendered 909/7845, time remaining: 7m 41s
Rendered 910/7845, time remaining: 7m 41s
Rendered 911/7845, time remaining: 7m 41s
Rendered 912/7845, time remaining: 7m 41s
Rendered 913/7845, time remaining: 7m 40s
Rendered 914/7845, time remaining: 7m 40s
Rendered 915/7845, time remaining: 7m 40s
Rendered 916/7845, time remaining: 7m 40s
Rendered 917/7845, time remaining: 7m 40s
Rendered 918/7845, time remaining: 7m 40s
Rendered 919/7845, time remaining: 7m 40s
Rendered 920/7845, time remaining: 7m 40s
Rendered 921/7845, time remaining: 7m 40s
Rendered 922/7845, time remaining: 7m 40s
Rendered 923/7845, time remaining: 7m 40s
Rendered 924/7845, time remaining: 7m 40s
Rendered 925/7845, time remaining: 7m 40s
Rendered 926/7845, time remaining: 7m 39s
Rendered 927/7845, time remaining: 7m 39s
Rendered 928/7845, time remaining: 7m 39s
Rendered 929/7845, time remaining: 7m 39s
Rendered 930/7845, time remaining: 7m 39s
Rendered 931/7845, time remaining: 7m 39s
Rendered 932/7845, time remaining: 7m 39s
Rendered 933/7845, time remaining: 7m 39s
Rendered 934/7845, time remaining: 7m 39s
Rendered 935/7845, time remaining: 7m 39s
Rendered 936/7845, time remaining: 7m 39s
Rendered 937/7845, time remaining: 7m 39s
Rendered 938/7845, time remaining: 7m 39s
Rendered 939/7845, time remaining: 7m 39s
Rendered 940/7845, time remaining: 7m 39s
Rendered 941/7845, time remaining: 7m 39s
Rendered 942/7845, time remaining: 7m 39s
Rendered 943/7845, time remaining: 7m 38s
Rendered 944/7845, time remaining: 7m 38s
Rendered 945/7845, time remaining: 7m 38s
Rendered 946/7845, time remaining: 7m 38s
Rendered 947/7845, time remaining: 7m 38s
Rendered 948/7845, time remaining: 7m 38s
Rendered 949/7845, time remaining: 7m 38s
Rendered 950/7845, time remaining: 7m 38s
Rendered 951/7845, time remaining: 7m 38s
Rendered 952/7845, time remaining: 7m 38s
Rendered 953/7845, time remaining: 7m 38s
Rendered 954/7845, time remaining: 7m 38s
Rendered 955/7845, time remaining: 7m 38s
Rendered 956/7845, time remaining: 7m 38s
Rendered 957/7845, time remaining: 7m 38s
Rendered 958/7845, time remaining: 7m 37s
Rendered 959/7845, time remaining: 7m 37s
Rendered 960/7845, time remaining: 7m 37s
Rendered 961/7845, time remaining: 7m 37s
Rendered 962/7845, time remaining: 7m 37s
Rendered 963/7845, time remaining: 7m 37s
Rendered 964/7845, time remaining: 7m 37s
Rendered 965/7845, time remaining: 7m 37s
Rendered 966/7845, time remaining: 7m 37s
Rendered 967/7845, time remaining: 7m 37s
Rendered 968/7845, time remaining: 7m 37s
Rendered 969/7845, time remaining: 7m 37s
Rendered 970/7845, time remaining: 7m 37s
Rendered 971/7845, time remaining: 7m 37s
Rendered 972/7845, time remaining: 7m 37s
Rendered 973/7845, time remaining: 7m 36s
Rendered 974/7845, time remaining: 7m 36s
Rendered 975/7845, time remaining: 7m 36s
Rendered 976/7845, time remaining: 7m 36s
Rendered 977/7845, time remaining: 7m 36s
Rendered 978/7845, time remaining: 7m 36s
Rendered 979/7845, time remaining: 7m 36s
Rendered 980/7845, time remaining: 7m 36s
Rendered 981/7845, time remaining: 7m 36s
Rendered 982/7845, time remaining: 7m 36s
Rendered 983/7845, time remaining: 7m 36s
Rendered 984/7845, time remaining: 7m 36s
Rendered 985/7845, time remaining: 7m 36s
Rendered 986/7845, time remaining: 7m 35s
Rendered 987/7845, time remaining: 7m 35s
Rendered 988/7845, time remaining: 7m 35s
Rendered 989/7845, time remaining: 7m 35s
Rendered 990/7845, time remaining: 7m 35s
Rendered 991/7845, time remaining: 7m 35s
Rendered 992/7845, time remaining: 7m 35s
Rendered 993/7845, time remaining: 7m 35s
Rendered 994/7845, time remaining: 7m 35s
Rendered 995/7845, time remaining: 7m 35s
Rendered 996/7845, time remaining: 7m 35s
Rendered 997/7845, time remaining: 7m 35s
Rendered 998/7845, time remaining: 7m 35s
Rendered 999/7845, time remaining: 7m 35s
Rendered 1000/7845, time remaining: 7m 35s
Rendered 1001/7845, time remaining: 7m 35s
Rendered 1002/7845, time remaining: 7m 35s
Rendered 1003/7845, time remaining: 7m 34s
Rendered 1004/7845, time remaining: 7m 34s
Rendered 1005/7845, time remaining: 7m 34s
Rendered 1006/7845, time remaining: 7m 34s
Rendered 1007/7845, time remaining: 7m 34s
Rendered 1008/7845, time remaining: 7m 34s
Rendered 1009/7845, time remaining: 7m 34s
Rendered 1010/7845, time remaining: 7m 34s
Rendered 1011/7845, time remaining: 7m 34s
Rendered 1012/7845, time remaining: 7m 34s
Rendered 1013/7845, time remaining: 7m 34s
Rendered 1014/7845, time remaining: 7m 34s
Rendered 1015/7845, time remaining: 7m 34s
Rendered 1016/7845, time remaining: 7m 34s
Rendered 1017/7845, time remaining: 7m 34s
Rendered 1018/7845, time remaining: 7m 33s
Rendered 1019/7845, time remaining: 7m 33s
Rendered 1020/7845, time remaining: 7m 33s
Rendered 1021/7845, time remaining: 7m 33s
Rendered 1022/7845, time remaining: 7m 33s
Rendered 1023/7845, time remaining: 7m 33s
Rendered 1024/7845, time remaining: 7m 33s
Rendered 1025/7845, time remaining: 7m 33s
Rendered 1026/7845, time remaining: 7m 33s
Rendered 1027/7845, time remaining: 7m 33s
Rendered 1028/7845, time remaining: 7m 33s
Rendered 1029/7845, time remaining: 7m 33s
Rendered 1030/7845, time remaining: 7m 33s
Rendered 1031/7845, time remaining: 7m 33s
Rendered 1032/7845, time remaining: 7m 33s
Rendered 1033/7845, time remaining: 7m 33s
Rendered 1034/7845, time remaining: 7m 32s
Rendered 1035/7845, time remaining: 7m 32s
Rendered 1036/7845, time remaining: 7m 32s
Rendered 1037/7845, time remaining: 7m 32s
Rendered 1038/7845, time remaining: 7m 32s
Rendered 1039/7845, time remaining: 7m 32s
Rendered 1040/7845, time remaining: 7m 32s
Rendered 1041/7845, time remaining: 7m 32s
Rendered 1042/7845, time remaining: 7m 32s
Rendered 1043/7845, time remaining: 7m 32s
Rendered 1044/7845, time remaining: 7m 32s
Rendered 1045/7845, time remaining: 7m 32s
Rendered 1046/7845, time remaining: 7m 32s
Rendered 1047/7845, time remaining: 7m 32s
Rendered 1048/7845, time remaining: 7m 32s
Rendered 1049/7845, time remaining: 7m 31s
Rendered 1050/7845, time remaining: 7m 31s
Rendered 1051/7845, time remaining: 7m 31s
Rendered 1052/7845, time remaining: 7m 31s
Rendered 1053/7845, time remaining: 7m 31s
Rendered 1054/7845, time remaining: 7m 31s
Rendered 1055/7845, time remaining: 7m 31s
Rendered 1056/7845, time remaining: 7m 31s
Rendered 1057/7845, time remaining: 7m 31s
Rendered 1058/7845, time remaining: 7m 31s
Rendered 1059/7845, time remaining: 7m 31s
Rendered 1060/7845, time remaining: 7m 31s
Rendered 1061/7845, time remaining: 7m 31s
Rendered 1062/7845, time remaining: 7m 31s
Rendered 1063/7845, time remaining: 7m 31s
Rendered 1064/7845, time remaining: 7m 30s
Rendered 1065/7845, time remaining: 7m 30s
Rendered 1066/7845, time remaining: 7m 30s
Rendered 1067/7845, time remaining: 7m 30s
Rendered 1068/7845, time remaining: 7m 30s
Rendered 1069/7845, time remaining: 7m 30s
Rendered 1070/7845, time remaining: 7m 30s
Rendered 1071/7845, time remaining: 7m 30s
Rendered 1072/7845, time remaining: 7m 30s
Rendered 1073/7845, time remaining: 7m 30s
Rendered 1074/7845, time remaining: 7m 30s
Rendered 1075/7845, time remaining: 7m 30s
Rendered 1076/7845, time remaining: 7m 30s
Rendered 1077/7845, time remaining: 7m 30s
Rendered 1078/7845, time remaining: 7m 30s
Rendered 1079/7845, time remaining: 7m 30s
Rendered 1080/7845, time remaining: 7m 29s
Rendered 1081/7845, time remaining: 7m 29s
Rendered 1082/7845, time remaining: 7m 29s
Rendered 1083/7845, time remaining: 7m 29s
Rendered 1084/7845, time remaining: 7m 29s
Rendered 1085/7845, time remaining: 7m 29s
Rendered 1086/7845, time remaining: 7m 29s
Rendered 1087/7845, time remaining: 7m 29s
Rendered 1088/7845, time remaining: 7m 29s
Rendered 1089/7845, time remaining: 7m 29s
Rendered 1090/7845, time remaining: 7m 29s
Rendered 1091/7845, time remaining: 7m 29s
Rendered 1092/7845, time remaining: 7m 29s
Rendered 1093/7845, time remaining: 7m 29s
Rendered 1094/7845, time remaining: 7m 29s
Rendered 1095/7845, time remaining: 7m 28s
Rendered 1096/7845, time remaining: 7m 28s
Rendered 1097/7845, time remaining: 7m 28s
Rendered 1098/7845, time remaining: 7m 28s
Rendered 1099/7845, time remaining: 7m 28s
Rendered 1100/7845, time remaining: 7m 28s
Rendered 1101/7845, time remaining: 7m 28s
Rendered 1102/7845, time remaining: 7m 28s
Rendered 1103/7845, time remaining: 7m 28s
Rendered 1104/7845, time remaining: 7m 28s
Rendered 1105/7845, time remaining: 7m 28s
Rendered 1106/7845, time remaining: 7m 28s
Rendered 1107/7845, time remaining: 7m 28s
Rendered 1108/7845, time remaining: 7m 28s
Rendered 1109/7845, time remaining: 7m 28s
Rendered 1110/7845, time remaining: 7m 27s
Rendered 1111/7845, time remaining: 7m 27s
Rendered 1112/7845, time remaining: 7m 27s
Rendered 1113/7845, time remaining: 7m 27s
Rendered 1114/7845, time remaining: 7m 27s
Rendered 1115/7845, time remaining: 7m 27s
Rendered 1116/7845, time remaining: 7m 27s
Rendered 1117/7845, time remaining: 7m 27s
Rendered 1118/7845, time remaining: 7m 27s
Rendered 1119/7845, time remaining: 7m 27s
Rendered 1120/7845, time remaining: 7m 27s
Rendered 1121/7845, time remaining: 7m 27s
Rendered 1122/7845, time remaining: 7m 27s
Rendered 1123/7845, time remaining: 7m 26s
Rendered 1124/7845, time remaining: 7m 26s
Rendered 1125/7845, time remaining: 7m 26s
Rendered 1126/7845, time remaining: 7m 26s
Rendered 1127/7845, time remaining: 7m 26s
Rendered 1128/7845, time remaining: 7m 26s
Rendered 1129/7845, time remaining: 7m 26s
Rendered 1130/7845, time remaining: 7m 26s
Rendered 1131/7845, time remaining: 7m 26s
Rendered 1132/7845, time remaining: 7m 26s
Rendered 1133/7845, time remaining: 7m 26s
Rendered 1134/7845, time remaining: 7m 26s
Rendered 1135/7845, time remaining: 7m 26s
Rendered 1136/7845, time remaining: 7m 26s
Rendered 1137/7845, time remaining: 7m 26s
Rendered 1138/7845, time remaining: 7m 26s
Rendered 1139/7845, time remaining: 7m 26s
Rendered 1140/7845, time remaining: 7m 25s
Rendered 1141/7845, time remaining: 7m 25s
Rendered 1142/7845, time remaining: 7m 25s
Rendered 1143/7845, time remaining: 7m 25s
Rendered 1144/7845, time remaining: 7m 25s
Rendered 1145/7845, time remaining: 7m 25s
Rendered 1146/7845, time remaining: 7m 25s
Rendered 1147/7845, time remaining: 7m 25s
Rendered 1148/7845, time remaining: 7m 25s
Rendered 1149/7845, time remaining: 7m 25s
Rendered 1150/7845, time remaining: 7m 25s
Rendered 1151/7845, time remaining: 7m 25s
Rendered 1152/7845, time remaining: 7m 25s
Rendered 1153/7845, time remaining: 7m 25s
Rendered 1154/7845, time remaining: 7m 25s
Rendered 1155/7845, time remaining: 7m 24s
Rendered 1156/7845, time remaining: 7m 24s
Rendered 1157/7845, time remaining: 7m 24s
Rendered 1158/7845, time remaining: 7m 24s
Rendered 1159/7845, time remaining: 7m 24s
Rendered 1160/7845, time remaining: 7m 24s
Rendered 1161/7845, time remaining: 7m 24s
Rendered 1162/7845, time remaining: 7m 24s
Rendered 1163/7845, time remaining: 7m 24s
Rendered 1164/7845, time remaining: 7m 24s
Rendered 1165/7845, time remaining: 7m 24s
Rendered 1166/7845, time remaining: 7m 24s
Rendered 1167/7845, time remaining: 7m 24s
Rendered 1168/7845, time remaining: 7m 24s
Rendered 1169/7845, time remaining: 7m 24s
Rendered 1170/7845, time remaining: 7m 24s
Rendered 1171/7845, time remaining: 7m 23s
Rendered 1172/7845, time remaining: 7m 23s
Rendered 1173/7845, time remaining: 7m 23s
Rendered 1174/7845, time remaining: 7m 23s
Rendered 1175/7845, time remaining: 7m 23s
Rendered 1176/7845, time remaining: 7m 23s
Rendered 1177/7845, time remaining: 7m 23s
Rendered 1178/7845, time remaining: 7m 23s
Rendered 1179/7845, time remaining: 7m 23s
Rendered 1180/7845, time remaining: 7m 23s
Rendered 1181/7845, time remaining: 7m 23s
Rendered 1182/7845, time remaining: 7m 23s
Rendered 1183/7845, time remaining: 7m 23s
Rendered 1184/7845, time remaining: 7m 23s
Rendered 1185/7845, time remaining: 7m 23s
Rendered 1186/7845, time remaining: 7m 22s
Rendered 1187/7845, time remaining: 7m 22s
Rendered 1188/7845, time remaining: 7m 22s
Rendered 1189/7845, time remaining: 7m 22s
Rendered 1190/7845, time remaining: 7m 22s
Rendered 1191/7845, time remaining: 7m 22s
Rendered 1192/7845, time remaining: 7m 22s
Rendered 1193/7845, time remaining: 7m 22s
Rendered 1194/7845, time remaining: 7m 22s
Rendered 1195/7845, time remaining: 7m 22s
Rendered 1196/7845, time remaining: 7m 22s
Rendered 1197/7845, time remaining: 7m 22s
Rendered 1198/7845, time remaining: 7m 22s
Rendered 1199/7845, time remaining: 7m 22s
Rendered 1200/7845, time remaining: 7m 22s
Rendered 1201/7845, time remaining: 7m 21s
Rendered 1202/7845, time remaining: 7m 21s
Rendered 1203/7845, time remaining: 7m 21s
Rendered 1204/7845, time remaining: 7m 21s
Rendered 1205/7845, time remaining: 7m 21s
Rendered 1206/7845, time remaining: 7m 21s
Rendered 1207/7845, time remaining: 7m 21s
Rendered 1208/7845, time remaining: 7m 21s
Rendered 1209/7845, time remaining: 7m 21s
Rendered 1210/7845, time remaining: 7m 21s
Rendered 1211/7845, time remaining: 7m 21s
Rendered 1212/7845, time remaining: 7m 21s
Rendered 1213/7845, time remaining: 7m 21s
Rendered 1214/7845, time remaining: 7m 21s
Rendered 1215/7845, time remaining: 7m 20s
Rendered 1216/7845, time remaining: 7m 20s
Rendered 1217/7845, time remaining: 7m 21s
Rendered 1218/7845, time remaining: 7m 20s
Rendered 1219/7845, time remaining: 7m 20s
Rendered 1220/7845, time remaining: 7m 20s
Rendered 1221/7845, time remaining: 7m 20s
Rendered 1222/7845, time remaining: 7m 20s
Rendered 1223/7845, time remaining: 7m 20s
Rendered 1224/7845, time remaining: 7m 20s
Rendered 1225/7845, time remaining: 7m 20s
Rendered 1226/7845, time remaining: 7m 20s
Rendered 1227/7845, time remaining: 7m 20s
Rendered 1228/7845, time remaining: 7m 20s
Rendered 1229/7845, time remaining: 7m 20s
Rendered 1230/7845, time remaining: 7m 20s
Rendered 1231/7845, time remaining: 7m 20s
Rendered 1232/7845, time remaining: 7m 19s
Rendered 1233/7845, time remaining: 7m 19s
Rendered 1234/7845, time remaining: 7m 19s
Rendered 1235/7845, time remaining: 7m 19s
Rendered 1236/7845, time remaining: 7m 19s
Rendered 1237/7845, time remaining: 7m 19s
Rendered 1238/7845, time remaining: 7m 19s
Rendered 1239/7845, time remaining: 7m 19s
Rendered 1240/7845, time remaining: 7m 19s
Rendered 1241/7845, time remaining: 7m 19s
Rendered 1242/7845, time remaining: 7m 19s
Rendered 1243/7845, time remaining: 7m 19s
Rendered 1244/7845, time remaining: 7m 19s
Rendered 1245/7845, time remaining: 7m 19s
Rendered 1246/7845, time remaining: 7m 19s
Rendered 1247/7845, time remaining: 7m 19s
Rendered 1248/7845, time remaining: 7m 18s
Rendered 1249/7845, time remaining: 7m 18s
Rendered 1250/7845, time remaining: 7m 18s
Rendered 1251/7845, time remaining: 7m 18s
Rendered 1252/7845, time remaining: 7m 18s
Rendered 1253/7845, time remaining: 7m 18s
Rendered 1254/7845, time remaining: 7m 18s
Rendered 1255/7845, time remaining: 7m 18s
Rendered 1256/7845, time remaining: 7m 18s
Rendered 1257/7845, time remaining: 7m 18s
Rendered 1258/7845, time remaining: 7m 18s
Rendered 1259/7845, time remaining: 7m 18s
Rendered 1260/7845, time remaining: 7m 18s
Rendered 1261/7845, time remaining: 7m 18s
Rendered 1262/7845, time remaining: 7m 17s
Rendered 1263/7845, time remaining: 7m 17s
Rendered 1264/7845, time remaining: 7m 17s
Rendered 1265/7845, time remaining: 7m 17s
Rendered 1266/7845, time remaining: 7m 17s
Rendered 1267/7845, time remaining: 7m 17s
Rendered 1268/7845, time remaining: 7m 17s
Rendered 1269/7845, time remaining: 7m 17s
Rendered 1270/7845, time remaining: 7m 17s
Rendered 1271/7845, time remaining: 7m 17s
Rendered 1272/7845, time remaining: 7m 17s
Rendered 1273/7845, time remaining: 7m 17s
Rendered 1274/7845, time remaining: 7m 17s
Rendered 1275/7845, time remaining: 7m 17s
Rendered 1276/7845, time remaining: 7m 17s
Rendered 1277/7845, time remaining: 7m 17s
Rendered 1278/7845, time remaining: 7m 16s
Rendered 1279/7845, time remaining: 7m 16s
Rendered 1280/7845, time remaining: 7m 16s
Rendered 1281/7845, time remaining: 7m 16s
Rendered 1282/7845, time remaining: 7m 16s
Rendered 1283/7845, time remaining: 7m 16s
Rendered 1284/7845, time remaining: 7m 16s
Rendered 1285/7845, time remaining: 7m 16s
Rendered 1286/7845, time remaining: 7m 16s
Rendered 1287/7845, time remaining: 7m 16s
Rendered 1288/7845, time remaining: 7m 16s
Rendered 1289/7845, time remaining: 7m 16s
Rendered 1290/7845, time remaining: 7m 16s
Rendered 1291/7845, time remaining: 7m 15s
Rendered 1292/7845, time remaining: 7m 15s
Rendered 1293/7845, time remaining: 7m 15s
Rendered 1294/7845, time remaining: 7m 15s
Rendered 1295/7845, time remaining: 7m 15s
Rendered 1296/7845, time remaining: 7m 15s
Rendered 1297/7845, time remaining: 7m 15s
Rendered 1298/7845, time remaining: 7m 15s
Rendered 1299/7845, time remaining: 7m 15s
Rendered 1300/7845, time remaining: 7m 15s
Rendered 1301/7845, time remaining: 7m 15s
Rendered 1302/7845, time remaining: 7m 15s
Rendered 1303/7845, time remaining: 7m 15s
Rendered 1304/7845, time remaining: 7m 15s
Rendered 1305/7845, time remaining: 7m 15s
Rendered 1306/7845, time remaining: 7m 15s
Rendered 1307/7845, time remaining: 7m 15s
Rendered 1308/7845, time remaining: 7m 14s
Rendered 1309/7845, time remaining: 7m 14s
Rendered 1310/7845, time remaining: 7m 14s
Rendered 1311/7845, time remaining: 7m 14s
Rendered 1312/7845, time remaining: 7m 14s
Rendered 1313/7845, time remaining: 7m 14s
Rendered 1314/7845, time remaining: 7m 14s
Rendered 1315/7845, time remaining: 7m 14s
Rendered 1316/7845, time remaining: 7m 14s
Rendered 1317/7845, time remaining: 7m 14s
Rendered 1318/7845, time remaining: 7m 14s
Rendered 1319/7845, time remaining: 7m 14s
Rendered 1320/7845, time remaining: 7m 14s
Rendered 1321/7845, time remaining: 7m 14s
Rendered 1322/7845, time remaining: 7m 14s
Rendered 1323/7845, time remaining: 7m 14s
Rendered 1324/7845, time remaining: 7m 13s
Rendered 1325/7845, time remaining: 7m 13s
Rendered 1326/7845, time remaining: 7m 13s
Rendered 1327/7845, time remaining: 7m 13s
Rendered 1328/7845, time remaining: 7m 13s
Rendered 1329/7845, time remaining: 7m 13s
Rendered 1330/7845, time remaining: 7m 13s
Rendered 1331/7845, time remaining: 7m 13s
Rendered 1332/7845, time remaining: 7m 13s
Rendered 1333/7845, time remaining: 7m 13s
Rendered 1334/7845, time remaining: 7m 13s
Rendered 1335/7845, time remaining: 7m 13s
Rendered 1336/7845, time remaining: 7m 13s
Rendered 1337/7845, time remaining: 7m 13s
Rendered 1338/7845, time remaining: 7m 13s
Rendered 1339/7845, time remaining: 7m 12s
Rendered 1340/7845, time remaining: 7m 12s
Rendered 1341/7845, time remaining: 7m 12s
Rendered 1342/7845, time remaining: 7m 12s
Rendered 1343/7845, time remaining: 7m 12s
Rendered 1344/7845, time remaining: 7m 12s
Rendered 1345/7845, time remaining: 7m 12s
Rendered 1346/7845, time remaining: 7m 12s
Rendered 1347/7845, time remaining: 7m 12s
Rendered 1348/7845, time remaining: 7m 12s
Rendered 1349/7845, time remaining: 7m 12s
Rendered 1350/7845, time remaining: 7m 12s
Rendered 1351/7845, time remaining: 7m 12s
Rendered 1352/7845, time remaining: 7m 12s
Rendered 1353/7845, time remaining: 7m 11s
Rendered 1354/7845, time remaining: 7m 11s
Rendered 1355/7845, time remaining: 7m 11s
Rendered 1356/7845, time remaining: 7m 11s
Rendered 1357/7845, time remaining: 7m 11s
Rendered 1358/7845, time remaining: 7m 11s
Rendered 1359/7845, time remaining: 7m 11s
Rendered 1360/7845, time remaining: 7m 11s
Rendered 1361/7845, time remaining: 7m 11s
Rendered 1362/7845, time remaining: 7m 11s
Rendered 1363/7845, time remaining: 7m 11s
Rendered 1364/7845, time remaining: 7m 11s
Rendered 1365/7845, time remaining: 7m 11s
Rendered 1366/7845, time remaining: 7m 11s
Rendered 1367/7845, time remaining: 7m 11s
Rendered 1368/7845, time remaining: 7m 11s
Rendered 1369/7845, time remaining: 7m 10s
Rendered 1370/7845, time remaining: 7m 10s
Rendered 1371/7845, time remaining: 7m 10s
Rendered 1372/7845, time remaining: 7m 10s
Rendered 1373/7845, time remaining: 7m 10s
Rendered 1374/7845, time remaining: 7m 10s
Rendered 1375/7845, time remaining: 7m 10s
Rendered 1376/7845, time remaining: 7m 10s
Rendered 1377/7845, time remaining: 7m 10s
Rendered 1378/7845, time remaining: 7m 10s
Rendered 1379/7845, time remaining: 7m 10s
Rendered 1380/7845, time remaining: 7m 10s
Rendered 1381/7845, time remaining: 7m 10s
Rendered 1382/7845, time remaining: 7m 10s
Rendered 1383/7845, time remaining: 7m 9s
Rendered 1384/7845, time remaining: 7m 9s
Rendered 1385/7845, time remaining: 7m 9s
Rendered 1386/7845, time remaining: 7m 9s
Rendered 1387/7845, time remaining: 7m 9s
Rendered 1388/7845, time remaining: 7m 9s
Rendered 1389/7845, time remaining: 7m 9s
Rendered 1390/7845, time remaining: 7m 9s
Rendered 1391/7845, time remaining: 7m 9s
Rendered 1392/7845, time remaining: 7m 9s
Rendered 1393/7845, time remaining: 7m 9s
Rendered 1394/7845, time remaining: 7m 9s
Rendered 1395/7845, time remaining: 7m 9s
Rendered 1396/7845, time remaining: 7m 9s
Rendered 1397/7845, time remaining: 7m 9s
Rendered 1398/7845, time remaining: 7m 8s
Rendered 1399/7845, time remaining: 7m 8s
Rendered 1400/7845, time remaining: 7m 8s
Rendered 1401/7845, time remaining: 7m 8s
Rendered 1402/7845, time remaining: 7m 8s
Rendered 1403/7845, time remaining: 7m 8s
Rendered 1404/7845, time remaining: 7m 8s
Rendered 1405/7845, time remaining: 7m 8s
Rendered 1406/7845, time remaining: 7m 8s
Rendered 1407/7845, time remaining: 7m 8s
Rendered 1408/7845, time remaining: 7m 8s
Rendered 1409/7845, time remaining: 7m 8s
Rendered 1410/7845, time remaining: 7m 8s
Rendered 1411/7845, time remaining: 7m 8s
Rendered 1412/7845, time remaining: 7m 8s
Rendered 1413/7845, time remaining: 7m 7s
Rendered 1414/7845, time remaining: 7m 7s
Rendered 1415/7845, time remaining: 7m 7s
Rendered 1416/7845, time remaining: 7m 7s
Rendered 1417/7845, time remaining: 7m 7s
Rendered 1418/7845, time remaining: 7m 7s
Rendered 1419/7845, time remaining: 7m 7s
Rendered 1420/7845, time remaining: 7m 7s
Rendered 1421/7845, time remaining: 7m 7s
Rendered 1422/7845, time remaining: 7m 7s
Rendered 1423/7845, time remaining: 7m 7s
Rendered 1424/7845, time remaining: 7m 7s
Rendered 1425/7845, time remaining: 7m 7s
Rendered 1426/7845, time remaining: 7m 7s
Rendered 1427/7845, time remaining: 7m 7s
Rendered 1428/7845, time remaining: 7m 7s
Rendered 1429/7845, time remaining: 7m 6s
Rendered 1430/7845, time remaining: 7m 6s
Rendered 1431/7845, time remaining: 7m 6s
Rendered 1432/7845, time remaining: 7m 6s
Rendered 1433/7845, time remaining: 7m 6s
Rendered 1434/7845, time remaining: 7m 6s
Rendered 1435/7845, time remaining: 7m 6s
Rendered 1436/7845, time remaining: 7m 6s
Rendered 1437/7845, time remaining: 7m 6s
Rendered 1438/7845, time remaining: 7m 6s
Rendered 1439/7845, time remaining: 7m 6s
Rendered 1440/7845, time remaining: 7m 6s
Rendered 1441/7845, time remaining: 7m 6s
Rendered 1442/7845, time remaining: 7m 6s
Rendered 1443/7845, time remaining: 7m 6s
Rendered 1444/7845, time remaining: 7m 5s
Rendered 1445/7845, time remaining: 7m 5s
Rendered 1446/7845, time remaining: 7m 5s
Rendered 1447/7845, time remaining: 7m 5s
Rendered 1448/7845, time remaining: 7m 5s
Rendered 1449/7845, time remaining: 7m 5s
Rendered 1450/7845, time remaining: 7m 5s
Rendered 1451/7845, time remaining: 7m 5s
Rendered 1452/7845, time remaining: 7m 5s
Rendered 1453/7845, time remaining: 7m 5s
Rendered 1454/7845, time remaining: 7m 5s
Rendered 1455/7845, time remaining: 7m 5s
Rendered 1456/7845, time remaining: 7m 5s
Rendered 1457/7845, time remaining: 7m 5s
Rendered 1458/7845, time remaining: 7m 5s
Rendered 1459/7845, time remaining: 7m 4s
Rendered 1460/7845, time remaining: 7m 4s
Rendered 1461/7845, time remaining: 7m 4s
Rendered 1462/7845, time remaining: 7m 4s
Rendered 1463/7845, time remaining: 7m 4s
Rendered 1464/7845, time remaining: 7m 4s
Rendered 1465/7845, time remaining: 7m 4s
Rendered 1466/7845, time remaining: 7m 4s
Rendered 1467/7845, time remaining: 7m 4s
Rendered 1468/7845, time remaining: 7m 4s
Rendered 1469/7845, time remaining: 7m 4s
Rendered 1470/7845, time remaining: 7m 4s
Rendered 1471/7845, time remaining: 7m 4s
Rendered 1472/7845, time remaining: 7m 4s
Rendered 1473/7845, time remaining: 7m 4s
Rendered 1474/7845, time remaining: 7m 3s
Rendered 1475/7845, time remaining: 7m 3s
Rendered 1476/7845, time remaining: 7m 3s
Rendered 1477/7845, time remaining: 7m 3s
Rendered 1478/7845, time remaining: 7m 3s
Rendered 1479/7845, time remaining: 7m 3s
Rendered 1480/7845, time remaining: 7m 3s
Rendered 1481/7845, time remaining: 7m 3s
Rendered 1482/7845, time remaining: 7m 3s
Rendered 1483/7845, time remaining: 7m 3s
Rendered 1484/7845, time remaining: 7m 3s
Rendered 1485/7845, time remaining: 7m 3s
Rendered 1486/7845, time remaining: 7m 3s
Rendered 1487/7845, time remaining: 7m 3s
Rendered 1488/7845, time remaining: 7m 3s
Rendered 1489/7845, time remaining: 7m 2s
Rendered 1490/7845, time remaining: 7m 2s
Rendered 1491/7845, time remaining: 7m 2s
Rendered 1492/7845, time remaining: 7m 2s
Rendered 1493/7845, time remaining: 7m 2s
Rendered 1494/7845, time remaining: 7m 2s
Rendered 1495/7845, time remaining: 7m 2s
Rendered 1496/7845, time remaining: 7m 2s
Rendered 1497/7845, time remaining: 7m 2s
Rendered 1498/7845, time remaining: 7m 2s
Rendered 1499/7845, time remaining: 7m 2s
Rendered 1500/7845, time remaining: 7m 2s
Rendered 1501/7845, time remaining: 7m 2s
Rendered 1502/7845, time remaining: 7m 2s
Rendered 1503/7845, time remaining: 7m 1s
Rendered 1504/7845, time remaining: 7m 1s
Rendered 1505/7845, time remaining: 7m 1s
Rendered 1506/7845, time remaining: 7m 1s
Rendered 1507/7845, time remaining: 7m 1s
Rendered 1508/7845, time remaining: 7m 1s
Rendered 1509/7845, time remaining: 7m 1s
Rendered 1510/7845, time remaining: 7m 1s
Rendered 1511/7845, time remaining: 7m 1s
Rendered 1512/7845, time remaining: 7m 1s
Rendered 1513/7845, time remaining: 7m 1s
Rendered 1514/7845, time remaining: 7m 1s
Rendered 1515/7845, time remaining: 7m 1s
Rendered 1516/7845, time remaining: 7m 1s
Rendered 1517/7845, time remaining: 7m 1s
Rendered 1518/7845, time remaining: 7m 1s
Rendered 1519/7845, time remaining: 7m 0s
Rendered 1520/7845, time remaining: 7m 0s
Rendered 1521/7845, time remaining: 7m 0s
Rendered 1522/7845, time remaining: 7m 0s
Rendered 1523/7845, time remaining: 7m 0s
Rendered 1524/7845, time remaining: 7m 0s
Rendered 1525/7845, time remaining: 7m 0s
Rendered 1526/7845, time remaining: 7m 0s
Rendered 1527/7845, time remaining: 7m 0s
Rendered 1528/7845, time remaining: 7m 0s
Rendered 1529/7845, time remaining: 7m 0s
Rendered 1530/7845, time remaining: 7m 0s
Rendered 1531/7845, time remaining: 7m 0s
Rendered 1532/7845, time remaining: 7m 0s
Rendered 1533/7845, time remaining: 7m 0s
Rendered 1534/7845, time remaining: 6m 59s
Rendered 1535/7845, time remaining: 6m 59s
Rendered 1536/7845, time remaining: 6m 59s
Rendered 1537/7845, time remaining: 6m 59s
Rendered 1538/7845, time remaining: 6m 59s
Rendered 1539/7845, time remaining: 6m 59s
Rendered 1540/7845, time remaining: 6m 59s
Rendered 1541/7845, time remaining: 6m 59s
Rendered 1542/7845, time remaining: 6m 59s
Rendered 1543/7845, time remaining: 6m 59s
Rendered 1544/7845, time remaining: 6m 59s
Rendered 1545/7845, time remaining: 6m 59s
Rendered 1546/7845, time remaining: 6m 59s
Rendered 1547/7845, time remaining: 6m 59s
Rendered 1548/7845, time remaining: 6m 59s
Rendered 1549/7845, time remaining: 6m 58s
Rendered 1550/7845, time remaining: 6m 58s
Rendered 1551/7845, time remaining: 6m 58s
Rendered 1552/7845, time remaining: 6m 58s
Rendered 1553/7845, time remaining: 6m 58s
Rendered 1554/7845, time remaining: 6m 58s
Rendered 1555/7845, time remaining: 6m 58s
Rendered 1556/7845, time remaining: 6m 58s
Rendered 1557/7845, time remaining: 6m 58s
Rendered 1558/7845, time remaining: 6m 58s
Rendered 1559/7845, time remaining: 6m 58s
Rendered 1560/7845, time remaining: 6m 58s
Rendered 1561/7845, time remaining: 6m 58s
Rendered 1562/7845, time remaining: 6m 58s
Rendered 1563/7845, time remaining: 6m 57s
Rendered 1564/7845, time remaining: 6m 57s
Rendered 1565/7845, time remaining: 6m 57s
Rendered 1566/7845, time remaining: 6m 57s
Rendered 1567/7845, time remaining: 6m 57s
Rendered 1568/7845, time remaining: 6m 57s
Rendered 1569/7845, time remaining: 6m 57s
Rendered 1570/7845, time remaining: 6m 57s
Rendered 1571/7845, time remaining: 6m 57s
Rendered 1572/7845, time remaining: 6m 57s
Rendered 1573/7845, time remaining: 6m 57s
Rendered 1574/7845, time remaining: 6m 57s
Rendered 1575/7845, time remaining: 6m 57s
Rendered 1576/7845, time remaining: 6m 57s
Rendered 1577/7845, time remaining: 6m 57s
Rendered 1578/7845, time remaining: 6m 57s
Rendered 1579/7845, time remaining: 6m 57s
Rendered 1580/7845, time remaining: 6m 56s
Rendered 1581/7845, time remaining: 6m 56s
Rendered 1582/7845, time remaining: 6m 56s
Rendered 1583/7845, time remaining: 6m 56s
Rendered 1584/7845, time remaining: 6m 56s
Rendered 1585/7845, time remaining: 6m 56s
Rendered 1586/7845, time remaining: 6m 56s
Rendered 1587/7845, time remaining: 6m 56s
Rendered 1588/7845, time remaining: 6m 56s
Rendered 1589/7845, time remaining: 6m 56s
Rendered 1590/7845, time remaining: 6m 56s
Rendered 1591/7845, time remaining: 6m 56s
Rendered 1592/7845, time remaining: 6m 56s
Rendered 1593/7845, time remaining: 6m 56s
Rendered 1594/7845, time remaining: 6m 56s
Rendered 1595/7845, time remaining: 6m 55s
Rendered 1596/7845, time remaining: 6m 55s
Rendered 1597/7845, time remaining: 6m 55s
Rendered 1598/7845, time remaining: 6m 55s
Rendered 1599/7845, time remaining: 6m 55s
Rendered 1600/7845, time remaining: 6m 55s
Rendered 1601/7845, time remaining: 6m 55s
Rendered 1602/7845, time remaining: 6m 55s
Rendered 1603/7845, time remaining: 6m 55s
Rendered 1604/7845, time remaining: 6m 55s
Rendered 1605/7845, time remaining: 6m 55s
Rendered 1606/7845, time remaining: 6m 55s
Rendered 1607/7845, time remaining: 6m 55s
Rendered 1608/7845, time remaining: 6m 55s
Rendered 1609/7845, time remaining: 6m 54s
Rendered 1610/7845, time remaining: 6m 54s
Rendered 1611/7845, time remaining: 6m 54s
Rendered 1612/7845, time remaining: 6m 54s
Rendered 1613/7845, time remaining: 6m 54s
Rendered 1614/7845, time remaining: 6m 54s
Rendered 1615/7845, time remaining: 6m 54s
Rendered 1616/7845, time remaining: 6m 54s
Rendered 1617/7845, time remaining: 6m 54s
Rendered 1618/7845, time remaining: 6m 54s
Rendered 1619/7845, time remaining: 6m 54s
Rendered 1620/7845, time remaining: 6m 54s
Rendered 1621/7845, time remaining: 6m 54s
Rendered 1622/7845, time remaining: 6m 54s
Rendered 1623/7845, time remaining: 6m 54s
Rendered 1624/7845, time remaining: 6m 53s
Rendered 1625/7845, time remaining: 6m 53s
Rendered 1626/7845, time remaining: 6m 53s
Rendered 1627/7845, time remaining: 6m 53s
Rendered 1628/7845, time remaining: 6m 53s
Rendered 1629/7845, time remaining: 6m 53s
Rendered 1630/7845, time remaining: 6m 53s
Rendered 1631/7845, time remaining: 6m 53s
Rendered 1632/7845, time remaining: 6m 53s
Rendered 1633/7845, time remaining: 6m 53s
Rendered 1634/7845, time remaining: 6m 53s
Rendered 1635/7845, time remaining: 6m 53s
Rendered 1636/7845, time remaining: 6m 53s
Rendered 1637/7845, time remaining: 6m 53s
Rendered 1638/7845, time remaining: 6m 53s
Rendered 1639/7845, time remaining: 6m 52s
Rendered 1640/7845, time remaining: 6m 52s
Rendered 1641/7845, time remaining: 6m 52s
Rendered 1642/7845, time remaining: 6m 52s
Rendered 1643/7845, time remaining: 6m 52s
Rendered 1644/7845, time remaining: 6m 52s
Rendered 1645/7845, time remaining: 6m 52s
Rendered 1646/7845, time remaining: 6m 52s
Rendered 1647/7845, time remaining: 6m 52s
Rendered 1648/7845, time remaining: 6m 52s
Rendered 1649/7845, time remaining: 6m 52s
Rendered 1650/7845, time remaining: 6m 52s
Rendered 1651/7845, time remaining: 6m 52s
Rendered 1652/7845, time remaining: 6m 52s
Rendered 1653/7845, time remaining: 6m 51s
Rendered 1654/7845, time remaining: 6m 51s
Rendered 1655/7845, time remaining: 6m 51s
Rendered 1656/7845, time remaining: 6m 51s
Rendered 1657/7845, time remaining: 6m 51s
Rendered 1658/7845, time remaining: 6m 51s
Rendered 1659/7845, time remaining: 6m 51s
Rendered 1660/7845, time remaining: 6m 51s
Rendered 1661/7845, time remaining: 6m 51s
Rendered 1662/7845, time remaining: 6m 51s
Rendered 1663/7845, time remaining: 6m 51s
Rendered 1664/7845, time remaining: 6m 51s
Rendered 1665/7845, time remaining: 6m 51s
Rendered 1666/7845, time remaining: 6m 51s
Rendered 1667/7845, time remaining: 6m 51s
Rendered 1668/7845, time remaining: 6m 51s
Rendered 1669/7845, time remaining: 6m 50s
Rendered 1670/7845, time remaining: 6m 50s
Rendered 1671/7845, time remaining: 6m 50s
Rendered 1672/7845, time remaining: 6m 50s
Rendered 1673/7845, time remaining: 6m 50s
Rendered 1674/7845, time remaining: 6m 50s
Rendered 1675/7845, time remaining: 6m 50s
Rendered 1676/7845, time remaining: 6m 50s
Rendered 1677/7845, time remaining: 6m 50s
Rendered 1678/7845, time remaining: 6m 50s
Rendered 1679/7845, time remaining: 6m 50s
Rendered 1680/7845, time remaining: 6m 50s
Rendered 1681/7845, time remaining: 6m 50s
Rendered 1682/7845, time remaining: 6m 50s
Rendered 1683/7845, time remaining: 6m 50s
Rendered 1684/7845, time remaining: 6m 49s
Rendered 1685/7845, time remaining: 6m 49s
Rendered 1686/7845, time remaining: 6m 49s
Rendered 1687/7845, time remaining: 6m 49s
Rendered 1688/7845, time remaining: 6m 49s
Rendered 1689/7845, time remaining: 6m 49s
Rendered 1690/7845, time remaining: 6m 49s
Rendered 1691/7845, time remaining: 6m 49s
Rendered 1692/7845, time remaining: 6m 49s
Rendered 1693/7845, time remaining: 6m 49s
Rendered 1694/7845, time remaining: 6m 49s
Rendered 1695/7845, time remaining: 6m 49s
Rendered 1696/7845, time remaining: 6m 49s
Rendered 1697/7845, time remaining: 6m 49s
Rendered 1698/7845, time remaining: 6m 49s
Rendered 1699/7845, time remaining: 6m 48s
Rendered 1700/7845, time remaining: 6m 48s
Rendered 1701/7845, time remaining: 6m 48s
Rendered 1702/7845, time remaining: 6m 48s
Rendered 1703/7845, time remaining: 6m 48s
Rendered 1704/7845, time remaining: 6m 48s
Rendered 1705/7845, time remaining: 6m 48s
Rendered 1706/7845, time remaining: 6m 48s
Rendered 1707/7845, time remaining: 6m 48s
Rendered 1708/7845, time remaining: 6m 48s
Rendered 1709/7845, time remaining: 6m 48s
Rendered 1710/7845, time remaining: 6m 48s
Rendered 1711/7845, time remaining: 6m 48s
Rendered 1712/7845, time remaining: 6m 48s
Rendered 1713/7845, time remaining: 6m 48s
Rendered 1714/7845, time remaining: 6m 47s
Rendered 1715/7845, time remaining: 6m 47s
Rendered 1716/7845, time remaining: 6m 47s
Rendered 1717/7845, time remaining: 6m 47s
Rendered 1718/7845, time remaining: 6m 47s
Rendered 1719/7845, time remaining: 6m 47s
Rendered 1720/7845, time remaining: 6m 47s
Rendered 1721/7845, time remaining: 6m 47s
Rendered 1722/7845, time remaining: 6m 47s
Rendered 1723/7845, time remaining: 6m 47s
Rendered 1724/7845, time remaining: 6m 47s
Rendered 1725/7845, time remaining: 6m 47s
Rendered 1726/7845, time remaining: 6m 47s
Rendered 1727/7845, time remaining: 6m 47s
Rendered 1728/7845, time remaining: 6m 47s
Rendered 1729/7845, time remaining: 6m 46s
Rendered 1730/7845, time remaining: 6m 46s
Rendered 1731/7845, time remaining: 6m 46s
Rendered 1732/7845, time remaining: 6m 46s
Rendered 1733/7845, time remaining: 6m 46s
Rendered 1734/7845, time remaining: 6m 46s
Rendered 1735/7845, time remaining: 6m 46s
Rendered 1736/7845, time remaining: 6m 46s
Rendered 1737/7845, time remaining: 6m 46s
Rendered 1738/7845, time remaining: 6m 46s
Rendered 1739/7845, time remaining: 6m 46s
Rendered 1740/7845, time remaining: 6m 46s
Rendered 1741/7845, time remaining: 6m 46s
Rendered 1742/7845, time remaining: 6m 46s
Rendered 1743/7845, time remaining: 6m 45s
Rendered 1744/7845, time remaining: 6m 45s
Rendered 1745/7845, time remaining: 6m 45s
Rendered 1746/7845, time remaining: 6m 45s
Rendered 1747/7845, time remaining: 6m 45s
Rendered 1748/7845, time remaining: 6m 45s
Rendered 1749/7845, time remaining: 6m 45s
Rendered 1750/7845, time remaining: 6m 45s
Rendered 1751/7845, time remaining: 6m 45s
Rendered 1752/7845, time remaining: 6m 45s
Rendered 1753/7845, time remaining: 6m 45s
Rendered 1754/7845, time remaining: 6m 45s
Rendered 1755/7845, time remaining: 6m 45s
Rendered 1756/7845, time remaining: 6m 45s
Rendered 1757/7845, time remaining: 6m 45s
Rendered 1758/7845, time remaining: 6m 45s
Rendered 1759/7845, time remaining: 6m 44s
Rendered 1760/7845, time remaining: 6m 44s
Rendered 1761/7845, time remaining: 6m 44s
Rendered 1762/7845, time remaining: 6m 44s
Rendered 1763/7845, time remaining: 6m 44s
Rendered 1764/7845, time remaining: 6m 44s
Rendered 1765/7845, time remaining: 6m 44s
Rendered 1766/7845, time remaining: 6m 44s
Rendered 1767/7845, time remaining: 6m 44s
Rendered 1768/7845, time remaining: 6m 44s
Rendered 1769/7845, time remaining: 6m 44s
Rendered 1770/7845, time remaining: 6m 44s
Rendered 1771/7845, time remaining: 6m 44s
Rendered 1772/7845, time remaining: 6m 44s
Rendered 1773/7845, time remaining: 6m 44s
Rendered 1774/7845, time remaining: 6m 43s
Rendered 1775/7845, time remaining: 6m 43s
Rendered 1776/7845, time remaining: 6m 43s
Rendered 1777/7845, time remaining: 6m 43s
Rendered 1778/7845, time remaining: 6m 43s
Rendered 1779/7845, time remaining: 6m 43s
Rendered 1780/7845, time remaining: 6m 43s
Rendered 1781/7845, time remaining: 6m 43s
Rendered 1782/7845, time remaining: 6m 43s
Rendered 1783/7845, time remaining: 6m 43s
Rendered 1784/7845, time remaining: 6m 43s
Rendered 1785/7845, time remaining: 6m 43s
Rendered 1786/7845, time remaining: 6m 43s
Rendered 1787/7845, time remaining: 6m 43s
Rendered 1788/7845, time remaining: 6m 43s
Rendered 1789/7845, time remaining: 6m 42s
Rendered 1790/7845, time remaining: 6m 42s
Rendered 1791/7845, time remaining: 6m 42s
Rendered 1792/7845, time remaining: 6m 42s
Rendered 1793/7845, time remaining: 6m 42s
Rendered 1794/7845, time remaining: 6m 42s
Rendered 1795/7845, time remaining: 6m 42s
Rendered 1796/7845, time remaining: 6m 42s
Rendered 1797/7845, time remaining: 6m 42s
Rendered 1798/7845, time remaining: 6m 42s
Rendered 1799/7845, time remaining: 6m 42s
Rendered 1800/7845, time remaining: 6m 42s
Rendered 1801/7845, time remaining: 6m 42s
Rendered 1802/7845, time remaining: 6m 42s
Rendered 1803/7845, time remaining: 6m 42s
Rendered 1804/7845, time remaining: 6m 41s
Rendered 1805/7845, time remaining: 6m 41s
Rendered 1806/7845, time remaining: 6m 41s
Rendered 1807/7845, time remaining: 6m 41s
Rendered 1808/7845, time remaining: 6m 41s
Rendered 1809/7845, time remaining: 6m 41s
Rendered 1810/7845, time remaining: 6m 41s
Rendered 1811/7845, time remaining: 6m 41s
Rendered 1812/7845, time remaining: 6m 41s
Rendered 1813/7845, time remaining: 6m 41s
Rendered 1814/7845, time remaining: 6m 41s
Rendered 1815/7845, time remaining: 6m 41s
Rendered 1816/7845, time remaining: 6m 41s
Rendered 1817/7845, time remaining: 6m 41s
Rendered 1818/7845, time remaining: 6m 41s
Rendered 1819/7845, time remaining: 6m 41s
Rendered 1820/7845, time remaining: 6m 40s
Rendered 1821/7845, time remaining: 6m 40s
Rendered 1822/7845, time remaining: 6m 40s
Rendered 1823/7845, time remaining: 6m 40s
Rendered 1824/7845, time remaining: 6m 40s
Rendered 1825/7845, time remaining: 6m 40s
Rendered 1826/7845, time remaining: 6m 40s
Rendered 1827/7845, time remaining: 6m 40s
Rendered 1828/7845, time remaining: 6m 40s
Rendered 1829/7845, time remaining: 6m 40s
Rendered 1830/7845, time remaining: 6m 40s
Rendered 1831/7845, time remaining: 6m 40s
Rendered 1832/7845, time remaining: 6m 40s
Rendered 1833/7845, time remaining: 6m 40s
Rendered 1834/7845, time remaining: 6m 40s
Rendered 1835/7845, time remaining: 6m 39s
Rendered 1836/7845, time remaining: 6m 39s
Rendered 1837/7845, time remaining: 6m 39s
Rendered 1838/7845, time remaining: 6m 39s
Rendered 1839/7845, time remaining: 6m 39s
Rendered 1840/7845, time remaining: 6m 39s
Rendered 1841/7845, time remaining: 6m 39s
Rendered 1842/7845, time remaining: 6m 39s
Rendered 1843/7845, time remaining: 6m 39s
Rendered 1844/7845, time remaining: 6m 39s
Rendered 1845/7845, time remaining: 6m 39s
Rendered 1846/7845, time remaining: 6m 39s
Rendered 1847/7845, time remaining: 6m 39s
Rendered 1848/7845, time remaining: 6m 39s
Rendered 1849/7845, time remaining: 6m 39s
Rendered 1850/7845, time remaining: 6m 38s
Rendered 1851/7845, time remaining: 6m 38s
Rendered 1852/7845, time remaining: 6m 38s
Rendered 1853/7845, time remaining: 6m 38s
Rendered 1854/7845, time remaining: 6m 38s
Rendered 1855/7845, time remaining: 6m 38s
Rendered 1856/7845, time remaining: 6m 38s
Rendered 1857/7845, time remaining: 6m 38s
Rendered 1858/7845, time remaining: 6m 38s
Rendered 1859/7845, time remaining: 6m 38s
Rendered 1860/7845, time remaining: 6m 38s
Rendered 1861/7845, time remaining: 6m 38s
Rendered 1862/7845, time remaining: 6m 38s
Rendered 1863/7845, time remaining: 6m 38s
Rendered 1864/7845, time remaining: 6m 37s
Rendered 1865/7845, time remaining: 6m 37s
Rendered 1866/7845, time remaining: 6m 37s
Rendered 1867/7845, time remaining: 6m 37s
Rendered 1868/7845, time remaining: 6m 37s
Rendered 1869/7845, time remaining: 6m 37s
Rendered 1870/7845, time remaining: 6m 37s
Rendered 1871/7845, time remaining: 6m 37s
Rendered 1872/7845, time remaining: 6m 37s
Rendered 1873/7845, time remaining: 6m 37s
Rendered 1874/7845, time remaining: 6m 37s
Rendered 1875/7845, time remaining: 6m 37s
Rendered 1876/7845, time remaining: 6m 37s
Rendered 1877/7845, time remaining: 6m 37s
Rendered 1878/7845, time remaining: 6m 37s
Rendered 1879/7845, time remaining: 6m 37s
Rendered 1880/7845, time remaining: 6m 36s
Rendered 1881/7845, time remaining: 6m 36s
Rendered 1882/7845, time remaining: 6m 36s
Rendered 1883/7845, time remaining: 6m 36s
Rendered 1884/7845, time remaining: 6m 36s
Rendered 1885/7845, time remaining: 6m 36s
Rendered 1886/7845, time remaining: 6m 36s
Rendered 1887/7845, time remaining: 6m 36s
Rendered 1888/7845, time remaining: 6m 36s
Rendered 1889/7845, time remaining: 6m 36s
Rendered 1890/7845, time remaining: 6m 36s
Rendered 1891/7845, time remaining: 6m 36s
Rendered 1892/7845, time remaining: 6m 36s
Rendered 1893/7845, time remaining: 6m 36s
Rendered 1894/7845, time remaining: 6m 36s
Rendered 1895/7845, time remaining: 6m 35s
Rendered 1896/7845, time remaining: 6m 35s
Rendered 1897/7845, time remaining: 6m 35s
Rendered 1898/7845, time remaining: 6m 35s
Rendered 1899/7845, time remaining: 6m 35s
Rendered 1900/7845, time remaining: 6m 35s
Rendered 1901/7845, time remaining: 6m 35s
Rendered 1902/7845, time remaining: 6m 35s
Rendered 1903/7845, time remaining: 6m 35s
Rendered 1904/7845, time remaining: 6m 35s
Rendered 1905/7845, time remaining: 6m 35s
Rendered 1906/7845, time remaining: 6m 35s
Rendered 1907/7845, time remaining: 6m 35s
Rendered 1908/7845, time remaining: 6m 35s
Rendered 1909/7845, time remaining: 6m 35s
Rendered 1910/7845, time remaining: 6m 34s
Rendered 1911/7845, time remaining: 6m 34s
Rendered 1912/7845, time remaining: 6m 34s
Rendered 1913/7845, time remaining: 6m 34s
Rendered 1914/7845, time remaining: 6m 34s
Rendered 1915/7845, time remaining: 6m 34s
Rendered 1916/7845, time remaining: 6m 34s
Rendered 1917/7845, time remaining: 6m 34s
Rendered 1918/7845, time remaining: 6m 34s
Rendered 1919/7845, time remaining: 6m 34s
Rendered 1920/7845, time remaining: 6m 34s
Rendered 1921/7845, time remaining: 6m 34s
Rendered 1922/7845, time remaining: 6m 34s
Rendered 1923/7845, time remaining: 6m 34s
Rendered 1924/7845, time remaining: 6m 34s
Rendered 1925/7845, time remaining: 6m 33s
Rendered 1926/7845, time remaining: 6m 33s
Rendered 1927/7845, time remaining: 6m 33s
Rendered 1928/7845, time remaining: 6m 33s
Rendered 1929/7845, time remaining: 6m 33s
Rendered 1930/7845, time remaining: 6m 33s
Rendered 1931/7845, time remaining: 6m 33s
Rendered 1932/7845, time remaining: 6m 33s
Rendered 1933/7845, time remaining: 6m 33s
Rendered 1934/7845, time remaining: 6m 33s
Rendered 1935/7845, time remaining: 6m 33s
Rendered 1936/7845, time remaining: 6m 33s
Rendered 1937/7845, time remaining: 6m 33s
Rendered 1938/7845, time remaining: 6m 33s
Rendered 1939/7845, time remaining: 6m 33s
Rendered 1940/7845, time remaining: 6m 32s
Rendered 1941/7845, time remaining: 6m 32s
Rendered 1942/7845, time remaining: 6m 32s
Rendered 1943/7845, time remaining: 6m 32s
Rendered 1944/7845, time remaining: 6m 32s
Rendered 1945/7845, time remaining: 6m 32s
Rendered 1946/7845, time remaining: 6m 32s
Rendered 1947/7845, time remaining: 6m 32s
Rendered 1948/7845, time remaining: 6m 32s
Rendered 1949/7845, time remaining: 6m 32s
Rendered 1950/7845, time remaining: 6m 32s
Rendered 1951/7845, time remaining: 6m 32s
Rendered 1952/7845, time remaining: 6m 32s
Rendered 1953/7845, time remaining: 6m 32s
Rendered 1954/7845, time remaining: 6m 32s
Rendered 1955/7845, time remaining: 6m 32s
Rendered 1956/7845, time remaining: 6m 31s
Rendered 1957/7845, time remaining: 6m 31s
Rendered 1958/7845, time remaining: 6m 31s
Rendered 1959/7845, time remaining: 6m 31s
Rendered 1960/7845, time remaining: 6m 31s
Rendered 1961/7845, time remaining: 6m 31s
Rendered 1962/7845, time remaining: 6m 31s
Rendered 1963/7845, time remaining: 6m 31s
Rendered 1964/7845, time remaining: 6m 31s
Rendered 1965/7845, time remaining: 6m 31s
Rendered 1966/7845, time remaining: 6m 31s
Rendered 1967/7845, time remaining: 6m 31s
Rendered 1968/7845, time remaining: 6m 31s
Rendered 1969/7845, time remaining: 6m 31s
Rendered 1970/7845, time remaining: 6m 30s
Rendered 1971/7845, time remaining: 6m 30s
Rendered 1972/7845, time remaining: 6m 30s
Rendered 1973/7845, time remaining: 6m 30s
Rendered 1974/7845, time remaining: 6m 30s
Rendered 1975/7845, time remaining: 6m 30s
Rendered 1976/7845, time remaining: 6m 30s
Rendered 1977/7845, time remaining: 6m 30s
Rendered 1978/7845, time remaining: 6m 30s
Rendered 1979/7845, time remaining: 6m 30s
Rendered 1980/7845, time remaining: 6m 30s
Rendered 1981/7845, time remaining: 6m 30s
Rendered 1982/7845, time remaining: 6m 30s
Rendered 1983/7845, time remaining: 6m 30s
Rendered 1984/7845, time remaining: 6m 30s
Rendered 1985/7845, time remaining: 6m 30s
Rendered 1986/7845, time remaining: 6m 29s
Rendered 1987/7845, time remaining: 6m 29s
Rendered 1988/7845, time remaining: 6m 29s
Rendered 1989/7845, time remaining: 6m 29s
Rendered 1990/7845, time remaining: 6m 29s
Rendered 1991/7845, time remaining: 6m 29s
Rendered 1992/7845, time remaining: 6m 29s
Rendered 1993/7845, time remaining: 6m 29s
Rendered 1994/7845, time remaining: 6m 29s
Rendered 1995/7845, time remaining: 6m 29s
Rendered 1996/7845, time remaining: 6m 29s
Rendered 1997/7845, time remaining: 6m 29s
Rendered 1998/7845, time remaining: 6m 29s
Rendered 1999/7845, time remaining: 6m 29s
Rendered 2000/7845, time remaining: 6m 28s
Rendered 2001/7845, time remaining: 6m 28s
Rendered 2002/7845, time remaining: 6m 28s
Rendered 2003/7845, time remaining: 6m 28s
Rendered 2004/7845, time remaining: 6m 28s
Rendered 2005/7845, time remaining: 6m 28s
Rendered 2006/7845, time remaining: 6m 28s
Rendered 2007/7845, time remaining: 6m 28s
Rendered 2008/7845, time remaining: 6m 28s
Rendered 2009/7845, time remaining: 6m 28s
Rendered 2010/7845, time remaining: 6m 28s
Rendered 2011/7845, time remaining: 6m 28s
Rendered 2012/7845, time remaining: 6m 28s
Rendered 2013/7845, time remaining: 6m 28s
Rendered 2014/7845, time remaining: 6m 28s
Rendered 2015/7845, time remaining: 6m 28s
Rendered 2016/7845, time remaining: 6m 27s
Rendered 2017/7845, time remaining: 6m 27s
Rendered 2018/7845, time remaining: 6m 27s
Rendered 2019/7845, time remaining: 6m 27s
Rendered 2020/7845, time remaining: 6m 27s
Rendered 2021/7845, time remaining: 6m 27s
Rendered 2022/7845, time remaining: 6m 27s
Rendered 2023/7845, time remaining: 6m 27s
Rendered 2024/7845, time remaining: 6m 27s
Rendered 2025/7845, time remaining: 6m 27s
Rendered 2026/7845, time remaining: 6m 27s
Rendered 2027/7845, time remaining: 6m 27s
Rendered 2028/7845, time remaining: 6m 27s
Rendered 2029/7845, time remaining: 6m 27s
Rendered 2030/7845, time remaining: 6m 26s
Rendered 2031/7845, time remaining: 6m 26s
Rendered 2032/7845, time remaining: 6m 26s
Rendered 2033/7845, time remaining: 6m 26s
Rendered 2034/7845, time remaining: 6m 26s
Rendered 2035/7845, time remaining: 6m 26s
Rendered 2036/7845, time remaining: 6m 26s
Rendered 2037/7845, time remaining: 6m 26s
Rendered 2038/7845, time remaining: 6m 26s
Rendered 2039/7845, time remaining: 6m 26s
Rendered 2040/7845, time remaining: 6m 26s
Rendered 2041/7845, time remaining: 6m 26s
Rendered 2042/7845, time remaining: 6m 26s
Rendered 2043/7845, time remaining: 6m 26s
Rendered 2044/7845, time remaining: 6m 26s
Rendered 2045/7845, time remaining: 6m 26s
Rendered 2046/7845, time remaining: 6m 25s
Rendered 2047/7845, time remaining: 6m 25s
Rendered 2048/7845, time remaining: 6m 25s
Rendered 2049/7845, time remaining: 6m 25s
Rendered 2050/7845, time remaining: 6m 25s
Rendered 2051/7845, time remaining: 6m 25s
Rendered 2052/7845, time remaining: 6m 25s
Rendered 2053/7845, time remaining: 6m 25s
Rendered 2054/7845, time remaining: 6m 25s
Rendered 2055/7845, time remaining: 6m 25s
Rendered 2056/7845, time remaining: 6m 25s
Rendered 2057/7845, time remaining: 6m 25s
Rendered 2058/7845, time remaining: 6m 25s
Rendered 2059/7845, time remaining: 6m 25s
Rendered 2060/7845, time remaining: 6m 25s
Rendered 2061/7845, time remaining: 6m 24s
Rendered 2062/7845, time remaining: 6m 24s
Rendered 2063/7845, time remaining: 6m 24s
Rendered 2064/7845, time remaining: 6m 24s
Rendered 2065/7845, time remaining: 6m 24s
Rendered 2066/7845, time remaining: 6m 24s
Rendered 2067/7845, time remaining: 6m 24s
Rendered 2068/7845, time remaining: 6m 24s
Rendered 2069/7845, time remaining: 6m 24s
Rendered 2070/7845, time remaining: 6m 24s
Rendered 2071/7845, time remaining: 6m 24s
Rendered 2072/7845, time remaining: 6m 24s
Rendered 2073/7845, time remaining: 6m 24s
Rendered 2074/7845, time remaining: 6m 24s
Rendered 2075/7845, time remaining: 6m 24s
Rendered 2076/7845, time remaining: 6m 23s
Rendered 2077/7845, time remaining: 6m 23s
Rendered 2078/7845, time remaining: 6m 23s
Rendered 2079/7845, time remaining: 6m 23s
Rendered 2080/7845, time remaining: 6m 23s
Rendered 2081/7845, time remaining: 6m 23s
Rendered 2082/7845, time remaining: 6m 23s
Rendered 2083/7845, time remaining: 6m 23s
Rendered 2084/7845, time remaining: 6m 23s
Rendered 2085/7845, time remaining: 6m 23s
Rendered 2086/7845, time remaining: 6m 23s
Rendered 2087/7845, time remaining: 6m 23s
Rendered 2088/7845, time remaining: 6m 23s
Rendered 2089/7845, time remaining: 6m 23s
Rendered 2090/7845, time remaining: 6m 23s
Rendered 2091/7845, time remaining: 6m 22s
Rendered 2092/7845, time remaining: 6m 22s
Rendered 2093/7845, time remaining: 6m 22s
Rendered 2094/7845, time remaining: 6m 22s
Rendered 2095/7845, time remaining: 6m 22s
Rendered 2096/7845, time remaining: 6m 22s
Rendered 2097/7845, time remaining: 6m 22s
Rendered 2098/7845, time remaining: 6m 22s
Rendered 2099/7845, time remaining: 6m 22s
Rendered 2100/7845, time remaining: 6m 22s
Rendered 2101/7845, time remaining: 6m 22s
Rendered 2102/7845, time remaining: 6m 22s
Rendered 2103/7845, time remaining: 6m 22s
Rendered 2104/7845, time remaining: 6m 22s
Rendered 2105/7845, time remaining: 6m 22s
Rendered 2106/7845, time remaining: 6m 21s
Rendered 2107/7845, time remaining: 6m 21s
Rendered 2108/7845, time remaining: 6m 21s
Rendered 2109/7845, time remaining: 6m 21s
Rendered 2110/7845, time remaining: 6m 21s
Rendered 2111/7845, time remaining: 6m 21s
Rendered 2112/7845, time remaining: 6m 21s
Rendered 2113/7845, time remaining: 6m 21s
Rendered 2114/7845, time remaining: 6m 21s
Rendered 2115/7845, time remaining: 6m 21s
Rendered 2116/7845, time remaining: 6m 21s
Rendered 2117/7845, time remaining: 6m 21s
Rendered 2118/7845, time remaining: 6m 21s
Rendered 2119/7845, time remaining: 6m 21s
Rendered 2120/7845, time remaining: 6m 21s
Rendered 2121/7845, time remaining: 6m 20s
Rendered 2122/7845, time remaining: 6m 20s
Rendered 2123/7845, time remaining: 6m 20s
Rendered 2124/7845, time remaining: 6m 20s
Rendered 2125/7845, time remaining: 6m 20s
Rendered 2126/7845, time remaining: 6m 20s
Rendered 2127/7845, time remaining: 6m 20s
Rendered 2128/7845, time remaining: 6m 20s
Rendered 2129/7845, time remaining: 6m 20s
Rendered 2130/7845, time remaining: 6m 20s
Rendered 2131/7845, time remaining: 6m 20s
Rendered 2132/7845, time remaining: 6m 20s
Rendered 2133/7845, time remaining: 6m 20s
Rendered 2134/7845, time remaining: 6m 20s
Rendered 2135/7845, time remaining: 6m 20s
Rendered 2136/7845, time remaining: 6m 19s
Rendered 2137/7845, time remaining: 6m 19s
Rendered 2138/7845, time remaining: 6m 19s
Rendered 2139/7845, time remaining: 6m 19s
Rendered 2140/7845, time remaining: 6m 19s
Rendered 2141/7845, time remaining: 6m 19s
Rendered 2142/7845, time remaining: 6m 19s
Rendered 2143/7845, time remaining: 6m 19s
Rendered 2144/7845, time remaining: 6m 19s
Rendered 2145/7845, time remaining: 6m 19s
Rendered 2146/7845, time remaining: 6m 19s
Rendered 2147/7845, time remaining: 6m 19s
Rendered 2148/7845, time remaining: 6m 19s
Rendered 2149/7845, time remaining: 6m 19s
Rendered 2150/7845, time remaining: 6m 19s
Rendered 2151/7845, time remaining: 6m 18s
Rendered 2152/7845, time remaining: 6m 18s
Rendered 2153/7845, time remaining: 6m 18s
Rendered 2154/7845, time remaining: 6m 18s
Rendered 2155/7845, time remaining: 6m 18s
Rendered 2156/7845, time remaining: 6m 18s
Rendered 2157/7845, time remaining: 6m 18s
Rendered 2158/7845, time remaining: 6m 18s
Rendered 2159/7845, time remaining: 6m 18s
Rendered 2160/7845, time remaining: 6m 18s
Rendered 2161/7845, time remaining: 6m 18s
Rendered 2162/7845, time remaining: 6m 18s
Rendered 2163/7845, time remaining: 6m 18s
Rendered 2164/7845, time remaining: 6m 18s
Rendered 2165/7845, time remaining: 6m 18s
Rendered 2166/7845, time remaining: 6m 17s
Rendered 2167/7845, time remaining: 6m 17s
Rendered 2168/7845, time remaining: 6m 17s
Rendered 2169/7845, time remaining: 6m 17s
Rendered 2170/7845, time remaining: 6m 17s
Rendered 2171/7845, time remaining: 6m 17s
Rendered 2172/7845, time remaining: 6m 17s
Rendered 2173/7845, time remaining: 6m 17s
Rendered 2174/7845, time remaining: 6m 17s
Rendered 2175/7845, time remaining: 6m 17s
Rendered 2176/7845, time remaining: 6m 17s
Rendered 2177/7845, time remaining: 6m 17s
Rendered 2178/7845, time remaining: 6m 17s
Rendered 2179/7845, time remaining: 6m 17s
Rendered 2180/7845, time remaining: 6m 17s
Rendered 2181/7845, time remaining: 6m 16s
Rendered 2182/7845, time remaining: 6m 16s
Rendered 2183/7845, time remaining: 6m 16s
Rendered 2184/7845, time remaining: 6m 16s
Rendered 2185/7845, time remaining: 6m 16s
Rendered 2186/7845, time remaining: 6m 16s
Rendered 2187/7845, time remaining: 6m 16s
Rendered 2188/7845, time remaining: 6m 16s
Rendered 2189/7845, time remaining: 6m 16s
Rendered 2190/7845, time remaining: 6m 16s
Rendered 2191/7845, time remaining: 6m 16s
Rendered 2192/7845, time remaining: 6m 16s
Rendered 2193/7845, time remaining: 6m 16s
Rendered 2194/7845, time remaining: 6m 16s
Rendered 2195/7845, time remaining: 6m 16s
Rendered 2196/7845, time remaining: 6m 16s
Rendered 2197/7845, time remaining: 6m 15s
Rendered 2198/7845, time remaining: 6m 15s
Rendered 2199/7845, time remaining: 6m 15s
Rendered 2200/7845, time remaining: 6m 15s
Rendered 2201/7845, time remaining: 6m 15s
Rendered 2202/7845, time remaining: 6m 15s
Rendered 2203/7845, time remaining: 6m 15s
Rendered 2204/7845, time remaining: 6m 15s
Rendered 2205/7845, time remaining: 6m 15s
Rendered 2206/7845, time remaining: 6m 15s
Rendered 2207/7845, time remaining: 6m 15s
Rendered 2208/7845, time remaining: 6m 15s
Rendered 2209/7845, time remaining: 6m 15s
Rendered 2210/7845, time remaining: 6m 15s
Rendered 2211/7845, time remaining: 6m 14s
Rendered 2212/7845, time remaining: 6m 14s
Rendered 2213/7845, time remaining: 6m 14s
Rendered 2214/7845, time remaining: 6m 14s
Rendered 2215/7845, time remaining: 6m 14s
Rendered 2216/7845, time remaining: 6m 14s
Rendered 2217/7845, time remaining: 6m 14s
Rendered 2218/7845, time remaining: 6m 14s
Rendered 2219/7845, time remaining: 6m 14s
Rendered 2220/7845, time remaining: 6m 14s
Rendered 2221/7845, time remaining: 6m 14s
Rendered 2222/7845, time remaining: 6m 14s
Rendered 2223/7845, time remaining: 6m 14s
Rendered 2224/7845, time remaining: 6m 14s
Rendered 2225/7845, time remaining: 6m 14s
Rendered 2226/7845, time remaining: 6m 14s
Rendered 2227/7845, time remaining: 6m 13s
Rendered 2228/7845, time remaining: 6m 13s
Rendered 2229/7845, time remaining: 6m 13s
Rendered 2230/7845, time remaining: 6m 13s
Rendered 2231/7845, time remaining: 6m 13s
Rendered 2232/7845, time remaining: 6m 13s
Rendered 2233/7845, time remaining: 6m 13s
Rendered 2234/7845, time remaining: 6m 13s
Rendered 2235/7845, time remaining: 6m 13s
Rendered 2236/7845, time remaining: 6m 13s
Rendered 2237/7845, time remaining: 6m 13s
Rendered 2238/7845, time remaining: 6m 13s
Rendered 2239/7845, time remaining: 6m 13s
Rendered 2240/7845, time remaining: 6m 13s
Rendered 2241/7845, time remaining: 6m 13s
Rendered 2242/7845, time remaining: 6m 12s
Rendered 2243/7845, time remaining: 6m 12s
Rendered 2244/7845, time remaining: 6m 12s
Rendered 2245/7845, time remaining: 6m 12s
Rendered 2246/7845, time remaining: 6m 12s
Rendered 2247/7845, time remaining: 6m 12s
Rendered 2248/7845, time remaining: 6m 12s
Rendered 2249/7845, time remaining: 6m 12s
Rendered 2250/7845, time remaining: 6m 12s
Rendered 2251/7845, time remaining: 6m 12s
Rendered 2252/7845, time remaining: 6m 12s
Rendered 2253/7845, time remaining: 6m 12s
Rendered 2254/7845, time remaining: 6m 12s
Rendered 2255/7845, time remaining: 6m 12s
Rendered 2256/7845, time remaining: 6m 12s
Rendered 2257/7845, time remaining: 6m 11s
Rendered 2258/7845, time remaining: 6m 11s
Rendered 2259/7845, time remaining: 6m 11s
Rendered 2260/7845, time remaining: 6m 11s
Rendered 2261/7845, time remaining: 6m 11s
Rendered 2262/7845, time remaining: 6m 11s
Rendered 2263/7845, time remaining: 6m 11s
Rendered 2264/7845, time remaining: 6m 11s
Rendered 2265/7845, time remaining: 6m 11s
Rendered 2266/7845, time remaining: 6m 11s
Rendered 2267/7845, time remaining: 6m 11s
Rendered 2268/7845, time remaining: 6m 11s
Rendered 2269/7845, time remaining: 6m 11s
Rendered 2270/7845, time remaining: 6m 11s
Rendered 2271/7845, time remaining: 6m 10s
Rendered 2272/7845, time remaining: 6m 10s
Rendered 2273/7845, time remaining: 6m 10s
Rendered 2274/7845, time remaining: 6m 10s
Rendered 2275/7845, time remaining: 6m 10s
Rendered 2276/7845, time remaining: 6m 10s
Rendered 2277/7845, time remaining: 6m 10s
Rendered 2278/7845, time remaining: 6m 10s
Rendered 2279/7845, time remaining: 6m 10s
Rendered 2280/7845, time remaining: 6m 10s
Rendered 2281/7845, time remaining: 6m 10s
Rendered 2282/7845, time remaining: 6m 10s
Rendered 2283/7845, time remaining: 6m 10s
Rendered 2284/7845, time remaining: 6m 10s
Rendered 2285/7845, time remaining: 6m 10s
Rendered 2286/7845, time remaining: 6m 10s
Rendered 2287/7845, time remaining: 6m 9s
Rendered 2288/7845, time remaining: 6m 9s
Rendered 2289/7845, time remaining: 6m 9s
Rendered 2290/7845, time remaining: 6m 9s
Rendered 2291/7845, time remaining: 6m 9s
Rendered 2292/7845, time remaining: 6m 9s
Rendered 2293/7845, time remaining: 6m 9s
Rendered 2294/7845, time remaining: 6m 9s
Rendered 2295/7845, time remaining: 6m 9s
Rendered 2296/7845, time remaining: 6m 9s
Rendered 2297/7845, time remaining: 6m 9s
Rendered 2298/7845, time remaining: 6m 9s
Rendered 2299/7845, time remaining: 6m 9s
Rendered 2300/7845, time remaining: 6m 9s
Rendered 2301/7845, time remaining: 6m 8s
Rendered 2302/7845, time remaining: 6m 8s
Rendered 2303/7845, time remaining: 6m 8s
Rendered 2304/7845, time remaining: 6m 8s
Rendered 2305/7845, time remaining: 6m 8s
Rendered 2306/7845, time remaining: 6m 8s
Rendered 2307/7845, time remaining: 6m 8s
Rendered 2308/7845, time remaining: 6m 8s
Rendered 2309/7845, time remaining: 6m 8s
Rendered 2310/7845, time remaining: 6m 8s
Rendered 2311/7845, time remaining: 6m 8s
Rendered 2312/7845, time remaining: 6m 8s
Rendered 2313/7845, time remaining: 6m 8s
Rendered 2314/7845, time remaining: 6m 8s
Rendered 2315/7845, time remaining: 6m 8s
Rendered 2316/7845, time remaining: 6m 8s
Rendered 2317/7845, time remaining: 6m 7s
Rendered 2318/7845, time remaining: 6m 7s
Rendered 2319/7845, time remaining: 6m 7s
Rendered 2320/7845, time remaining: 6m 7s
Rendered 2321/7845, time remaining: 6m 7s
Rendered 2322/7845, time remaining: 6m 7s
Rendered 2323/7845, time remaining: 6m 7s
Rendered 2324/7845, time remaining: 6m 7s
Rendered 2325/7845, time remaining: 6m 7s
Rendered 2326/7845, time remaining: 6m 7s
Rendered 2327/7845, time remaining: 6m 7s
Rendered 2328/7845, time remaining: 6m 7s
Rendered 2329/7845, time remaining: 6m 7s
Rendered 2330/7845, time remaining: 6m 7s
Rendered 2331/7845, time remaining: 6m 6s
Rendered 2332/7845, time remaining: 6m 6s
Rendered 2333/7845, time remaining: 6m 6s
Rendered 2334/7845, time remaining: 6m 6s
Rendered 2335/7845, time remaining: 6m 6s
Rendered 2336/7845, time remaining: 6m 6s
Rendered 2337/7845, time remaining: 6m 6s
Rendered 2338/7845, time remaining: 6m 6s
Rendered 2339/7845, time remaining: 6m 6s
Rendered 2340/7845, time remaining: 6m 6s
Rendered 2341/7845, time remaining: 6m 6s
Rendered 2342/7845, time remaining: 6m 6s
Rendered 2343/7845, time remaining: 6m 6s
Rendered 2344/7845, time remaining: 6m 6s
Rendered 2345/7845, time remaining: 6m 6s
Rendered 2346/7845, time remaining: 6m 6s
Rendered 2347/7845, time remaining: 6m 5s
Rendered 2348/7845, time remaining: 6m 5s
Rendered 2349/7845, time remaining: 6m 5s
Rendered 2350/7845, time remaining: 6m 5s
Rendered 2351/7845, time remaining: 6m 5s
Rendered 2352/7845, time remaining: 6m 5s
Rendered 2353/7845, time remaining: 6m 5s
Rendered 2354/7845, time remaining: 6m 5s
Rendered 2355/7845, time remaining: 6m 5s
Rendered 2356/7845, time remaining: 6m 5s
Rendered 2357/7845, time remaining: 6m 5s
Rendered 2358/7845, time remaining: 6m 5s
Rendered 2359/7845, time remaining: 6m 5s
Rendered 2360/7845, time remaining: 6m 5s
Rendered 2361/7845, time remaining: 6m 5s
Rendered 2362/7845, time remaining: 6m 4s
Rendered 2363/7845, time remaining: 6m 4s
Rendered 2364/7845, time remaining: 6m 4s
Rendered 2365/7845, time remaining: 6m 4s
Rendered 2366/7845, time remaining: 6m 4s
Rendered 2367/7845, time remaining: 6m 4s
Rendered 2368/7845, time remaining: 6m 4s
Rendered 2369/7845, time remaining: 6m 4s
Rendered 2370/7845, time remaining: 6m 4s
Rendered 2371/7845, time remaining: 6m 4s
Rendered 2372/7845, time remaining: 6m 4s
Rendered 2373/7845, time remaining: 6m 4s
Rendered 2374/7845, time remaining: 6m 4s
Rendered 2375/7845, time remaining: 6m 4s
Rendered 2376/7845, time remaining: 6m 4s
Rendered 2377/7845, time remaining: 6m 3s
Rendered 2378/7845, time remaining: 6m 3s
Rendered 2379/7845, time remaining: 6m 3s
Rendered 2380/7845, time remaining: 6m 3s
Rendered 2381/7845, time remaining: 6m 3s
Rendered 2382/7845, time remaining: 6m 3s
Rendered 2383/7845, time remaining: 6m 3s
Rendered 2384/7845, time remaining: 6m 3s
Rendered 2385/7845, time remaining: 6m 3s
Rendered 2386/7845, time remaining: 6m 3s
Rendered 2387/7845, time remaining: 6m 3s
Rendered 2388/7845, time remaining: 6m 3s
Rendered 2389/7845, time remaining: 6m 3s
Rendered 2390/7845, time remaining: 6m 3s
Rendered 2391/7845, time remaining: 6m 3s
Rendered 2392/7845, time remaining: 6m 2s
Rendered 2393/7845, time remaining: 6m 2s
Rendered 2394/7845, time remaining: 6m 2s
Rendered 2395/7845, time remaining: 6m 2s
Rendered 2396/7845, time remaining: 6m 2s
Rendered 2397/7845, time remaining: 6m 2s
Rendered 2398/7845, time remaining: 6m 2s
Rendered 2399/7845, time remaining: 6m 2s
Rendered 2400/7845, time remaining: 6m 2s
Rendered 2401/7845, time remaining: 6m 2s
Rendered 2402/7845, time remaining: 6m 2s
Rendered 2403/7845, time remaining: 6m 2s
Rendered 2404/7845, time remaining: 6m 2s
Rendered 2405/7845, time remaining: 6m 2s
Rendered 2406/7845, time remaining: 6m 2s
Rendered 2407/7845, time remaining: 6m 1s
Rendered 2408/7845, time remaining: 6m 1s
Rendered 2409/7845, time remaining: 6m 1s
Rendered 2410/7845, time remaining: 6m 1s
Rendered 2411/7845, time remaining: 6m 1s
Rendered 2412/7845, time remaining: 6m 1s
Rendered 2413/7845, time remaining: 6m 1s
Rendered 2414/7845, time remaining: 6m 1s
Rendered 2415/7845, time remaining: 6m 1s
Rendered 2416/7845, time remaining: 6m 1s
Rendered 2417/7845, time remaining: 6m 1s
Rendered 2418/7845, time remaining: 6m 1s
Rendered 2419/7845, time remaining: 6m 1s
Rendered 2420/7845, time remaining: 6m 1s
Rendered 2421/7845, time remaining: 6m 1s
Rendered 2422/7845, time remaining: 6m 0s
Rendered 2423/7845, time remaining: 6m 0s
Rendered 2424/7845, time remaining: 6m 0s
Rendered 2425/7845, time remaining: 6m 0s
Rendered 2426/7845, time remaining: 6m 0s
Rendered 2427/7845, time remaining: 6m 0s
Rendered 2428/7845, time remaining: 6m 0s
Rendered 2429/7845, time remaining: 6m 0s
Rendered 2430/7845, time remaining: 6m 0s
Rendered 2431/7845, time remaining: 6m 0s
Rendered 2432/7845, time remaining: 6m 0s
Rendered 2433/7845, time remaining: 6m 0s
Rendered 2434/7845, time remaining: 6m 0s
Rendered 2435/7845, time remaining: 6m 0s
Rendered 2436/7845, time remaining: 6m 0s
Rendered 2437/7845, time remaining: 5m 59s
Rendered 2438/7845, time remaining: 5m 59s
Rendered 2439/7845, time remaining: 5m 59s
Rendered 2440/7845, time remaining: 5m 59s
Rendered 2441/7845, time remaining: 5m 59s
Rendered 2442/7845, time remaining: 5m 59s
Rendered 2443/7845, time remaining: 5m 59s
Rendered 2444/7845, time remaining: 5m 59s
Rendered 2445/7845, time remaining: 5m 59s
Rendered 2446/7845, time remaining: 5m 59s
Rendered 2447/7845, time remaining: 5m 59s
Rendered 2448/7845, time remaining: 5m 59s
Rendered 2449/7845, time remaining: 5m 59s
Rendered 2450/7845, time remaining: 5m 59s
Rendered 2451/7845, time remaining: 5m 59s
Rendered 2452/7845, time remaining: 5m 58s
Rendered 2453/7845, time remaining: 5m 58s
Rendered 2454/7845, time remaining: 5m 58s
Rendered 2455/7845, time remaining: 5m 58s
Rendered 2456/7845, time remaining: 5m 58s
Rendered 2457/7845, time remaining: 5m 58s
Rendered 2458/7845, time remaining: 5m 58s
Rendered 2459/7845, time remaining: 5m 58s
Rendered 2460/7845, time remaining: 5m 58s
Rendered 2461/7845, time remaining: 5m 58s
Rendered 2462/7845, time remaining: 5m 58s
Rendered 2463/7845, time remaining: 5m 58s
Rendered 2464/7845, time remaining: 5m 58s
Rendered 2465/7845, time remaining: 5m 58s
Rendered 2466/7845, time remaining: 5m 58s
Rendered 2467/7845, time remaining: 5m 57s
Rendered 2468/7845, time remaining: 5m 57s
Rendered 2469/7845, time remaining: 5m 57s
Rendered 2470/7845, time remaining: 5m 57s
Rendered 2471/7845, time remaining: 5m 57s
Rendered 2472/7845, time remaining: 5m 57s
Rendered 2473/7845, time remaining: 5m 57s
Rendered 2474/7845, time remaining: 5m 57s
Rendered 2475/7845, time remaining: 5m 57s
Rendered 2476/7845, time remaining: 5m 57s
Rendered 2477/7845, time remaining: 5m 57s
Rendered 2478/7845, time remaining: 5m 57s
Rendered 2479/7845, time remaining: 5m 57s
Rendered 2480/7845, time remaining: 5m 57s
Rendered 2481/7845, time remaining: 5m 57s
Rendered 2482/7845, time remaining: 5m 56s
Rendered 2483/7845, time remaining: 5m 56s
Rendered 2484/7845, time remaining: 5m 56s
Rendered 2485/7845, time remaining: 5m 56s
Rendered 2486/7845, time remaining: 5m 56s
Rendered 2487/7845, time remaining: 5m 56s
Rendered 2488/7845, time remaining: 5m 56s
Rendered 2489/7845, time remaining: 5m 56s
Rendered 2490/7845, time remaining: 5m 56s
Rendered 2491/7845, time remaining: 5m 56s
Rendered 2492/7845, time remaining: 5m 56s
Rendered 2493/7845, time remaining: 5m 56s
Rendered 2494/7845, time remaining: 5m 56s
Rendered 2495/7845, time remaining: 5m 56s
Rendered 2496/7845, time remaining: 5m 56s
Rendered 2497/7845, time remaining: 5m 56s
Rendered 2498/7845, time remaining: 5m 55s
Rendered 2499/7845, time remaining: 5m 55s
Rendered 2500/7845, time remaining: 5m 55s
Rendered 2501/7845, time remaining: 5m 55s
Rendered 2502/7845, time remaining: 5m 55s
Rendered 2503/7845, time remaining: 5m 55s
Rendered 2504/7845, time remaining: 5m 55s
Rendered 2505/7845, time remaining: 5m 55s
Rendered 2506/7845, time remaining: 5m 55s
Rendered 2507/7845, time remaining: 5m 55s
Rendered 2508/7845, time remaining: 5m 55s
Rendered 2509/7845, time remaining: 5m 55s
Rendered 2510/7845, time remaining: 5m 55s
Rendered 2511/7845, time remaining: 5m 55s
Rendered 2512/7845, time remaining: 5m 54s
Rendered 2513/7845, time remaining: 5m 54s
Rendered 2514/7845, time remaining: 5m 54s
Rendered 2515/7845, time remaining: 5m 54s
Rendered 2516/7845, time remaining: 5m 54s
Rendered 2517/7845, time remaining: 5m 54s
Rendered 2518/7845, time remaining: 5m 54s
Rendered 2519/7845, time remaining: 5m 54s
Rendered 2520/7845, time remaining: 5m 54s
Rendered 2521/7845, time remaining: 5m 54s
Rendered 2522/7845, time remaining: 5m 54s
Rendered 2523/7845, time remaining: 5m 54s
Rendered 2524/7845, time remaining: 5m 54s
Rendered 2525/7845, time remaining: 5m 54s
Rendered 2526/7845, time remaining: 5m 54s
Rendered 2527/7845, time remaining: 5m 54s
Rendered 2528/7845, time remaining: 5m 53s
Rendered 2529/7845, time remaining: 5m 53s
Rendered 2530/7845, time remaining: 5m 53s
Rendered 2531/7845, time remaining: 5m 53s
Rendered 2532/7845, time remaining: 5m 53s
Rendered 2533/7845, time remaining: 5m 53s
Rendered 2534/7845, time remaining: 5m 53s
Rendered 2535/7845, time remaining: 5m 53s
Rendered 2536/7845, time remaining: 5m 53s
Rendered 2537/7845, time remaining: 5m 53s
Rendered 2538/7845, time remaining: 5m 53s
Rendered 2539/7845, time remaining: 5m 53s
Rendered 2540/7845, time remaining: 5m 53s
Rendered 2541/7845, time remaining: 5m 53s
Rendered 2542/7845, time remaining: 5m 53s
Rendered 2543/7845, time remaining: 5m 52s
Rendered 2544/7845, time remaining: 5m 52s
Rendered 2545/7845, time remaining: 5m 52s
Rendered 2546/7845, time remaining: 5m 52s
Rendered 2547/7845, time remaining: 5m 52s
Rendered 2548/7845, time remaining: 5m 52s
Rendered 2549/7845, time remaining: 5m 52s
Rendered 2550/7845, time remaining: 5m 52s
Rendered 2551/7845, time remaining: 5m 52s
Rendered 2552/7845, time remaining: 5m 52s
Rendered 2553/7845, time remaining: 5m 52s
Rendered 2554/7845, time remaining: 5m 52s
Rendered 2555/7845, time remaining: 5m 52s
Rendered 2556/7845, time remaining: 5m 52s
Rendered 2557/7845, time remaining: 5m 52s
Rendered 2558/7845, time remaining: 5m 51s
Rendered 2559/7845, time remaining: 5m 51s
Rendered 2560/7845, time remaining: 5m 51s
Rendered 2561/7845, time remaining: 5m 51s
Rendered 2562/7845, time remaining: 5m 51s
Rendered 2563/7845, time remaining: 5m 51s
Rendered 2564/7845, time remaining: 5m 51s
Rendered 2565/7845, time remaining: 5m 51s
Rendered 2566/7845, time remaining: 5m 51s
Rendered 2567/7845, time remaining: 5m 51s
Rendered 2568/7845, time remaining: 5m 51s
Rendered 2569/7845, time remaining: 5m 51s
Rendered 2570/7845, time remaining: 5m 51s
Rendered 2571/7845, time remaining: 5m 51s
Rendered 2572/7845, time remaining: 5m 51s
Rendered 2573/7845, time remaining: 5m 50s
Rendered 2574/7845, time remaining: 5m 50s
Rendered 2575/7845, time remaining: 5m 50s
Rendered 2576/7845, time remaining: 5m 50s
Rendered 2577/7845, time remaining: 5m 50s
Rendered 2578/7845, time remaining: 5m 50s
Rendered 2579/7845, time remaining: 5m 50s
Rendered 2580/7845, time remaining: 5m 50s
Rendered 2581/7845, time remaining: 5m 50s
Rendered 2582/7845, time remaining: 5m 50s
Rendered 2583/7845, time remaining: 5m 50s
Rendered 2584/7845, time remaining: 5m 50s
Rendered 2585/7845, time remaining: 5m 50s
Rendered 2586/7845, time remaining: 5m 50s
Rendered 2587/7845, time remaining: 5m 50s
Rendered 2588/7845, time remaining: 5m 49s
Rendered 2589/7845, time remaining: 5m 49s
Rendered 2590/7845, time remaining: 5m 49s
Rendered 2591/7845, time remaining: 5m 49s
Rendered 2592/7845, time remaining: 5m 49s
Rendered 2593/7845, time remaining: 5m 49s
Rendered 2594/7845, time remaining: 5m 49s
Rendered 2595/7845, time remaining: 5m 49s
Rendered 2596/7845, time remaining: 5m 49s
Rendered 2597/7845, time remaining: 5m 49s
Rendered 2598/7845, time remaining: 5m 49s
Rendered 2599/7845, time remaining: 5m 49s
Rendered 2600/7845, time remaining: 5m 49s
Rendered 2601/7845, time remaining: 5m 49s
Rendered 2602/7845, time remaining: 5m 49s
Rendered 2603/7845, time remaining: 5m 48s
Rendered 2604/7845, time remaining: 5m 48s
Rendered 2605/7845, time remaining: 5m 48s
Rendered 2606/7845, time remaining: 5m 48s
Rendered 2607/7845, time remaining: 5m 48s
Rendered 2608/7845, time remaining: 5m 48s
Rendered 2609/7845, time remaining: 5m 48s
Rendered 2610/7845, time remaining: 5m 48s
Rendered 2611/7845, time remaining: 5m 48s
Rendered 2612/7845, time remaining: 5m 48s
Rendered 2613/7845, time remaining: 5m 48s
Rendered 2614/7845, time remaining: 5m 48s
Rendered 2615/7845, time remaining: 5m 48s
Rendered 2616/7845, time remaining: 5m 48s
Rendered 2617/7845, time remaining: 5m 48s
Rendered 2618/7845, time remaining: 5m 47s
Rendered 2619/7845, time remaining: 5m 47s
Rendered 2620/7845, time remaining: 5m 47s
Rendered 2621/7845, time remaining: 5m 47s
Rendered 2622/7845, time remaining: 5m 47s
Rendered 2623/7845, time remaining: 5m 47s
Rendered 2624/7845, time remaining: 5m 47s
Rendered 2625/7845, time remaining: 5m 47s
Rendered 2626/7845, time remaining: 5m 47s
Rendered 2627/7845, time remaining: 5m 47s
Rendered 2628/7845, time remaining: 5m 47s
Rendered 2629/7845, time remaining: 5m 47s
Rendered 2630/7845, time remaining: 5m 47s
Rendered 2631/7845, time remaining: 5m 47s
Rendered 2632/7845, time remaining: 5m 47s
Rendered 2633/7845, time remaining: 5m 46s
Rendered 2634/7845, time remaining: 5m 46s
Rendered 2635/7845, time remaining: 5m 46s
Rendered 2636/7845, time remaining: 5m 46s
Rendered 2637/7845, time remaining: 5m 46s
Rendered 2638/7845, time remaining: 5m 46s
Rendered 2639/7845, time remaining: 5m 46s
Rendered 2640/7845, time remaining: 5m 46s
Rendered 2641/7845, time remaining: 5m 46s
Rendered 2642/7845, time remaining: 5m 46s
Rendered 2643/7845, time remaining: 5m 46s
Rendered 2644/7845, time remaining: 5m 46s
Rendered 2645/7845, time remaining: 5m 46s
Rendered 2646/7845, time remaining: 5m 46s
Rendered 2647/7845, time remaining: 5m 46s
Rendered 2648/7845, time remaining: 5m 45s
Rendered 2649/7845, time remaining: 5m 45s
Rendered 2650/7845, time remaining: 5m 45s
Rendered 2651/7845, time remaining: 5m 45s
Rendered 2652/7845, time remaining: 5m 45s
Rendered 2653/7845, time remaining: 5m 45s
Rendered 2654/7845, time remaining: 5m 45s
Rendered 2655/7845, time remaining: 5m 45s
Rendered 2656/7845, time remaining: 5m 45s
Rendered 2657/7845, time remaining: 5m 45s
Rendered 2658/7845, time remaining: 5m 45s
Rendered 2659/7845, time remaining: 5m 45s
Rendered 2660/7845, time remaining: 5m 45s
Rendered 2661/7845, time remaining: 5m 45s
Rendered 2662/7845, time remaining: 5m 45s
Rendered 2663/7845, time remaining: 5m 44s
Rendered 2664/7845, time remaining: 5m 44s
Rendered 2665/7845, time remaining: 5m 44s
Rendered 2666/7845, time remaining: 5m 44s
Rendered 2667/7845, time remaining: 5m 44s
Rendered 2668/7845, time remaining: 5m 44s
Rendered 2669/7845, time remaining: 5m 44s
Rendered 2670/7845, time remaining: 5m 44s
Rendered 2671/7845, time remaining: 5m 44s
Rendered 2672/7845, time remaining: 5m 44s
Rendered 2673/7845, time remaining: 5m 44s
Rendered 2674/7845, time remaining: 5m 44s
Rendered 2675/7845, time remaining: 5m 44s
Rendered 2676/7845, time remaining: 5m 44s
Rendered 2677/7845, time remaining: 5m 44s
Rendered 2678/7845, time remaining: 5m 43s
Rendered 2679/7845, time remaining: 5m 43s
Rendered 2680/7845, time remaining: 5m 43s
Rendered 2681/7845, time remaining: 5m 43s
Rendered 2682/7845, time remaining: 5m 43s
Rendered 2683/7845, time remaining: 5m 43s
Rendered 2684/7845, time remaining: 5m 43s
Rendered 2685/7845, time remaining: 5m 43s
Rendered 2686/7845, time remaining: 5m 43s
Rendered 2687/7845, time remaining: 5m 43s
Rendered 2688/7845, time remaining: 5m 43s
Rendered 2689/7845, time remaining: 5m 43s
Rendered 2690/7845, time remaining: 5m 43s
Rendered 2691/7845, time remaining: 5m 43s
Rendered 2692/7845, time remaining: 5m 43s
Rendered 2693/7845, time remaining: 5m 42s
Rendered 2694/7845, time remaining: 5m 42s
Rendered 2695/7845, time remaining: 5m 42s
Rendered 2696/7845, time remaining: 5m 42s
Rendered 2697/7845, time remaining: 5m 42s
Rendered 2698/7845, time remaining: 5m 42s
Rendered 2699/7845, time remaining: 5m 42s
Rendered 2700/7845, time remaining: 5m 42s
Rendered 2701/7845, time remaining: 5m 42s
Rendered 2702/7845, time remaining: 5m 42s
Rendered 2703/7845, time remaining: 5m 42s
Rendered 2704/7845, time remaining: 5m 42s
Rendered 2705/7845, time remaining: 5m 42s
Rendered 2706/7845, time remaining: 5m 42s
Rendered 2707/7845, time remaining: 5m 42s
Rendered 2708/7845, time remaining: 5m 41s
Rendered 2709/7845, time remaining: 5m 41s
Rendered 2710/7845, time remaining: 5m 41s
Rendered 2711/7845, time remaining: 5m 41s
Rendered 2712/7845, time remaining: 5m 41s
Rendered 2713/7845, time remaining: 5m 41s
Rendered 2714/7845, time remaining: 5m 41s
Rendered 2715/7845, time remaining: 5m 41s
Rendered 2716/7845, time remaining: 5m 41s
Rendered 2717/7845, time remaining: 5m 41s
Rendered 2718/7845, time remaining: 5m 41s
Rendered 2719/7845, time remaining: 5m 41s
Rendered 2720/7845, time remaining: 5m 41s
Rendered 2721/7845, time remaining: 5m 41s
Rendered 2722/7845, time remaining: 5m 41s
Rendered 2723/7845, time remaining: 5m 40s
Rendered 2724/7845, time remaining: 5m 40s
Rendered 2725/7845, time remaining: 5m 40s
Rendered 2726/7845, time remaining: 5m 40s
Rendered 2727/7845, time remaining: 5m 40s
Rendered 2728/7845, time remaining: 5m 40s
Rendered 2729/7845, time remaining: 5m 40s
Rendered 2730/7845, time remaining: 5m 40s
Rendered 2731/7845, time remaining: 5m 40s
Rendered 2732/7845, time remaining: 5m 40s
Rendered 2733/7845, time remaining: 5m 40s
Rendered 2734/7845, time remaining: 5m 40s
Rendered 2735/7845, time remaining: 5m 40s
Rendered 2736/7845, time remaining: 5m 40s
Rendered 2737/7845, time remaining: 5m 40s
Rendered 2738/7845, time remaining: 5m 39s
Rendered 2739/7845, time remaining: 5m 39s
Rendered 2740/7845, time remaining: 5m 39s
Rendered 2741/7845, time remaining: 5m 39s
Rendered 2742/7845, time remaining: 5m 39s
Rendered 2743/7845, time remaining: 5m 39s
Rendered 2744/7845, time remaining: 5m 39s
Rendered 2745/7845, time remaining: 5m 39s
Rendered 2746/7845, time remaining: 5m 39s
Rendered 2747/7845, time remaining: 5m 39s
Rendered 2748/7845, time remaining: 5m 39s
Rendered 2749/7845, time remaining: 5m 39s
Rendered 2750/7845, time remaining: 5m 39s
Rendered 2751/7845, time remaining: 5m 39s
Rendered 2752/7845, time remaining: 5m 39s
Rendered 2753/7845, time remaining: 5m 38s
Rendered 2754/7845, time remaining: 5m 38s
Rendered 2755/7845, time remaining: 5m 38s
Rendered 2756/7845, time remaining: 5m 38s
Rendered 2757/7845, time remaining: 5m 38s
Rendered 2758/7845, time remaining: 5m 38s
Rendered 2759/7845, time remaining: 5m 38s
Rendered 2760/7845, time remaining: 5m 38s
Rendered 2761/7845, time remaining: 5m 38s
Rendered 2762/7845, time remaining: 5m 38s
Rendered 2763/7845, time remaining: 5m 38s
Rendered 2764/7845, time remaining: 5m 38s
Rendered 2765/7845, time remaining: 5m 38s
Rendered 2766/7845, time remaining: 5m 38s
Rendered 2767/7845, time remaining: 5m 38s
Rendered 2768/7845, time remaining: 5m 37s
Rendered 2769/7845, time remaining: 5m 37s
Rendered 2770/7845, time remaining: 5m 37s
Rendered 2771/7845, time remaining: 5m 37s
Rendered 2772/7845, time remaining: 5m 37s
Rendered 2773/7845, time remaining: 5m 37s
Rendered 2774/7845, time remaining: 5m 37s
Rendered 2775/7845, time remaining: 5m 37s
Rendered 2776/7845, time remaining: 5m 37s
Rendered 2777/7845, time remaining: 5m 37s
Rendered 2778/7845, time remaining: 5m 37s
Rendered 2779/7845, time remaining: 5m 37s
Rendered 2780/7845, time remaining: 5m 37s
Rendered 2781/7845, time remaining: 5m 37s
Rendered 2782/7845, time remaining: 5m 37s
Rendered 2783/7845, time remaining: 5m 37s
Rendered 2784/7845, time remaining: 5m 36s
Rendered 2785/7845, time remaining: 5m 36s
Rendered 2786/7845, time remaining: 5m 36s
Rendered 2787/7845, time remaining: 5m 36s
Rendered 2788/7845, time remaining: 5m 36s
Rendered 2789/7845, time remaining: 5m 36s
Rendered 2790/7845, time remaining: 5m 36s
Rendered 2791/7845, time remaining: 5m 36s
Rendered 2792/7845, time remaining: 5m 36s
Rendered 2793/7845, time remaining: 5m 36s
Rendered 2794/7845, time remaining: 5m 36s
Rendered 2795/7845, time remaining: 5m 36s
Rendered 2796/7845, time remaining: 5m 36s
Rendered 2797/7845, time remaining: 5m 36s
Rendered 2798/7845, time remaining: 5m 36s
Rendered 2799/7845, time remaining: 5m 35s
Rendered 2800/7845, time remaining: 5m 35s
Rendered 2801/7845, time remaining: 5m 35s
Rendered 2802/7845, time remaining: 5m 35s
Rendered 2803/7845, time remaining: 5m 35s
Rendered 2804/7845, time remaining: 5m 35s
Rendered 2805/7845, time remaining: 5m 35s
Rendered 2806/7845, time remaining: 5m 35s
Rendered 2807/7845, time remaining: 5m 35s
Rendered 2808/7845, time remaining: 5m 35s
Rendered 2809/7845, time remaining: 5m 35s
Rendered 2810/7845, time remaining: 5m 35s
Rendered 2811/7845, time remaining: 5m 35s
Rendered 2812/7845, time remaining: 5m 35s
Rendered 2813/7845, time remaining: 5m 35s
Rendered 2814/7845, time remaining: 5m 34s
Rendered 2815/7845, time remaining: 5m 34s
Rendered 2816/7845, time remaining: 5m 34s
Rendered 2817/7845, time remaining: 5m 34s
Rendered 2818/7845, time remaining: 5m 34s
Rendered 2819/7845, time remaining: 5m 34s
Rendered 2820/7845, time remaining: 5m 34s
Rendered 2821/7845, time remaining: 5m 34s
Rendered 2822/7845, time remaining: 5m 34s
Rendered 2823/7845, time remaining: 5m 34s
Rendered 2824/7845, time remaining: 5m 34s
Rendered 2825/7845, time remaining: 5m 34s
Rendered 2826/7845, time remaining: 5m 34s
Rendered 2827/7845, time remaining: 5m 34s
Rendered 2828/7845, time remaining: 5m 34s
Rendered 2829/7845, time remaining: 5m 33s
Rendered 2830/7845, time remaining: 5m 33s
Rendered 2831/7845, time remaining: 5m 33s
Rendered 2832/7845, time remaining: 5m 33s
Rendered 2833/7845, time remaining: 5m 33s
Rendered 2834/7845, time remaining: 5m 33s
Rendered 2835/7845, time remaining: 5m 33s
Rendered 2836/7845, time remaining: 5m 33s
Rendered 2837/7845, time remaining: 5m 33s
Rendered 2838/7845, time remaining: 5m 33s
Rendered 2839/7845, time remaining: 5m 33s
Rendered 2840/7845, time remaining: 5m 33s
Rendered 2841/7845, time remaining: 5m 33s
Rendered 2842/7845, time remaining: 5m 33s
Rendered 2843/7845, time remaining: 5m 33s
Rendered 2844/7845, time remaining: 5m 32s
Rendered 2845/7845, time remaining: 5m 32s
Rendered 2846/7845, time remaining: 5m 32s
Rendered 2847/7845, time remaining: 5m 32s
Rendered 2848/7845, time remaining: 5m 32s
Rendered 2849/7845, time remaining: 5m 32s
Rendered 2850/7845, time remaining: 5m 32s
Rendered 2851/7845, time remaining: 5m 32s
Rendered 2852/7845, time remaining: 5m 32s
Rendered 2853/7845, time remaining: 5m 32s
Rendered 2854/7845, time remaining: 5m 32s
Rendered 2855/7845, time remaining: 5m 32s
Rendered 2856/7845, time remaining: 5m 32s
Rendered 2857/7845, time remaining: 5m 32s
Rendered 2858/7845, time remaining: 5m 32s
Rendered 2859/7845, time remaining: 5m 31s
Rendered 2860/7845, time remaining: 5m 31s
Rendered 2861/7845, time remaining: 5m 31s
Rendered 2862/7845, time remaining: 5m 31s
Rendered 2863/7845, time remaining: 5m 31s
Rendered 2864/7845, time remaining: 5m 31s
Rendered 2865/7845, time remaining: 5m 31s
Rendered 2866/7845, time remaining: 5m 31s
Rendered 2867/7845, time remaining: 5m 31s
Rendered 2868/7845, time remaining: 5m 31s
Rendered 2869/7845, time remaining: 5m 31s
Rendered 2870/7845, time remaining: 5m 31s
Rendered 2871/7845, time remaining: 5m 31s
Rendered 2872/7845, time remaining: 5m 31s
Rendered 2873/7845, time remaining: 5m 31s
Rendered 2874/7845, time remaining: 5m 30s
Rendered 2875/7845, time remaining: 5m 30s
Rendered 2876/7845, time remaining: 5m 30s
Rendered 2877/7845, time remaining: 5m 30s
Rendered 2878/7845, time remaining: 5m 30s
Rendered 2879/7845, time remaining: 5m 30s
Rendered 2880/7845, time remaining: 5m 30s
Rendered 2881/7845, time remaining: 5m 30s
Rendered 2882/7845, time remaining: 5m 30s
Rendered 2883/7845, time remaining: 5m 30s
Rendered 2884/7845, time remaining: 5m 30s
Rendered 2885/7845, time remaining: 5m 30s
Rendered 2886/7845, time remaining: 5m 30s
Rendered 2887/7845, time remaining: 5m 30s
Rendered 2888/7845, time remaining: 5m 30s
Rendered 2889/7845, time remaining: 5m 29s
Rendered 2890/7845, time remaining: 5m 29s
Rendered 2891/7845, time remaining: 5m 29s
Rendered 2892/7845, time remaining: 5m 29s
Rendered 2893/7845, time remaining: 5m 29s
Rendered 2894/7845, time remaining: 5m 29s
Rendered 2895/7845, time remaining: 5m 29s
Rendered 2896/7845, time remaining: 5m 29s
Rendered 2897/7845, time remaining: 5m 29s
Rendered 2898/7845, time remaining: 5m 29s
Rendered 2899/7845, time remaining: 5m 29s
Rendered 2900/7845, time remaining: 5m 29s
Rendered 2901/7845, time remaining: 5m 29s
Rendered 2902/7845, time remaining: 5m 29s
Rendered 2903/7845, time remaining: 5m 29s
Rendered 2904/7845, time remaining: 5m 28s
Rendered 2905/7845, time remaining: 5m 28s
Rendered 2906/7845, time remaining: 5m 28s
Rendered 2907/7845, time remaining: 5m 28s
Rendered 2908/7845, time remaining: 5m 28s
Rendered 2909/7845, time remaining: 5m 28s
Rendered 2910/7845, time remaining: 5m 28s
Rendered 2911/7845, time remaining: 5m 28s
Rendered 2912/7845, time remaining: 5m 28s
Rendered 2913/7845, time remaining: 5m 28s
Rendered 2914/7845, time remaining: 5m 28s
Rendered 2915/7845, time remaining: 5m 28s
Rendered 2916/7845, time remaining: 5m 28s
Rendered 2917/7845, time remaining: 5m 28s
Rendered 2918/7845, time remaining: 5m 28s
Rendered 2919/7845, time remaining: 5m 27s
Rendered 2920/7845, time remaining: 5m 27s
Rendered 2921/7845, time remaining: 5m 27s
Rendered 2922/7845, time remaining: 5m 27s
Rendered 2923/7845, time remaining: 5m 27s
Rendered 2924/7845, time remaining: 5m 27s
Rendered 2925/7845, time remaining: 5m 27s
Rendered 2926/7845, time remaining: 5m 27s
Rendered 2927/7845, time remaining: 5m 27s
Rendered 2928/7845, time remaining: 5m 27s
Rendered 2929/7845, time remaining: 5m 27s
Rendered 2930/7845, time remaining: 5m 27s
Rendered 2931/7845, time remaining: 5m 27s
Rendered 2932/7845, time remaining: 5m 27s
Rendered 2933/7845, time remaining: 5m 27s
Rendered 2934/7845, time remaining: 5m 26s
Rendered 2935/7845, time remaining: 5m 26s
Rendered 2936/7845, time remaining: 5m 26s
Rendered 2937/7845, time remaining: 5m 26s
Rendered 2938/7845, time remaining: 5m 26s
Rendered 2939/7845, time remaining: 5m 26s
Rendered 2940/7845, time remaining: 5m 26s
Rendered 2941/7845, time remaining: 5m 26s
Rendered 2942/7845, time remaining: 5m 26s
Rendered 2943/7845, time remaining: 5m 26s
Rendered 2944/7845, time remaining: 5m 26s
Rendered 2945/7845, time remaining: 5m 26s
Rendered 2946/7845, time remaining: 5m 26s
Rendered 2947/7845, time remaining: 5m 26s
Rendered 2948/7845, time remaining: 5m 26s
Rendered 2949/7845, time remaining: 5m 25s
Rendered 2950/7845, time remaining: 5m 25s
Rendered 2951/7845, time remaining: 5m 25s
Rendered 2952/7845, time remaining: 5m 25s
Rendered 2953/7845, time remaining: 5m 25s
Rendered 2954/7845, time remaining: 5m 25s
Rendered 2955/7845, time remaining: 5m 25s
Rendered 2956/7845, time remaining: 5m 25s
Rendered 2957/7845, time remaining: 5m 25s
Rendered 2958/7845, time remaining: 5m 25s
Rendered 2959/7845, time remaining: 5m 25s
Rendered 2960/7845, time remaining: 5m 25s
Rendered 2961/7845, time remaining: 5m 25s
Rendered 2962/7845, time remaining: 5m 25s
Rendered 2963/7845, time remaining: 5m 25s
Rendered 2964/7845, time remaining: 5m 24s
Rendered 2965/7845, time remaining: 5m 24s
Rendered 2966/7845, time remaining: 5m 24s
Rendered 2967/7845, time remaining: 5m 24s
Rendered 2968/7845, time remaining: 5m 24s
Rendered 2969/7845, time remaining: 5m 24s
Rendered 2970/7845, time remaining: 5m 24s
Rendered 2971/7845, time remaining: 5m 24s
Rendered 2972/7845, time remaining: 5m 24s
Rendered 2973/7845, time remaining: 5m 24s
Rendered 2974/7845, time remaining: 5m 24s
Rendered 2975/7845, time remaining: 5m 24s
Rendered 2976/7845, time remaining: 5m 24s
Rendered 2977/7845, time remaining: 5m 24s
Rendered 2978/7845, time remaining: 5m 24s
Rendered 2979/7845, time remaining: 5m 23s
Rendered 2980/7845, time remaining: 5m 23s
Rendered 2981/7845, time remaining: 5m 23s
Rendered 2982/7845, time remaining: 5m 23s
Rendered 2983/7845, time remaining: 5m 23s
Rendered 2984/7845, time remaining: 5m 23s
Rendered 2985/7845, time remaining: 5m 23s
Rendered 2986/7845, time remaining: 5m 23s
Rendered 2987/7845, time remaining: 5m 23s
Rendered 2988/7845, time remaining: 5m 23s
Rendered 2989/7845, time remaining: 5m 23s
Rendered 2990/7845, time remaining: 5m 23s
Rendered 2991/7845, time remaining: 5m 23s
Rendered 2992/7845, time remaining: 5m 23s
Rendered 2993/7845, time remaining: 5m 23s
Rendered 2994/7845, time remaining: 5m 22s
Rendered 2995/7845, time remaining: 5m 22s
Rendered 2996/7845, time remaining: 5m 22s
Rendered 2997/7845, time remaining: 5m 22s
Rendered 2998/7845, time remaining: 5m 22s
Rendered 2999/7845, time remaining: 5m 22s
Rendered 3000/7845, time remaining: 5m 22s
Rendered 3001/7845, time remaining: 5m 22s
Rendered 3002/7845, time remaining: 5m 22s
Rendered 3003/7845, time remaining: 5m 22s
Rendered 3004/7845, time remaining: 5m 22s
Rendered 3005/7845, time remaining: 5m 22s
Rendered 3006/7845, time remaining: 5m 22s
Rendered 3007/7845, time remaining: 5m 22s
Rendered 3008/7845, time remaining: 5m 22s
Rendered 3009/7845, time remaining: 5m 21s
Rendered 3010/7845, time remaining: 5m 21s
Rendered 3011/7845, time remaining: 5m 21s
Rendered 3012/7845, time remaining: 5m 21s
Rendered 3013/7845, time remaining: 5m 21s
Rendered 3014/7845, time remaining: 5m 21s
Rendered 3015/7845, time remaining: 5m 21s
Rendered 3016/7845, time remaining: 5m 21s
Rendered 3017/7845, time remaining: 5m 21s
Rendered 3018/7845, time remaining: 5m 21s
Rendered 3019/7845, time remaining: 5m 21s
Rendered 3020/7845, time remaining: 5m 21s
Rendered 3021/7845, time remaining: 5m 21s
Rendered 3022/7845, time remaining: 5m 21s
Rendered 3023/7845, time remaining: 5m 21s
Rendered 3024/7845, time remaining: 5m 20s
Rendered 3025/7845, time remaining: 5m 20s
Rendered 3026/7845, time remaining: 5m 20s
Rendered 3027/7845, time remaining: 5m 20s
Rendered 3028/7845, time remaining: 5m 20s
Rendered 3029/7845, time remaining: 5m 20s
Rendered 3030/7845, time remaining: 5m 20s
Rendered 3031/7845, time remaining: 5m 20s
Rendered 3032/7845, time remaining: 5m 20s
Rendered 3033/7845, time remaining: 5m 20s
Rendered 3034/7845, time remaining: 5m 20s
Rendered 3035/7845, time remaining: 5m 20s
Rendered 3036/7845, time remaining: 5m 20s
Rendered 3037/7845, time remaining: 5m 20s
Rendered 3038/7845, time remaining: 5m 20s
Rendered 3039/7845, time remaining: 5m 19s
Rendered 3040/7845, time remaining: 5m 19s
Rendered 3041/7845, time remaining: 5m 19s
Rendered 3042/7845, time remaining: 5m 19s
Rendered 3043/7845, time remaining: 5m 19s
Rendered 3044/7845, time remaining: 5m 19s
Rendered 3045/7845, time remaining: 5m 19s
Rendered 3046/7845, time remaining: 5m 19s
Rendered 3047/7845, time remaining: 5m 19s
Rendered 3048/7845, time remaining: 5m 19s
Rendered 3049/7845, time remaining: 5m 19s
Rendered 3050/7845, time remaining: 5m 19s
Rendered 3051/7845, time remaining: 5m 19s
Rendered 3052/7845, time remaining: 5m 19s
Rendered 3053/7845, time remaining: 5m 19s
Rendered 3054/7845, time remaining: 5m 18s
Rendered 3055/7845, time remaining: 5m 18s
Rendered 3056/7845, time remaining: 5m 18s
Rendered 3057/7845, time remaining: 5m 18s
Rendered 3058/7845, time remaining: 5m 18s
Rendered 3059/7845, time remaining: 5m 18s
Rendered 3060/7845, time remaining: 5m 18s
Rendered 3061/7845, time remaining: 5m 18s
Rendered 3062/7845, time remaining: 5m 18s
Rendered 3063/7845, time remaining: 5m 18s
Rendered 3064/7845, time remaining: 5m 18s
Rendered 3065/7845, time remaining: 5m 18s
Rendered 3066/7845, time remaining: 5m 18s
Rendered 3067/7845, time remaining: 5m 18s
Rendered 3068/7845, time remaining: 5m 18s
Rendered 3069/7845, time remaining: 5m 17s
Rendered 3070/7845, time remaining: 5m 17s
Rendered 3071/7845, time remaining: 5m 17s
Rendered 3072/7845, time remaining: 5m 17s
Rendered 3073/7845, time remaining: 5m 17s
Rendered 3074/7845, time remaining: 5m 17s
Rendered 3075/7845, time remaining: 5m 17s
Rendered 3076/7845, time remaining: 5m 17s
Rendered 3077/7845, time remaining: 5m 17s
Rendered 3078/7845, time remaining: 5m 17s
Rendered 3079/7845, time remaining: 5m 17s
Rendered 3080/7845, time remaining: 5m 17s
Rendered 3081/7845, time remaining: 5m 17s
Rendered 3082/7845, time remaining: 5m 17s
Rendered 3083/7845, time remaining: 5m 17s
Rendered 3084/7845, time remaining: 5m 16s
Rendered 3085/7845, time remaining: 5m 16s
Rendered 3086/7845, time remaining: 5m 16s
Rendered 3087/7845, time remaining: 5m 16s
Rendered 3088/7845, time remaining: 5m 16s
Rendered 3089/7845, time remaining: 5m 16s
Rendered 3090/7845, time remaining: 5m 16s
Rendered 3091/7845, time remaining: 5m 16s
Rendered 3092/7845, time remaining: 5m 16s
Rendered 3093/7845, time remaining: 5m 16s
Rendered 3094/7845, time remaining: 5m 16s
Rendered 3095/7845, time remaining: 5m 16s
Rendered 3096/7845, time remaining: 5m 16s
Rendered 3097/7845, time remaining: 5m 16s
Rendered 3098/7845, time remaining: 5m 16s
Rendered 3099/7845, time remaining: 5m 15s
Rendered 3100/7845, time remaining: 5m 15s
Rendered 3101/7845, time remaining: 5m 15s
Rendered 3102/7845, time remaining: 5m 15s
Rendered 3103/7845, time remaining: 5m 15s
Rendered 3104/7845, time remaining: 5m 15s
Rendered 3105/7845, time remaining: 5m 15s
Rendered 3106/7845, time remaining: 5m 15s
Rendered 3107/7845, time remaining: 5m 15s
Rendered 3108/7845, time remaining: 5m 15s
Rendered 3109/7845, time remaining: 5m 15s
Rendered 3110/7845, time remaining: 5m 15s
Rendered 3111/7845, time remaining: 5m 15s
Rendered 3112/7845, time remaining: 5m 15s
Rendered 3113/7845, time remaining: 5m 15s
Rendered 3114/7845, time remaining: 5m 14s
Rendered 3115/7845, time remaining: 5m 14s
Rendered 3116/7845, time remaining: 5m 14s
Rendered 3117/7845, time remaining: 5m 14s
Rendered 3118/7845, time remaining: 5m 14s
Rendered 3119/7845, time remaining: 5m 14s
Rendered 3120/7845, time remaining: 5m 14s
Rendered 3121/7845, time remaining: 5m 14s
Rendered 3122/7845, time remaining: 5m 14s
Rendered 3123/7845, time remaining: 5m 14s
Rendered 3124/7845, time remaining: 5m 14s
Rendered 3125/7845, time remaining: 5m 14s
Rendered 3126/7845, time remaining: 5m 14s
Rendered 3127/7845, time remaining: 5m 14s
Rendered 3128/7845, time remaining: 5m 14s
Rendered 3129/7845, time remaining: 5m 13s
Rendered 3130/7845, time remaining: 5m 13s
Rendered 3131/7845, time remaining: 5m 13s
Rendered 3132/7845, time remaining: 5m 13s
Rendered 3133/7845, time remaining: 5m 13s
Rendered 3134/7845, time remaining: 5m 13s
Rendered 3135/7845, time remaining: 5m 13s
Rendered 3136/7845, time remaining: 5m 13s
Rendered 3137/7845, time remaining: 5m 13s
Rendered 3138/7845, time remaining: 5m 13s
Rendered 3139/7845, time remaining: 5m 13s
Rendered 3140/7845, time remaining: 5m 13s
Rendered 3141/7845, time remaining: 5m 13s
Rendered 3142/7845, time remaining: 5m 13s
Rendered 3143/7845, time remaining: 5m 13s
Rendered 3144/7845, time remaining: 5m 12s
Rendered 3145/7845, time remaining: 5m 12s
Rendered 3146/7845, time remaining: 5m 12s
Rendered 3147/7845, time remaining: 5m 12s
Rendered 3148/7845, time remaining: 5m 12s
Rendered 3149/7845, time remaining: 5m 12s
Rendered 3150/7845, time remaining: 5m 12s
Rendered 3151/7845, time remaining: 5m 12s
Rendered 3152/7845, time remaining: 5m 12s
Rendered 3153/7845, time remaining: 5m 12s
Rendered 3154/7845, time remaining: 5m 12s
Rendered 3155/7845, time remaining: 5m 12s
Rendered 3156/7845, time remaining: 5m 12s
Rendered 3157/7845, time remaining: 5m 12s
Rendered 3158/7845, time remaining: 5m 12s
Rendered 3159/7845, time remaining: 5m 11s
Rendered 3160/7845, time remaining: 5m 11s
Rendered 3161/7845, time remaining: 5m 11s
Rendered 3162/7845, time remaining: 5m 11s
Rendered 3163/7845, time remaining: 5m 11s
Rendered 3164/7845, time remaining: 5m 11s
Rendered 3165/7845, time remaining: 5m 11s
Rendered 3166/7845, time remaining: 5m 11s
Rendered 3167/7845, time remaining: 5m 11s
Rendered 3168/7845, time remaining: 5m 11s
Rendered 3169/7845, time remaining: 5m 11s
Rendered 3170/7845, time remaining: 5m 11s
Rendered 3171/7845, time remaining: 5m 11s
Rendered 3172/7845, time remaining: 5m 11s
Rendered 3173/7845, time remaining: 5m 11s
Rendered 3174/7845, time remaining: 5m 10s
Rendered 3175/7845, time remaining: 5m 10s
Rendered 3176/7845, time remaining: 5m 10s
Rendered 3177/7845, time remaining: 5m 10s
Rendered 3178/7845, time remaining: 5m 10s
Rendered 3179/7845, time remaining: 5m 10s
Rendered 3180/7845, time remaining: 5m 10s
Rendered 3181/7845, time remaining: 5m 10s
Rendered 3182/7845, time remaining: 5m 10s
Rendered 3183/7845, time remaining: 5m 10s
Rendered 3184/7845, time remaining: 5m 10s
Rendered 3185/7845, time remaining: 5m 10s
Rendered 3186/7845, time remaining: 5m 10s
Rendered 3187/7845, time remaining: 5m 10s
Rendered 3188/7845, time remaining: 5m 10s
Rendered 3189/7845, time remaining: 5m 9s
Rendered 3190/7845, time remaining: 5m 9s
Rendered 3191/7845, time remaining: 5m 9s
Rendered 3192/7845, time remaining: 5m 9s
Rendered 3193/7845, time remaining: 5m 9s
Rendered 3194/7845, time remaining: 5m 9s
Rendered 3195/7845, time remaining: 5m 9s
Rendered 3196/7845, time remaining: 5m 9s
Rendered 3197/7845, time remaining: 5m 9s
Rendered 3198/7845, time remaining: 5m 9s
Rendered 3199/7845, time remaining: 5m 9s
Rendered 3200/7845, time remaining: 5m 9s
Rendered 3201/7845, time remaining: 5m 9s
Rendered 3202/7845, time remaining: 5m 9s
Rendered 3203/7845, time remaining: 5m 9s
Rendered 3204/7845, time remaining: 5m 9s
Rendered 3205/7845, time remaining: 5m 8s
Rendered 3206/7845, time remaining: 5m 8s
Rendered 3207/7845, time remaining: 5m 8s
Rendered 3208/7845, time remaining: 5m 8s
Rendered 3209/7845, time remaining: 5m 8s
Rendered 3210/7845, time remaining: 5m 8s
Rendered 3211/7845, time remaining: 5m 8s
Rendered 3212/7845, time remaining: 5m 8s
Rendered 3213/7845, time remaining: 5m 8s
Rendered 3214/7845, time remaining: 5m 8s
Rendered 3215/7845, time remaining: 5m 8s
Rendered 3216/7845, time remaining: 5m 8s
Rendered 3217/7845, time remaining: 5m 8s
Rendered 3218/7845, time remaining: 5m 8s
Rendered 3219/7845, time remaining: 5m 7s
Rendered 3220/7845, time remaining: 5m 7s
Rendered 3221/7845, time remaining: 5m 7s
Rendered 3222/7845, time remaining: 5m 7s
Rendered 3223/7845, time remaining: 5m 7s
Rendered 3224/7845, time remaining: 5m 7s
Rendered 3225/7845, time remaining: 5m 7s
Rendered 3226/7845, time remaining: 5m 7s
Rendered 3227/7845, time remaining: 5m 7s
Rendered 3228/7845, time remaining: 5m 7s
Rendered 3229/7845, time remaining: 5m 7s
Rendered 3230/7845, time remaining: 5m 7s
Rendered 3231/7845, time remaining: 5m 7s
Rendered 3232/7845, time remaining: 5m 7s
Rendered 3233/7845, time remaining: 5m 7s
Rendered 3234/7845, time remaining: 5m 7s
Rendered 3235/7845, time remaining: 5m 6s
Rendered 3236/7845, time remaining: 5m 6s
Rendered 3237/7845, time remaining: 5m 6s
Rendered 3238/7845, time remaining: 5m 6s
Rendered 3239/7845, time remaining: 5m 6s
Rendered 3240/7845, time remaining: 5m 6s
Rendered 3241/7845, time remaining: 5m 6s
Rendered 3242/7845, time remaining: 5m 6s
Rendered 3243/7845, time remaining: 5m 6s
Rendered 3244/7845, time remaining: 5m 6s
Rendered 3245/7845, time remaining: 5m 6s
Rendered 3246/7845, time remaining: 5m 6s
Rendered 3247/7845, time remaining: 5m 6s
Rendered 3248/7845, time remaining: 5m 6s
Rendered 3249/7845, time remaining: 5m 5s
Rendered 3250/7845, time remaining: 5m 5s
Rendered 3251/7845, time remaining: 5m 5s
Rendered 3252/7845, time remaining: 5m 5s
Rendered 3253/7845, time remaining: 5m 5s
Rendered 3254/7845, time remaining: 5m 5s
Rendered 3255/7845, time remaining: 5m 5s
Rendered 3256/7845, time remaining: 5m 5s
Rendered 3257/7845, time remaining: 5m 5s
Rendered 3258/7845, time remaining: 5m 5s
Rendered 3259/7845, time remaining: 5m 5s
Rendered 3260/7845, time remaining: 5m 5s
Rendered 3261/7845, time remaining: 5m 5s
Rendered 3262/7845, time remaining: 5m 5s
Rendered 3263/7845, time remaining: 5m 5s
Rendered 3264/7845, time remaining: 5m 5s
Rendered 3265/7845, time remaining: 5m 4s
Rendered 3266/7845, time remaining: 5m 4s
Rendered 3267/7845, time remaining: 5m 4s
Rendered 3268/7845, time remaining: 5m 4s
Rendered 3269/7845, time remaining: 5m 4s
Rendered 3270/7845, time remaining: 5m 4s
Rendered 3271/7845, time remaining: 5m 4s
Rendered 3272/7845, time remaining: 5m 4s
Rendered 3273/7845, time remaining: 5m 4s
Rendered 3274/7845, time remaining: 5m 4s
Rendered 3275/7845, time remaining: 5m 4s
Rendered 3276/7845, time remaining: 5m 4s
Rendered 3277/7845, time remaining: 5m 4s
Rendered 3278/7845, time remaining: 5m 4s
Rendered 3279/7845, time remaining: 5m 4s
Rendered 3280/7845, time remaining: 5m 3s
Rendered 3281/7845, time remaining: 5m 3s
Rendered 3282/7845, time remaining: 5m 3s
Rendered 3283/7845, time remaining: 5m 3s
Rendered 3284/7845, time remaining: 5m 3s
Rendered 3285/7845, time remaining: 5m 3s
Rendered 3286/7845, time remaining: 5m 3s
Rendered 3287/7845, time remaining: 5m 3s
Rendered 3288/7845, time remaining: 5m 3s
Rendered 3289/7845, time remaining: 5m 3s
Rendered 3290/7845, time remaining: 5m 3s
Rendered 3291/7845, time remaining: 5m 3s
Rendered 3292/7845, time remaining: 5m 3s
Rendered 3293/7845, time remaining: 5m 3s
Rendered 3294/7845, time remaining: 5m 3s
Rendered 3295/7845, time remaining: 5m 2s
Rendered 3296/7845, time remaining: 5m 2s
Rendered 3297/7845, time remaining: 5m 2s
Rendered 3298/7845, time remaining: 5m 2s
Rendered 3299/7845, time remaining: 5m 2s
Rendered 3300/7845, time remaining: 5m 2s
Rendered 3301/7845, time remaining: 5m 2s
Rendered 3302/7845, time remaining: 5m 2s
Rendered 3303/7845, time remaining: 5m 2s
Rendered 3304/7845, time remaining: 5m 2s
Rendered 3305/7845, time remaining: 5m 2s
Rendered 3306/7845, time remaining: 5m 2s
Rendered 3307/7845, time remaining: 5m 2s
Rendered 3308/7845, time remaining: 5m 2s
Rendered 3309/7845, time remaining: 5m 1s
Rendered 3310/7845, time remaining: 5m 1s
Rendered 3311/7845, time remaining: 5m 1s
Rendered 3312/7845, time remaining: 5m 1s
Rendered 3313/7845, time remaining: 5m 1s
Rendered 3314/7845, time remaining: 5m 1s
Rendered 3315/7845, time remaining: 5m 1s
Rendered 3316/7845, time remaining: 5m 1s
Rendered 3317/7845, time remaining: 5m 1s
Rendered 3318/7845, time remaining: 5m 1s
Rendered 3319/7845, time remaining: 5m 1s
Rendered 3320/7845, time remaining: 5m 1s
Rendered 3321/7845, time remaining: 5m 1s
Rendered 3322/7845, time remaining: 5m 1s
Rendered 3323/7845, time remaining: 5m 1s
Rendered 3324/7845, time remaining: 5m 1s
Rendered 3325/7845, time remaining: 5m 0s
Rendered 3326/7845, time remaining: 5m 0s
Rendered 3327/7845, time remaining: 5m 0s
Rendered 3328/7845, time remaining: 5m 0s
Rendered 3329/7845, time remaining: 5m 0s
Rendered 3330/7845, time remaining: 5m 0s
Rendered 3331/7845, time remaining: 5m 0s
Rendered 3332/7845, time remaining: 5m 0s
Rendered 3333/7845, time remaining: 5m 0s
Rendered 3334/7845, time remaining: 5m 0s
Rendered 3335/7845, time remaining: 5m 0s
Rendered 3336/7845, time remaining: 5m 0s
Rendered 3337/7845, time remaining: 5m 0s
Rendered 3338/7845, time remaining: 5m 0s
Rendered 3339/7845, time remaining: 5m 0s
Rendered 3340/7845, time remaining: 4m 59s
Rendered 3341/7845, time remaining: 4m 59s
Rendered 3342/7845, time remaining: 4m 59s
Rendered 3343/7845, time remaining: 4m 59s
Rendered 3344/7845, time remaining: 4m 59s
Rendered 3345/7845, time remaining: 4m 59s
Rendered 3346/7845, time remaining: 4m 59s
Rendered 3347/7845, time remaining: 4m 59s
Rendered 3348/7845, time remaining: 4m 59s
Rendered 3349/7845, time remaining: 4m 59s
Rendered 3350/7845, time remaining: 4m 59s
Rendered 3351/7845, time remaining: 4m 59s
Rendered 3352/7845, time remaining: 4m 59s
Rendered 3353/7845, time remaining: 4m 59s
Rendered 3354/7845, time remaining: 4m 59s
Rendered 3355/7845, time remaining: 4m 58s
Rendered 3356/7845, time remaining: 4m 58s
Rendered 3357/7845, time remaining: 4m 58s
Rendered 3358/7845, time remaining: 4m 58s
Rendered 3359/7845, time remaining: 4m 58s
Rendered 3360/7845, time remaining: 4m 58s
Rendered 3361/7845, time remaining: 4m 58s
Rendered 3362/7845, time remaining: 4m 58s
Rendered 3363/7845, time remaining: 4m 58s
Rendered 3364/7845, time remaining: 4m 58s
Rendered 3365/7845, time remaining: 4m 58s
Rendered 3366/7845, time remaining: 4m 58s
Rendered 3367/7845, time remaining: 4m 58s
Rendered 3368/7845, time remaining: 4m 58s
Rendered 3369/7845, time remaining: 4m 58s
Rendered 3370/7845, time remaining: 4m 57s
Rendered 3371/7845, time remaining: 4m 57s
Rendered 3372/7845, time remaining: 4m 57s
Rendered 3373/7845, time remaining: 4m 57s
Rendered 3374/7845, time remaining: 4m 57s
Rendered 3375/7845, time remaining: 4m 57s
Rendered 3376/7845, time remaining: 4m 57s
Rendered 3377/7845, time remaining: 4m 57s
Rendered 3378/7845, time remaining: 4m 57s
Rendered 3379/7845, time remaining: 4m 57s
Rendered 3380/7845, time remaining: 4m 57s
Rendered 3381/7845, time remaining: 4m 57s
Rendered 3382/7845, time remaining: 4m 57s
Rendered 3383/7845, time remaining: 4m 57s
Rendered 3384/7845, time remaining: 4m 57s
Rendered 3385/7845, time remaining: 4m 56s
Rendered 3386/7845, time remaining: 4m 56s
Rendered 3387/7845, time remaining: 4m 56s
Rendered 3388/7845, time remaining: 4m 56s
Rendered 3389/7845, time remaining: 4m 56s
Rendered 3390/7845, time remaining: 4m 56s
Rendered 3391/7845, time remaining: 4m 56s
Rendered 3392/7845, time remaining: 4m 56s
Rendered 3393/7845, time remaining: 4m 56s
Rendered 3394/7845, time remaining: 4m 56s
Rendered 3395/7845, time remaining: 4m 56s
Rendered 3396/7845, time remaining: 4m 56s
Rendered 3397/7845, time remaining: 4m 56s
Rendered 3398/7845, time remaining: 4m 56s
Rendered 3399/7845, time remaining: 4m 56s
Rendered 3400/7845, time remaining: 4m 55s
Rendered 3401/7845, time remaining: 4m 55s
Rendered 3402/7845, time remaining: 4m 55s
Rendered 3403/7845, time remaining: 4m 55s
Rendered 3404/7845, time remaining: 4m 55s
Rendered 3405/7845, time remaining: 4m 55s
Rendered 3406/7845, time remaining: 4m 55s
Rendered 3407/7845, time remaining: 4m 55s
Rendered 3408/7845, time remaining: 4m 55s
Rendered 3409/7845, time remaining: 4m 55s
Rendered 3410/7845, time remaining: 4m 55s
Rendered 3411/7845, time remaining: 4m 55s
Rendered 3412/7845, time remaining: 4m 55s
Rendered 3413/7845, time remaining: 4m 55s
Rendered 3414/7845, time remaining: 4m 55s
Rendered 3415/7845, time remaining: 4m 54s
Rendered 3416/7845, time remaining: 4m 54s
Rendered 3417/7845, time remaining: 4m 54s
Rendered 3418/7845, time remaining: 4m 54s
Rendered 3419/7845, time remaining: 4m 54s
Rendered 3420/7845, time remaining: 4m 54s
Rendered 3421/7845, time remaining: 4m 54s
Rendered 3422/7845, time remaining: 4m 54s
Rendered 3423/7845, time remaining: 4m 54s
Rendered 3424/7845, time remaining: 4m 54s
Rendered 3425/7845, time remaining: 4m 54s
Rendered 3426/7845, time remaining: 4m 54s
Rendered 3427/7845, time remaining: 4m 54s
Rendered 3428/7845, time remaining: 4m 54s
Rendered 3429/7845, time remaining: 4m 54s
Rendered 3430/7845, time remaining: 4m 53s
Rendered 3431/7845, time remaining: 4m 53s
Rendered 3432/7845, time remaining: 4m 53s
Rendered 3433/7845, time remaining: 4m 53s
Rendered 3434/7845, time remaining: 4m 53s
Rendered 3435/7845, time remaining: 4m 53s
Rendered 3436/7845, time remaining: 4m 53s
Rendered 3437/7845, time remaining: 4m 53s
Rendered 3438/7845, time remaining: 4m 53s
Rendered 3439/7845, time remaining: 4m 53s
Rendered 3440/7845, time remaining: 4m 53s
Rendered 3441/7845, time remaining: 4m 53s
Rendered 3442/7845, time remaining: 4m 53s
Rendered 3443/7845, time remaining: 4m 53s
Rendered 3444/7845, time remaining: 4m 53s
Rendered 3445/7845, time remaining: 4m 52s
Rendered 3446/7845, time remaining: 4m 52s
Rendered 3447/7845, time remaining: 4m 52s
Rendered 3448/7845, time remaining: 4m 52s
Rendered 3449/7845, time remaining: 4m 52s
Rendered 3450/7845, time remaining: 4m 52s
Rendered 3451/7845, time remaining: 4m 52s
Rendered 3452/7845, time remaining: 4m 52s
Rendered 3453/7845, time remaining: 4m 52s
Rendered 3454/7845, time remaining: 4m 52s
Rendered 3455/7845, time remaining: 4m 52s
Rendered 3456/7845, time remaining: 4m 52s
Rendered 3457/7845, time remaining: 4m 52s
Rendered 3458/7845, time remaining: 4m 52s
Rendered 3459/7845, time remaining: 4m 52s
Rendered 3460/7845, time remaining: 4m 51s
Rendered 3461/7845, time remaining: 4m 51s
Rendered 3462/7845, time remaining: 4m 51s
Rendered 3463/7845, time remaining: 4m 51s
Rendered 3464/7845, time remaining: 4m 51s
Rendered 3465/7845, time remaining: 4m 51s
Rendered 3466/7845, time remaining: 4m 51s
Rendered 3467/7845, time remaining: 4m 51s
Rendered 3468/7845, time remaining: 4m 51s
Rendered 3469/7845, time remaining: 4m 51s
Rendered 3470/7845, time remaining: 4m 51s
Rendered 3471/7845, time remaining: 4m 51s
Rendered 3472/7845, time remaining: 4m 51s
Rendered 3473/7845, time remaining: 4m 51s
Rendered 3474/7845, time remaining: 4m 51s
Rendered 3475/7845, time remaining: 4m 50s
Rendered 3476/7845, time remaining: 4m 50s
Rendered 3477/7845, time remaining: 4m 50s
Rendered 3478/7845, time remaining: 4m 50s
Rendered 3479/7845, time remaining: 4m 50s
Rendered 3480/7845, time remaining: 4m 50s
Rendered 3481/7845, time remaining: 4m 50s
Rendered 3482/7845, time remaining: 4m 50s
Rendered 3483/7845, time remaining: 4m 50s
Rendered 3484/7845, time remaining: 4m 50s
Rendered 3485/7845, time remaining: 4m 50s
Rendered 3486/7845, time remaining: 4m 50s
Rendered 3487/7845, time remaining: 4m 50s
Rendered 3488/7845, time remaining: 4m 50s
Rendered 3489/7845, time remaining: 4m 50s
Rendered 3490/7845, time remaining: 4m 49s
Rendered 3491/7845, time remaining: 4m 49s
Rendered 3492/7845, time remaining: 4m 49s
Rendered 3493/7845, time remaining: 4m 49s
Rendered 3494/7845, time remaining: 4m 49s
Rendered 3495/7845, time remaining: 4m 49s
Rendered 3496/7845, time remaining: 4m 49s
Rendered 3497/7845, time remaining: 4m 49s
Rendered 3498/7845, time remaining: 4m 49s
Rendered 3499/7845, time remaining: 4m 49s
Rendered 3500/7845, time remaining: 4m 49s
Rendered 3501/7845, time remaining: 4m 49s
Rendered 3502/7845, time remaining: 4m 49s
Rendered 3503/7845, time remaining: 4m 49s
Rendered 3504/7845, time remaining: 4m 49s
Rendered 3505/7845, time remaining: 4m 48s
Rendered 3506/7845, time remaining: 4m 48s
Rendered 3507/7845, time remaining: 4m 48s
Rendered 3508/7845, time remaining: 4m 48s
Rendered 3509/7845, time remaining: 4m 48s
Rendered 3510/7845, time remaining: 4m 48s
Rendered 3511/7845, time remaining: 4m 48s
Rendered 3512/7845, time remaining: 4m 48s
Rendered 3513/7845, time remaining: 4m 48s
Rendered 3514/7845, time remaining: 4m 48s
Rendered 3515/7845, time remaining: 4m 48s
Rendered 3516/7845, time remaining: 4m 48s
Rendered 3517/7845, time remaining: 4m 48s
Rendered 3518/7845, time remaining: 4m 48s
Rendered 3519/7845, time remaining: 4m 48s
Rendered 3520/7845, time remaining: 4m 47s
Rendered 3521/7845, time remaining: 4m 47s
Rendered 3522/7845, time remaining: 4m 47s
Rendered 3523/7845, time remaining: 4m 47s
Rendered 3524/7845, time remaining: 4m 47s
Rendered 3525/7845, time remaining: 4m 47s
Rendered 3526/7845, time remaining: 4m 47s
Rendered 3527/7845, time remaining: 4m 47s
Rendered 3528/7845, time remaining: 4m 47s
Rendered 3529/7845, time remaining: 4m 47s
Rendered 3530/7845, time remaining: 4m 47s
Rendered 3531/7845, time remaining: 4m 47s
Rendered 3532/7845, time remaining: 4m 47s
Rendered 3533/7845, time remaining: 4m 47s
Rendered 3534/7845, time remaining: 4m 47s
Rendered 3535/7845, time remaining: 4m 46s
Rendered 3536/7845, time remaining: 4m 46s
Rendered 3537/7845, time remaining: 4m 46s
Rendered 3538/7845, time remaining: 4m 46s
Rendered 3539/7845, time remaining: 4m 46s
Rendered 3540/7845, time remaining: 4m 46s
Rendered 3541/7845, time remaining: 4m 46s
Rendered 3542/7845, time remaining: 4m 46s
Rendered 3543/7845, time remaining: 4m 46s
Rendered 3544/7845, time remaining: 4m 46s
Rendered 3545/7845, time remaining: 4m 46s
Rendered 3546/7845, time remaining: 4m 46s
Rendered 3547/7845, time remaining: 4m 46s
Rendered 3548/7845, time remaining: 4m 46s
Rendered 3549/7845, time remaining: 4m 46s
Rendered 3550/7845, time remaining: 4m 45s
Rendered 3551/7845, time remaining: 4m 45s
Rendered 3552/7845, time remaining: 4m 45s
Rendered 3553/7845, time remaining: 4m 45s
Rendered 3554/7845, time remaining: 4m 45s
Rendered 3555/7845, time remaining: 4m 45s
Rendered 3556/7845, time remaining: 4m 45s
Rendered 3557/7845, time remaining: 4m 45s
Rendered 3558/7845, time remaining: 4m 45s
Rendered 3559/7845, time remaining: 4m 45s
Rendered 3560/7845, time remaining: 4m 45s
Rendered 3561/7845, time remaining: 4m 45s
Rendered 3562/7845, time remaining: 4m 45s
Rendered 3563/7845, time remaining: 4m 45s
Rendered 3564/7845, time remaining: 4m 45s
Rendered 3565/7845, time remaining: 4m 44s
Rendered 3566/7845, time remaining: 4m 44s
Rendered 3567/7845, time remaining: 4m 44s
Rendered 3568/7845, time remaining: 4m 44s
Rendered 3569/7845, time remaining: 4m 44s
Rendered 3570/7845, time remaining: 4m 44s
Rendered 3571/7845, time remaining: 4m 44s
Rendered 3572/7845, time remaining: 4m 44s
Rendered 3573/7845, time remaining: 4m 44s
Rendered 3574/7845, time remaining: 4m 44s
Rendered 3575/7845, time remaining: 4m 44s
Rendered 3576/7845, time remaining: 4m 44s
Rendered 3577/7845, time remaining: 4m 44s
Rendered 3578/7845, time remaining: 4m 44s
Rendered 3579/7845, time remaining: 4m 44s
Rendered 3580/7845, time remaining: 4m 43s
Rendered 3581/7845, time remaining: 4m 43s
Rendered 3582/7845, time remaining: 4m 43s
Rendered 3583/7845, time remaining: 4m 43s
Rendered 3584/7845, time remaining: 4m 43s
Rendered 3585/7845, time remaining: 4m 43s
Rendered 3586/7845, time remaining: 4m 43s
Rendered 3587/7845, time remaining: 4m 43s
Rendered 3588/7845, time remaining: 4m 43s
Rendered 3589/7845, time remaining: 4m 43s
Rendered 3590/7845, time remaining: 4m 43s
Rendered 3591/7845, time remaining: 4m 43s
Rendered 3592/7845, time remaining: 4m 43s
Rendered 3593/7845, time remaining: 4m 43s
Rendered 3594/7845, time remaining: 4m 43s
Rendered 3595/7845, time remaining: 4m 42s
Rendered 3596/7845, time remaining: 4m 42s
Rendered 3597/7845, time remaining: 4m 42s
Rendered 3598/7845, time remaining: 4m 42s
Rendered 3599/7845, time remaining: 4m 42s
Rendered 3600/7845, time remaining: 4m 42s
Rendered 3601/7845, time remaining: 4m 42s
Rendered 3602/7845, time remaining: 4m 42s
Rendered 3603/7845, time remaining: 4m 42s
Rendered 3604/7845, time remaining: 4m 42s
Rendered 3605/7845, time remaining: 4m 42s
Rendered 3606/7845, time remaining: 4m 42s
Rendered 3607/7845, time remaining: 4m 42s
Rendered 3608/7845, time remaining: 4m 42s
Rendered 3609/7845, time remaining: 4m 42s
Rendered 3610/7845, time remaining: 4m 41s
Rendered 3611/7845, time remaining: 4m 41s
Rendered 3612/7845, time remaining: 4m 41s
Rendered 3613/7845, time remaining: 4m 41s
Rendered 3614/7845, time remaining: 4m 41s
Rendered 3615/7845, time remaining: 4m 41s
Rendered 3616/7845, time remaining: 4m 41s
Rendered 3617/7845, time remaining: 4m 41s
Rendered 3618/7845, time remaining: 4m 41s
Rendered 3619/7845, time remaining: 4m 41s
Rendered 3620/7845, time remaining: 4m 41s
Rendered 3621/7845, time remaining: 4m 41s
Rendered 3622/7845, time remaining: 4m 41s
Rendered 3623/7845, time remaining: 4m 41s
Rendered 3624/7845, time remaining: 4m 41s
Rendered 3625/7845, time remaining: 4m 40s
Rendered 3626/7845, time remaining: 4m 40s
Rendered 3627/7845, time remaining: 4m 40s
Rendered 3628/7845, time remaining: 4m 40s
Rendered 3629/7845, time remaining: 4m 40s
Rendered 3630/7845, time remaining: 4m 40s
Rendered 3631/7845, time remaining: 4m 40s
Rendered 3632/7845, time remaining: 4m 40s
Rendered 3633/7845, time remaining: 4m 40s
Rendered 3634/7845, time remaining: 4m 40s
Rendered 3635/7845, time remaining: 4m 40s
Rendered 3636/7845, time remaining: 4m 40s
Rendered 3637/7845, time remaining: 4m 40s
Rendered 3638/7845, time remaining: 4m 40s
Rendered 3639/7845, time remaining: 4m 39s
Rendered 3640/7845, time remaining: 4m 39s
Rendered 3641/7845, time remaining: 4m 39s
Rendered 3642/7845, time remaining: 4m 39s
Rendered 3643/7845, time remaining: 4m 39s
Rendered 3644/7845, time remaining: 4m 39s
Rendered 3645/7845, time remaining: 4m 39s
Rendered 3646/7845, time remaining: 4m 39s
Rendered 3647/7845, time remaining: 4m 39s
Rendered 3648/7845, time remaining: 4m 39s
Rendered 3649/7845, time remaining: 4m 39s
Rendered 3650/7845, time remaining: 4m 39s
Rendered 3651/7845, time remaining: 4m 39s
Rendered 3652/7845, time remaining: 4m 39s
Rendered 3653/7845, time remaining: 4m 39s
Rendered 3654/7845, time remaining: 4m 39s
Rendered 3655/7845, time remaining: 4m 38s
Rendered 3656/7845, time remaining: 4m 38s
Rendered 3657/7845, time remaining: 4m 38s
Rendered 3658/7845, time remaining: 4m 38s
Rendered 3659/7845, time remaining: 4m 38s
Rendered 3660/7845, time remaining: 4m 38s
Rendered 3661/7845, time remaining: 4m 38s
Rendered 3662/7845, time remaining: 4m 38s
Rendered 3663/7845, time remaining: 4m 38s
Rendered 3664/7845, time remaining: 4m 38s
Rendered 3665/7845, time remaining: 4m 38s
Rendered 3666/7845, time remaining: 4m 38s
Rendered 3667/7845, time remaining: 4m 38s
Rendered 3668/7845, time remaining: 4m 38s
Rendered 3669/7845, time remaining: 4m 38s
Rendered 3670/7845, time remaining: 4m 37s
Rendered 3671/7845, time remaining: 4m 37s
Rendered 3672/7845, time remaining: 4m 37s
Rendered 3673/7845, time remaining: 4m 37s
Rendered 3674/7845, time remaining: 4m 37s
Rendered 3675/7845, time remaining: 4m 37s
Rendered 3676/7845, time remaining: 4m 37s
Rendered 3677/7845, time remaining: 4m 37s
Rendered 3678/7845, time remaining: 4m 37s
Rendered 3679/7845, time remaining: 4m 37s
Rendered 3680/7845, time remaining: 4m 37s
Rendered 3681/7845, time remaining: 4m 37s
Rendered 3682/7845, time remaining: 4m 37s
Rendered 3683/7845, time remaining: 4m 37s
Rendered 3684/7845, time remaining: 4m 37s
Rendered 3685/7845, time remaining: 4m 36s
Rendered 3686/7845, time remaining: 4m 36s
Rendered 3687/7845, time remaining: 4m 36s
Rendered 3688/7845, time remaining: 4m 36s
Rendered 3689/7845, time remaining: 4m 36s
Rendered 3690/7845, time remaining: 4m 36s
Rendered 3691/7845, time remaining: 4m 36s
Rendered 3692/7845, time remaining: 4m 36s
Rendered 3693/7845, time remaining: 4m 36s
Rendered 3694/7845, time remaining: 4m 36s
Rendered 3695/7845, time remaining: 4m 36s
Rendered 3696/7845, time remaining: 4m 36s
Rendered 3697/7845, time remaining: 4m 36s
Rendered 3698/7845, time remaining: 4m 36s
Rendered 3699/7845, time remaining: 4m 36s
Rendered 3700/7845, time remaining: 4m 35s
Rendered 3701/7845, time remaining: 4m 35s
Rendered 3702/7845, time remaining: 4m 35s
Rendered 3703/7845, time remaining: 4m 35s
Rendered 3704/7845, time remaining: 4m 35s
Rendered 3705/7845, time remaining: 4m 35s
Rendered 3706/7845, time remaining: 4m 35s
Rendered 3707/7845, time remaining: 4m 35s
Rendered 3708/7845, time remaining: 4m 35s
Rendered 3709/7845, time remaining: 4m 35s
Rendered 3710/7845, time remaining: 4m 35s
Rendered 3711/7845, time remaining: 4m 35s
Rendered 3712/7845, time remaining: 4m 35s
Rendered 3713/7845, time remaining: 4m 35s
Rendered 3714/7845, time remaining: 4m 35s
Rendered 3715/7845, time remaining: 4m 34s
Rendered 3716/7845, time remaining: 4m 34s
Rendered 3717/7845, time remaining: 4m 34s
Rendered 3718/7845, time remaining: 4m 34s
Rendered 3719/7845, time remaining: 4m 34s
Rendered 3720/7845, time remaining: 4m 34s
Rendered 3721/7845, time remaining: 4m 34s
Rendered 3722/7845, time remaining: 4m 34s
Rendered 3723/7845, time remaining: 4m 34s
Rendered 3724/7845, time remaining: 4m 34s
Rendered 3725/7845, time remaining: 4m 34s
Rendered 3726/7845, time remaining: 4m 34s
Rendered 3727/7845, time remaining: 4m 34s
Rendered 3728/7845, time remaining: 4m 34s
Rendered 3729/7845, time remaining: 4m 34s
Rendered 3730/7845, time remaining: 4m 33s
Rendered 3731/7845, time remaining: 4m 33s
Rendered 3732/7845, time remaining: 4m 33s
Rendered 3733/7845, time remaining: 4m 33s
Rendered 3734/7845, time remaining: 4m 33s
Rendered 3735/7845, time remaining: 4m 33s
Rendered 3736/7845, time remaining: 4m 33s
Rendered 3737/7845, time remaining: 4m 33s
Rendered 3738/7845, time remaining: 4m 33s
Rendered 3739/7845, time remaining: 4m 33s
Rendered 3740/7845, time remaining: 4m 33s
Rendered 3741/7845, time remaining: 4m 33s
Rendered 3742/7845, time remaining: 4m 33s
Rendered 3743/7845, time remaining: 4m 33s
Rendered 3744/7845, time remaining: 4m 33s
Rendered 3745/7845, time remaining: 4m 33s
Rendered 3746/7845, time remaining: 4m 32s
Rendered 3747/7845, time remaining: 4m 32s
Rendered 3748/7845, time remaining: 4m 32s
Rendered 3749/7845, time remaining: 4m 32s
Rendered 3750/7845, time remaining: 4m 32s
Rendered 3751/7845, time remaining: 4m 32s
Rendered 3752/7845, time remaining: 4m 32s
Rendered 3753/7845, time remaining: 4m 32s
Rendered 3754/7845, time remaining: 4m 32s
Rendered 3755/7845, time remaining: 4m 32s
Rendered 3756/7845, time remaining: 4m 32s
Rendered 3757/7845, time remaining: 4m 32s
Rendered 3758/7845, time remaining: 4m 32s
Rendered 3759/7845, time remaining: 4m 32s
Rendered 3760/7845, time remaining: 4m 31s
Rendered 3761/7845, time remaining: 4m 31s
Rendered 3762/7845, time remaining: 4m 31s
Rendered 3763/7845, time remaining: 4m 31s
Rendered 3764/7845, time remaining: 4m 31s
Rendered 3765/7845, time remaining: 4m 31s
Rendered 3766/7845, time remaining: 4m 31s
Rendered 3767/7845, time remaining: 4m 31s
Rendered 3768/7845, time remaining: 4m 31s
Rendered 3769/7845, time remaining: 4m 31s
Rendered 3770/7845, time remaining: 4m 31s
Rendered 3771/7845, time remaining: 4m 31s
Rendered 3772/7845, time remaining: 4m 31s
Rendered 3773/7845, time remaining: 4m 31s
Rendered 3774/7845, time remaining: 4m 31s
Rendered 3775/7845, time remaining: 4m 31s
Rendered 3776/7845, time remaining: 4m 30s
Rendered 3777/7845, time remaining: 4m 30s
Rendered 3778/7845, time remaining: 4m 30s
Rendered 3779/7845, time remaining: 4m 30s
Rendered 3780/7845, time remaining: 4m 30s
Rendered 3781/7845, time remaining: 4m 30s
Rendered 3782/7845, time remaining: 4m 30s
Rendered 3783/7845, time remaining: 4m 30s
Rendered 3784/7845, time remaining: 4m 30s
Rendered 3785/7845, time remaining: 4m 30s
Rendered 3786/7845, time remaining: 4m 30s
Rendered 3787/7845, time remaining: 4m 30s
Rendered 3788/7845, time remaining: 4m 30s
Rendered 3789/7845, time remaining: 4m 30s
Rendered 3790/7845, time remaining: 4m 30s
Rendered 3791/7845, time remaining: 4m 29s
Rendered 3792/7845, time remaining: 4m 29s
Rendered 3793/7845, time remaining: 4m 29s
Rendered 3794/7845, time remaining: 4m 29s
Rendered 3795/7845, time remaining: 4m 29s
Rendered 3796/7845, time remaining: 4m 29s
Rendered 3797/7845, time remaining: 4m 29s
Rendered 3798/7845, time remaining: 4m 29s
Rendered 3799/7845, time remaining: 4m 29s
Rendered 3800/7845, time remaining: 4m 29s
Rendered 3801/7845, time remaining: 4m 29s
Rendered 3802/7845, time remaining: 4m 29s
Rendered 3803/7845, time remaining: 4m 29s
Rendered 3804/7845, time remaining: 4m 29s
Rendered 3805/7845, time remaining: 4m 28s
Rendered 3806/7845, time remaining: 4m 28s
Rendered 3807/7845, time remaining: 4m 28s
Rendered 3808/7845, time remaining: 4m 28s
Rendered 3809/7845, time remaining: 4m 28s
Rendered 3810/7845, time remaining: 4m 28s
Rendered 3811/7845, time remaining: 4m 28s
Rendered 3812/7845, time remaining: 4m 28s
Rendered 3813/7845, time remaining: 4m 28s
Rendered 3814/7845, time remaining: 4m 28s
Rendered 3815/7845, time remaining: 4m 28s
Rendered 3816/7845, time remaining: 4m 28s
Rendered 3817/7845, time remaining: 4m 28s
Rendered 3818/7845, time remaining: 4m 28s
Rendered 3819/7845, time remaining: 4m 28s
Rendered 3820/7845, time remaining: 4m 28s
Rendered 3821/7845, time remaining: 4m 27s
Rendered 3822/7845, time remaining: 4m 27s
Rendered 3823/7845, time remaining: 4m 27s
Rendered 3824/7845, time remaining: 4m 27s
Rendered 3825/7845, time remaining: 4m 27s
Rendered 3826/7845, time remaining: 4m 27s
Rendered 3827/7845, time remaining: 4m 27s
Rendered 3828/7845, time remaining: 4m 27s
Rendered 3829/7845, time remaining: 4m 27s
Rendered 3830/7845, time remaining: 4m 27s
Rendered 3831/7845, time remaining: 4m 27s
Rendered 3832/7845, time remaining: 4m 27s
Rendered 3833/7845, time remaining: 4m 27s
Rendered 3834/7845, time remaining: 4m 27s
Rendered 3835/7845, time remaining: 4m 27s
Rendered 3836/7845, time remaining: 4m 26s
Rendered 3837/7845, time remaining: 4m 26s
Rendered 3838/7845, time remaining: 4m 26s
Rendered 3839/7845, time remaining: 4m 26s
Rendered 3840/7845, time remaining: 4m 26s
Rendered 3841/7845, time remaining: 4m 26s
Rendered 3842/7845, time remaining: 4m 26s
Rendered 3843/7845, time remaining: 4m 26s
Rendered 3844/7845, time remaining: 4m 26s
Rendered 3845/7845, time remaining: 4m 26s
Rendered 3846/7845, time remaining: 4m 26s
Rendered 3847/7845, time remaining: 4m 26s
Rendered 3848/7845, time remaining: 4m 26s
Rendered 3849/7845, time remaining: 4m 26s
Rendered 3850/7845, time remaining: 4m 25s
Rendered 3851/7845, time remaining: 4m 25s
Rendered 3852/7845, time remaining: 4m 25s
Rendered 3853/7845, time remaining: 4m 25s
Rendered 3854/7845, time remaining: 4m 25s
Rendered 3855/7845, time remaining: 4m 25s
Rendered 3856/7845, time remaining: 4m 25s
Rendered 3857/7845, time remaining: 4m 25s
Rendered 3858/7845, time remaining: 4m 25s
Rendered 3859/7845, time remaining: 4m 25s
Rendered 3860/7845, time remaining: 4m 25s
Rendered 3861/7845, time remaining: 4m 25s
Rendered 3862/7845, time remaining: 4m 25s
Rendered 3863/7845, time remaining: 4m 25s
Rendered 3864/7845, time remaining: 4m 25s
Rendered 3865/7845, time remaining: 4m 25s
Rendered 3866/7845, time remaining: 4m 24s
Rendered 3867/7845, time remaining: 4m 24s
Rendered 3868/7845, time remaining: 4m 24s
Rendered 3869/7845, time remaining: 4m 24s
Rendered 3870/7845, time remaining: 4m 24s
Rendered 3871/7845, time remaining: 4m 24s
Rendered 3872/7845, time remaining: 4m 24s
Rendered 3873/7845, time remaining: 4m 24s
Rendered 3874/7845, time remaining: 4m 24s
Rendered 3875/7845, time remaining: 4m 24s
Rendered 3876/7845, time remaining: 4m 24s
Rendered 3877/7845, time remaining: 4m 24s
Rendered 3878/7845, time remaining: 4m 24s
Rendered 3879/7845, time remaining: 4m 24s
Rendered 3880/7845, time remaining: 4m 23s
Rendered 3881/7845, time remaining: 4m 23s
Rendered 3882/7845, time remaining: 4m 23s
Rendered 3883/7845, time remaining: 4m 23s
Rendered 3884/7845, time remaining: 4m 23s
Rendered 3885/7845, time remaining: 4m 23s
Rendered 3886/7845, time remaining: 4m 23s
Rendered 3887/7845, time remaining: 4m 23s
Rendered 3888/7845, time remaining: 4m 23s
Rendered 3889/7845, time remaining: 4m 23s
Rendered 3890/7845, time remaining: 4m 23s
Rendered 3891/7845, time remaining: 4m 23s
Rendered 3892/7845, time remaining: 4m 23s
Rendered 3893/7845, time remaining: 4m 23s
Rendered 3894/7845, time remaining: 4m 23s
Rendered 3895/7845, time remaining: 4m 22s
Rendered 3896/7845, time remaining: 4m 22s
Rendered 3897/7845, time remaining: 4m 22s
Rendered 3898/7845, time remaining: 4m 22s
Rendered 3899/7845, time remaining: 4m 22s
Rendered 3900/7845, time remaining: 4m 22s
Rendered 3901/7845, time remaining: 4m 22s
Rendered 3902/7845, time remaining: 4m 22s
Rendered 3903/7845, time remaining: 4m 22s
Rendered 3904/7845, time remaining: 4m 22s
Rendered 3905/7845, time remaining: 4m 22s
Rendered 3906/7845, time remaining: 4m 22s
Rendered 3907/7845, time remaining: 4m 22s
Rendered 3908/7845, time remaining: 4m 22s
Rendered 3909/7845, time remaining: 4m 22s
Rendered 3910/7845, time remaining: 4m 21s
Rendered 3911/7845, time remaining: 4m 21s
Rendered 3912/7845, time remaining: 4m 21s
Rendered 3913/7845, time remaining: 4m 21s
Rendered 3914/7845, time remaining: 4m 21s
Rendered 3915/7845, time remaining: 4m 21s
Rendered 3916/7845, time remaining: 4m 21s
Rendered 3917/7845, time remaining: 4m 21s
Rendered 3918/7845, time remaining: 4m 21s
Rendered 3919/7845, time remaining: 4m 21s
Rendered 3920/7845, time remaining: 4m 21s
Rendered 3921/7845, time remaining: 4m 21s
Rendered 3922/7845, time remaining: 4m 21s
Rendered 3923/7845, time remaining: 4m 21s
Rendered 3924/7845, time remaining: 4m 21s
Rendered 3925/7845, time remaining: 4m 21s
Rendered 3926/7845, time remaining: 4m 20s
Rendered 3927/7845, time remaining: 4m 20s
Rendered 3928/7845, time remaining: 4m 20s
Rendered 3929/7845, time remaining: 4m 20s
Rendered 3930/7845, time remaining: 4m 20s
Rendered 3931/7845, time remaining: 4m 20s
Rendered 3932/7845, time remaining: 4m 20s
Rendered 3933/7845, time remaining: 4m 20s
Rendered 3934/7845, time remaining: 4m 20s
Rendered 3935/7845, time remaining: 4m 20s
Rendered 3936/7845, time remaining: 4m 20s
Rendered 3937/7845, time remaining: 4m 20s
Rendered 3938/7845, time remaining: 4m 20s
Rendered 3939/7845, time remaining: 4m 20s
Rendered 3940/7845, time remaining: 4m 20s
Rendered 3941/7845, time remaining: 4m 19s
Rendered 3942/7845, time remaining: 4m 19s
Rendered 3943/7845, time remaining: 4m 19s
Rendered 3944/7845, time remaining: 4m 19s
Rendered 3945/7845, time remaining: 4m 19s
Rendered 3946/7845, time remaining: 4m 19s
Rendered 3947/7845, time remaining: 4m 19s
Rendered 3948/7845, time remaining: 4m 19s
Rendered 3949/7845, time remaining: 4m 19s
Rendered 3950/7845, time remaining: 4m 19s
Rendered 3951/7845, time remaining: 4m 19s
Rendered 3952/7845, time remaining: 4m 19s
Rendered 3953/7845, time remaining: 4m 19s
Rendered 3954/7845, time remaining: 4m 19s
Rendered 3955/7845, time remaining: 4m 19s
Rendered 3956/7845, time remaining: 4m 18s
Rendered 3957/7845, time remaining: 4m 18s
Rendered 3958/7845, time remaining: 4m 18s
Rendered 3959/7845, time remaining: 4m 18s
Rendered 3960/7845, time remaining: 4m 18s
Rendered 3961/7845, time remaining: 4m 18s
Rendered 3962/7845, time remaining: 4m 18s
Rendered 3963/7845, time remaining: 4m 18s
Rendered 3964/7845, time remaining: 4m 18s
Rendered 3965/7845, time remaining: 4m 18s
Rendered 3966/7845, time remaining: 4m 18s
Rendered 3967/7845, time remaining: 4m 18s
Rendered 3968/7845, time remaining: 4m 18s
Rendered 3969/7845, time remaining: 4m 18s
Rendered 3970/7845, time remaining: 4m 18s
Rendered 3971/7845, time remaining: 4m 17s
Rendered 3972/7845, time remaining: 4m 17s
Rendered 3973/7845, time remaining: 4m 17s
Rendered 3974/7845, time remaining: 4m 17s
Rendered 3975/7845, time remaining: 4m 17s
Rendered 3976/7845, time remaining: 4m 17s
Rendered 3977/7845, time remaining: 4m 17s
Rendered 3978/7845, time remaining: 4m 17s
Rendered 3979/7845, time remaining: 4m 17s
Rendered 3980/7845, time remaining: 4m 17s
Rendered 3981/7845, time remaining: 4m 17s
Rendered 3982/7845, time remaining: 4m 17s
Rendered 3983/7845, time remaining: 4m 17s
Rendered 3984/7845, time remaining: 4m 17s
Rendered 3985/7845, time remaining: 4m 17s
Rendered 3986/7845, time remaining: 4m 16s
Rendered 3987/7845, time remaining: 4m 16s
Rendered 3988/7845, time remaining: 4m 16s
Rendered 3989/7845, time remaining: 4m 16s
Rendered 3990/7845, time remaining: 4m 16s
Rendered 3991/7845, time remaining: 4m 16s
Rendered 3992/7845, time remaining: 4m 16s
Rendered 3993/7845, time remaining: 4m 16s
Rendered 3994/7845, time remaining: 4m 16s
Rendered 3995/7845, time remaining: 4m 16s
Rendered 3996/7845, time remaining: 4m 16s
Rendered 3997/7845, time remaining: 4m 16s
Rendered 3998/7845, time remaining: 4m 16s
Rendered 3999/7845, time remaining: 4m 16s
Rendered 4000/7845, time remaining: 4m 16s
Rendered 4001/7845, time remaining: 4m 15s
Rendered 4002/7845, time remaining: 4m 15s
Rendered 4003/7845, time remaining: 4m 15s
Rendered 4004/7845, time remaining: 4m 15s
Rendered 4005/7845, time remaining: 4m 15s
Rendered 4006/7845, time remaining: 4m 15s
Rendered 4007/7845, time remaining: 4m 15s
Rendered 4008/7845, time remaining: 4m 15s
Rendered 4009/7845, time remaining: 4m 15s
Rendered 4010/7845, time remaining: 4m 15s
Rendered 4011/7845, time remaining: 4m 15s
Rendered 4012/7845, time remaining: 4m 15s
Rendered 4013/7845, time remaining: 4m 15s
Rendered 4014/7845, time remaining: 4m 15s
Rendered 4015/7845, time remaining: 4m 15s
Rendered 4016/7845, time remaining: 4m 14s
Rendered 4017/7845, time remaining: 4m 14s
Rendered 4018/7845, time remaining: 4m 14s
Rendered 4019/7845, time remaining: 4m 14s
Rendered 4020/7845, time remaining: 4m 14s
Rendered 4021/7845, time remaining: 4m 14s
Rendered 4022/7845, time remaining: 4m 14s
Rendered 4023/7845, time remaining: 4m 14s
Rendered 4024/7845, time remaining: 4m 14s
Rendered 4025/7845, time remaining: 4m 14s
Rendered 4026/7845, time remaining: 4m 14s
Rendered 4027/7845, time remaining: 4m 14s
Rendered 4028/7845, time remaining: 4m 14s
Rendered 4029/7845, time remaining: 4m 14s
Rendered 4030/7845, time remaining: 4m 14s
Rendered 4031/7845, time remaining: 4m 13s
Rendered 4032/7845, time remaining: 4m 13s
Rendered 4033/7845, time remaining: 4m 13s
Rendered 4034/7845, time remaining: 4m 13s
Rendered 4035/7845, time remaining: 4m 13s
Rendered 4036/7845, time remaining: 4m 13s
Rendered 4037/7845, time remaining: 4m 13s
Rendered 4038/7845, time remaining: 4m 13s
Rendered 4039/7845, time remaining: 4m 13s
Rendered 4040/7845, time remaining: 4m 13s
Rendered 4041/7845, time remaining: 4m 13s
Rendered 4042/7845, time remaining: 4m 13s
Rendered 4043/7845, time remaining: 4m 13s
Rendered 4044/7845, time remaining: 4m 13s
Rendered 4045/7845, time remaining: 4m 13s
Rendered 4046/7845, time remaining: 4m 12s
Rendered 4047/7845, time remaining: 4m 12s
Rendered 4048/7845, time remaining: 4m 12s
Rendered 4049/7845, time remaining: 4m 12s
Rendered 4050/7845, time remaining: 4m 12s
Rendered 4051/7845, time remaining: 4m 12s
Rendered 4052/7845, time remaining: 4m 12s
Rendered 4053/7845, time remaining: 4m 12s
Rendered 4054/7845, time remaining: 4m 12s
Rendered 4055/7845, time remaining: 4m 12s
Rendered 4056/7845, time remaining: 4m 12s
Rendered 4057/7845, time remaining: 4m 12s
Rendered 4058/7845, time remaining: 4m 12s
Rendered 4059/7845, time remaining: 4m 12s
Rendered 4060/7845, time remaining: 4m 12s
Rendered 4061/7845, time remaining: 4m 11s
Rendered 4062/7845, time remaining: 4m 11s
Rendered 4063/7845, time remaining: 4m 11s
Rendered 4064/7845, time remaining: 4m 11s
Rendered 4065/7845, time remaining: 4m 11s
Rendered 4066/7845, time remaining: 4m 11s
Rendered 4067/7845, time remaining: 4m 11s
Rendered 4068/7845, time remaining: 4m 11s
Rendered 4069/7845, time remaining: 4m 11s
Rendered 4070/7845, time remaining: 4m 11s
Rendered 4071/7845, time remaining: 4m 11s
Rendered 4072/7845, time remaining: 4m 11s
Rendered 4073/7845, time remaining: 4m 11s
Rendered 4074/7845, time remaining: 4m 11s
Rendered 4075/7845, time remaining: 4m 11s
Rendered 4076/7845, time remaining: 4m 10s
Rendered 4077/7845, time remaining: 4m 10s
Rendered 4078/7845, time remaining: 4m 10s
Rendered 4079/7845, time remaining: 4m 10s
Rendered 4080/7845, time remaining: 4m 10s
Rendered 4081/7845, time remaining: 4m 10s
Rendered 4082/7845, time remaining: 4m 10s
Rendered 4083/7845, time remaining: 4m 10s
Rendered 4084/7845, time remaining: 4m 10s
Rendered 4085/7845, time remaining: 4m 10s
Rendered 4086/7845, time remaining: 4m 10s
Rendered 4087/7845, time remaining: 4m 10s
Rendered 4088/7845, time remaining: 4m 10s
Rendered 4089/7845, time remaining: 4m 10s
Rendered 4090/7845, time remaining: 4m 10s
Rendered 4091/7845, time remaining: 4m 9s
Rendered 4092/7845, time remaining: 4m 9s
Rendered 4093/7845, time remaining: 4m 9s
Rendered 4094/7845, time remaining: 4m 9s
Rendered 4095/7845, time remaining: 4m 9s
Rendered 4096/7845, time remaining: 4m 9s
Rendered 4097/7845, time remaining: 4m 9s
Rendered 4098/7845, time remaining: 4m 9s
Rendered 4099/7845, time remaining: 4m 9s
Rendered 4100/7845, time remaining: 4m 9s
Rendered 4101/7845, time remaining: 4m 9s
Rendered 4102/7845, time remaining: 4m 9s
Rendered 4103/7845, time remaining: 4m 9s
Rendered 4104/7845, time remaining: 4m 9s
Rendered 4105/7845, time remaining: 4m 9s
Rendered 4106/7845, time remaining: 4m 8s
Rendered 4107/7845, time remaining: 4m 8s
Rendered 4108/7845, time remaining: 4m 8s
Rendered 4109/7845, time remaining: 4m 8s
Rendered 4110/7845, time remaining: 4m 8s
Rendered 4111/7845, time remaining: 4m 8s
Rendered 4112/7845, time remaining: 4m 8s
Rendered 4113/7845, time remaining: 4m 8s
Rendered 4114/7845, time remaining: 4m 8s
Rendered 4115/7845, time remaining: 4m 8s
Rendered 4116/7845, time remaining: 4m 8s
Rendered 4117/7845, time remaining: 4m 8s
Rendered 4118/7845, time remaining: 4m 8s
Rendered 4119/7845, time remaining: 4m 8s
Rendered 4120/7845, time remaining: 4m 8s
Rendered 4121/7845, time remaining: 4m 7s
Rendered 4122/7845, time remaining: 4m 7s
Rendered 4123/7845, time remaining: 4m 7s
Rendered 4124/7845, time remaining: 4m 7s
Rendered 4125/7845, time remaining: 4m 7s
Rendered 4126/7845, time remaining: 4m 7s
Rendered 4127/7845, time remaining: 4m 7s
Rendered 4128/7845, time remaining: 4m 7s
Rendered 4129/7845, time remaining: 4m 7s
Rendered 4130/7845, time remaining: 4m 7s
Rendered 4131/7845, time remaining: 4m 7s
Rendered 4132/7845, time remaining: 4m 7s
Rendered 4133/7845, time remaining: 4m 7s
Rendered 4134/7845, time remaining: 4m 7s
Rendered 4135/7845, time remaining: 4m 7s
Rendered 4136/7845, time remaining: 4m 6s
Rendered 4137/7845, time remaining: 4m 6s
Rendered 4138/7845, time remaining: 4m 6s
Rendered 4139/7845, time remaining: 4m 6s
Rendered 4140/7845, time remaining: 4m 6s
Rendered 4141/7845, time remaining: 4m 6s
Rendered 4142/7845, time remaining: 4m 6s
Rendered 4143/7845, time remaining: 4m 6s
Rendered 4144/7845, time remaining: 4m 6s
Rendered 4145/7845, time remaining: 4m 6s
Rendered 4146/7845, time remaining: 4m 6s
Rendered 4147/7845, time remaining: 4m 6s
Rendered 4148/7845, time remaining: 4m 6s
Rendered 4149/7845, time remaining: 4m 6s
Rendered 4150/7845, time remaining: 4m 6s
Rendered 4151/7845, time remaining: 4m 5s
Rendered 4152/7845, time remaining: 4m 5s
Rendered 4153/7845, time remaining: 4m 5s
Rendered 4154/7845, time remaining: 4m 5s
Rendered 4155/7845, time remaining: 4m 5s
Rendered 4156/7845, time remaining: 4m 5s
Rendered 4157/7845, time remaining: 4m 5s
Rendered 4158/7845, time remaining: 4m 5s
Rendered 4159/7845, time remaining: 4m 5s
Rendered 4160/7845, time remaining: 4m 5s
Rendered 4161/7845, time remaining: 4m 5s
Rendered 4162/7845, time remaining: 4m 5s
Rendered 4163/7845, time remaining: 4m 5s
Rendered 4164/7845, time remaining: 4m 5s
Rendered 4165/7845, time remaining: 4m 5s
Rendered 4166/7845, time remaining: 4m 4s
Rendered 4167/7845, time remaining: 4m 4s
Rendered 4168/7845, time remaining: 4m 4s
Rendered 4169/7845, time remaining: 4m 4s
Rendered 4170/7845, time remaining: 4m 4s
Rendered 4171/7845, time remaining: 4m 4s
Rendered 4172/7845, time remaining: 4m 4s
Rendered 4173/7845, time remaining: 4m 4s
Rendered 4174/7845, time remaining: 4m 4s
Rendered 4175/7845, time remaining: 4m 4s
Rendered 4176/7845, time remaining: 4m 4s
Rendered 4177/7845, time remaining: 4m 4s
Rendered 4178/7845, time remaining: 4m 4s
Rendered 4179/7845, time remaining: 4m 4s
Rendered 4180/7845, time remaining: 4m 4s
Rendered 4181/7845, time remaining: 4m 3s
Rendered 4182/7845, time remaining: 4m 3s
Rendered 4183/7845, time remaining: 4m 3s
Rendered 4184/7845, time remaining: 4m 3s
Rendered 4185/7845, time remaining: 4m 3s
Rendered 4186/7845, time remaining: 4m 3s
Rendered 4187/7845, time remaining: 4m 3s
Rendered 4188/7845, time remaining: 4m 3s
Rendered 4189/7845, time remaining: 4m 3s
Rendered 4190/7845, time remaining: 4m 3s
Rendered 4191/7845, time remaining: 4m 3s
Rendered 4192/7845, time remaining: 4m 3s
Rendered 4193/7845, time remaining: 4m 3s
Rendered 4194/7845, time remaining: 4m 3s
Rendered 4195/7845, time remaining: 4m 3s
Rendered 4196/7845, time remaining: 4m 2s
Rendered 4197/7845, time remaining: 4m 2s
Rendered 4198/7845, time remaining: 4m 2s
Rendered 4199/7845, time remaining: 4m 2s
Rendered 4200/7845, time remaining: 4m 2s
Rendered 4201/7845, time remaining: 4m 2s
Rendered 4202/7845, time remaining: 4m 2s
Rendered 4203/7845, time remaining: 4m 2s
Rendered 4204/7845, time remaining: 4m 2s
Rendered 4205/7845, time remaining: 4m 2s
Rendered 4206/7845, time remaining: 4m 2s
Rendered 4207/7845, time remaining: 4m 2s
Rendered 4208/7845, time remaining: 4m 2s
Rendered 4209/7845, time remaining: 4m 2s
Rendered 4210/7845, time remaining: 4m 2s
Rendered 4211/7845, time remaining: 4m 1s
Rendered 4212/7845, time remaining: 4m 1s
Rendered 4213/7845, time remaining: 4m 1s
Rendered 4214/7845, time remaining: 4m 1s
Rendered 4215/7845, time remaining: 4m 1s
Rendered 4216/7845, time remaining: 4m 1s
Rendered 4217/7845, time remaining: 4m 1s
Rendered 4218/7845, time remaining: 4m 1s
Rendered 4219/7845, time remaining: 4m 1s
Rendered 4220/7845, time remaining: 4m 1s
Rendered 4221/7845, time remaining: 4m 1s
Rendered 4222/7845, time remaining: 4m 1s
Rendered 4223/7845, time remaining: 4m 1s
Rendered 4224/7845, time remaining: 4m 1s
Rendered 4225/7845, time remaining: 4m 1s
Rendered 4226/7845, time remaining: 4m 0s
Rendered 4227/7845, time remaining: 4m 0s
Rendered 4228/7845, time remaining: 4m 0s
Rendered 4229/7845, time remaining: 4m 0s
Rendered 4230/7845, time remaining: 4m 0s
Rendered 4231/7845, time remaining: 4m 0s
Rendered 4232/7845, time remaining: 4m 0s
Rendered 4233/7845, time remaining: 4m 0s
Rendered 4234/7845, time remaining: 4m 0s
Rendered 4235/7845, time remaining: 4m 0s
Rendered 4236/7845, time remaining: 4m 0s
Rendered 4237/7845, time remaining: 4m 0s
Rendered 4238/7845, time remaining: 4m 0s
Rendered 4239/7845, time remaining: 4m 0s
Rendered 4240/7845, time remaining: 4m 0s
Rendered 4241/7845, time remaining: 3m 59s
Rendered 4242/7845, time remaining: 3m 59s
Rendered 4243/7845, time remaining: 3m 59s
Rendered 4244/7845, time remaining: 3m 59s
Rendered 4245/7845, time remaining: 3m 59s
Rendered 4246/7845, time remaining: 3m 59s
Rendered 4247/7845, time remaining: 3m 59s
Rendered 4248/7845, time remaining: 3m 59s
Rendered 4249/7845, time remaining: 3m 59s
Rendered 4250/7845, time remaining: 3m 59s
Rendered 4251/7845, time remaining: 3m 59s
Rendered 4252/7845, time remaining: 3m 59s
Rendered 4253/7845, time remaining: 3m 59s
Rendered 4254/7845, time remaining: 3m 59s
Rendered 4255/7845, time remaining: 3m 59s
Rendered 4256/7845, time remaining: 3m 58s
Rendered 4257/7845, time remaining: 3m 58s
Rendered 4258/7845, time remaining: 3m 58s
Rendered 4259/7845, time remaining: 3m 58s
Rendered 4260/7845, time remaining: 3m 58s
Rendered 4261/7845, time remaining: 3m 58s
Rendered 4262/7845, time remaining: 3m 58s
Rendered 4263/7845, time remaining: 3m 58s
Rendered 4264/7845, time remaining: 3m 58s
Rendered 4265/7845, time remaining: 3m 58s
Rendered 4266/7845, time remaining: 3m 58s
Rendered 4267/7845, time remaining: 3m 58s
Rendered 4268/7845, time remaining: 3m 58s
Rendered 4269/7845, time remaining: 3m 58s
Rendered 4270/7845, time remaining: 3m 58s
Rendered 4271/7845, time remaining: 3m 57s
Rendered 4272/7845, time remaining: 3m 57s
Rendered 4273/7845, time remaining: 3m 57s
Rendered 4274/7845, time remaining: 3m 57s
Rendered 4275/7845, time remaining: 3m 57s
Rendered 4276/7845, time remaining: 3m 57s
Rendered 4277/7845, time remaining: 3m 57s
Rendered 4278/7845, time remaining: 3m 57s
Rendered 4279/7845, time remaining: 3m 57s
Rendered 4280/7845, time remaining: 3m 57s
Rendered 4281/7845, time remaining: 3m 57s
Rendered 4282/7845, time remaining: 3m 57s
Rendered 4283/7845, time remaining: 3m 57s
Rendered 4284/7845, time remaining: 3m 57s
Rendered 4285/7845, time remaining: 3m 57s
Rendered 4286/7845, time remaining: 3m 56s
Rendered 4287/7845, time remaining: 3m 56s
Rendered 4288/7845, time remaining: 3m 56s
Rendered 4289/7845, time remaining: 3m 56s
Rendered 4290/7845, time remaining: 3m 56s
Rendered 4291/7845, time remaining: 3m 56s
Rendered 4292/7845, time remaining: 3m 56s
Rendered 4293/7845, time remaining: 3m 56s
Rendered 4294/7845, time remaining: 3m 56s
Rendered 4295/7845, time remaining: 3m 56s
Rendered 4296/7845, time remaining: 3m 56s
Rendered 4297/7845, time remaining: 3m 56s
Rendered 4298/7845, time remaining: 3m 56s
Rendered 4299/7845, time remaining: 3m 56s
Rendered 4300/7845, time remaining: 3m 56s
Rendered 4301/7845, time remaining: 3m 55s
Rendered 4302/7845, time remaining: 3m 55s
Rendered 4303/7845, time remaining: 3m 55s
Rendered 4304/7845, time remaining: 3m 55s
Rendered 4305/7845, time remaining: 3m 55s
Rendered 4306/7845, time remaining: 3m 55s
Rendered 4307/7845, time remaining: 3m 55s
Rendered 4308/7845, time remaining: 3m 55s
Rendered 4309/7845, time remaining: 3m 55s
Rendered 4310/7845, time remaining: 3m 55s
Rendered 4311/7845, time remaining: 3m 55s
Rendered 4312/7845, time remaining: 3m 55s
Rendered 4313/7845, time remaining: 3m 55s
Rendered 4314/7845, time remaining: 3m 55s
Rendered 4315/7845, time remaining: 3m 55s
Rendered 4316/7845, time remaining: 3m 54s
Rendered 4317/7845, time remaining: 3m 54s
Rendered 4318/7845, time remaining: 3m 54s
Rendered 4319/7845, time remaining: 3m 54s
Rendered 4320/7845, time remaining: 3m 54s
Rendered 4321/7845, time remaining: 3m 54s
Rendered 4322/7845, time remaining: 3m 54s
Rendered 4323/7845, time remaining: 3m 54s
Rendered 4324/7845, time remaining: 3m 54s
Rendered 4325/7845, time remaining: 3m 54s
Rendered 4326/7845, time remaining: 3m 54s
Rendered 4327/7845, time remaining: 3m 54s
Rendered 4328/7845, time remaining: 3m 54s
Rendered 4329/7845, time remaining: 3m 54s
Rendered 4330/7845, time remaining: 3m 54s
Rendered 4331/7845, time remaining: 3m 53s
Rendered 4332/7845, time remaining: 3m 53s
Rendered 4333/7845, time remaining: 3m 53s
Rendered 4334/7845, time remaining: 3m 53s
Rendered 4335/7845, time remaining: 3m 53s
Rendered 4336/7845, time remaining: 3m 53s
Rendered 4337/7845, time remaining: 3m 53s
Rendered 4338/7845, time remaining: 3m 53s
Rendered 4339/7845, time remaining: 3m 53s
Rendered 4340/7845, time remaining: 3m 53s
Rendered 4341/7845, time remaining: 3m 53s
Rendered 4342/7845, time remaining: 3m 53s
Rendered 4343/7845, time remaining: 3m 53s
Rendered 4344/7845, time remaining: 3m 53s
Rendered 4345/7845, time remaining: 3m 53s
Rendered 4346/7845, time remaining: 3m 52s
Rendered 4347/7845, time remaining: 3m 52s
Rendered 4348/7845, time remaining: 3m 52s
Rendered 4349/7845, time remaining: 3m 52s
Rendered 4350/7845, time remaining: 3m 52s
Rendered 4351/7845, time remaining: 3m 52s
Rendered 4352/7845, time remaining: 3m 52s
Rendered 4353/7845, time remaining: 3m 52s
Rendered 4354/7845, time remaining: 3m 52s
Rendered 4355/7845, time remaining: 3m 52s
Rendered 4356/7845, time remaining: 3m 52s
Rendered 4357/7845, time remaining: 3m 52s
Rendered 4358/7845, time remaining: 3m 52s
Rendered 4359/7845, time remaining: 3m 52s
Rendered 4360/7845, time remaining: 3m 52s
Rendered 4361/7845, time remaining: 3m 51s
Rendered 4362/7845, time remaining: 3m 51s
Rendered 4363/7845, time remaining: 3m 51s
Rendered 4364/7845, time remaining: 3m 51s
Rendered 4365/7845, time remaining: 3m 51s
Rendered 4366/7845, time remaining: 3m 51s
Rendered 4367/7845, time remaining: 3m 51s
Rendered 4368/7845, time remaining: 3m 51s
Rendered 4369/7845, time remaining: 3m 51s
Rendered 4370/7845, time remaining: 3m 51s
Rendered 4371/7845, time remaining: 3m 51s
Rendered 4372/7845, time remaining: 3m 51s
Rendered 4373/7845, time remaining: 3m 51s
Rendered 4374/7845, time remaining: 3m 51s
Rendered 4375/7845, time remaining: 3m 51s
Rendered 4376/7845, time remaining: 3m 50s
Rendered 4377/7845, time remaining: 3m 50s
Rendered 4378/7845, time remaining: 3m 50s
Rendered 4379/7845, time remaining: 3m 50s
Rendered 4380/7845, time remaining: 3m 50s
Rendered 4381/7845, time remaining: 3m 50s
Rendered 4382/7845, time remaining: 3m 50s
Rendered 4383/7845, time remaining: 3m 50s
Rendered 4384/7845, time remaining: 3m 50s
Rendered 4385/7845, time remaining: 3m 50s
Rendered 4386/7845, time remaining: 3m 50s
Rendered 4387/7845, time remaining: 3m 50s
Rendered 4388/7845, time remaining: 3m 50s
Rendered 4389/7845, time remaining: 3m 50s
Rendered 4390/7845, time remaining: 3m 50s
Rendered 4391/7845, time remaining: 3m 49s
Rendered 4392/7845, time remaining: 3m 49s
Rendered 4393/7845, time remaining: 3m 49s
Rendered 4394/7845, time remaining: 3m 49s
Rendered 4395/7845, time remaining: 3m 49s
Rendered 4396/7845, time remaining: 3m 49s
Rendered 4397/7845, time remaining: 3m 49s
Rendered 4398/7845, time remaining: 3m 49s
Rendered 4399/7845, time remaining: 3m 49s
Rendered 4400/7845, time remaining: 3m 49s
Rendered 4401/7845, time remaining: 3m 49s
Rendered 4402/7845, time remaining: 3m 49s
Rendered 4403/7845, time remaining: 3m 49s
Rendered 4404/7845, time remaining: 3m 49s
Rendered 4405/7845, time remaining: 3m 49s
Rendered 4406/7845, time remaining: 3m 48s
Rendered 4407/7845, time remaining: 3m 48s
Rendered 4408/7845, time remaining: 3m 48s
Rendered 4409/7845, time remaining: 3m 48s
Rendered 4410/7845, time remaining: 3m 48s
Rendered 4411/7845, time remaining: 3m 48s
Rendered 4412/7845, time remaining: 3m 48s
Rendered 4413/7845, time remaining: 3m 48s
Rendered 4414/7845, time remaining: 3m 48s
Rendered 4415/7845, time remaining: 3m 48s
Rendered 4416/7845, time remaining: 3m 48s
Rendered 4417/7845, time remaining: 3m 48s
Rendered 4418/7845, time remaining: 3m 48s
Rendered 4419/7845, time remaining: 3m 48s
Rendered 4420/7845, time remaining: 3m 48s
Rendered 4421/7845, time remaining: 3m 47s
Rendered 4422/7845, time remaining: 3m 47s
Rendered 4423/7845, time remaining: 3m 47s
Rendered 4424/7845, time remaining: 3m 47s
Rendered 4425/7845, time remaining: 3m 47s
Rendered 4426/7845, time remaining: 3m 47s
Rendered 4427/7845, time remaining: 3m 47s
Rendered 4428/7845, time remaining: 3m 47s
Rendered 4429/7845, time remaining: 3m 47s
Rendered 4430/7845, time remaining: 3m 47s
Rendered 4431/7845, time remaining: 3m 47s
Rendered 4432/7845, time remaining: 3m 47s
Rendered 4433/7845, time remaining: 3m 47s
Rendered 4434/7845, time remaining: 3m 47s
Rendered 4435/7845, time remaining: 3m 47s
Rendered 4436/7845, time remaining: 3m 46s
Rendered 4437/7845, time remaining: 3m 46s
Rendered 4438/7845, time remaining: 3m 46s
Rendered 4439/7845, time remaining: 3m 46s
Rendered 4440/7845, time remaining: 3m 46s
Rendered 4441/7845, time remaining: 3m 46s
Rendered 4442/7845, time remaining: 3m 46s
Rendered 4443/7845, time remaining: 3m 46s
Rendered 4444/7845, time remaining: 3m 46s
Rendered 4445/7845, time remaining: 3m 46s
Rendered 4446/7845, time remaining: 3m 46s
Rendered 4447/7845, time remaining: 3m 46s
Rendered 4448/7845, time remaining: 3m 46s
Rendered 4449/7845, time remaining: 3m 46s
Rendered 4450/7845, time remaining: 3m 46s
Rendered 4451/7845, time remaining: 3m 45s
Rendered 4452/7845, time remaining: 3m 45s
Rendered 4453/7845, time remaining: 3m 45s
Rendered 4454/7845, time remaining: 3m 45s
Rendered 4455/7845, time remaining: 3m 45s
Rendered 4456/7845, time remaining: 3m 45s
Rendered 4457/7845, time remaining: 3m 45s
Rendered 4458/7845, time remaining: 3m 45s
Rendered 4459/7845, time remaining: 3m 45s
Rendered 4460/7845, time remaining: 3m 45s
Rendered 4461/7845, time remaining: 3m 45s
Rendered 4462/7845, time remaining: 3m 45s
Rendered 4463/7845, time remaining: 3m 45s
Rendered 4464/7845, time remaining: 3m 45s
Rendered 4465/7845, time remaining: 3m 45s
Rendered 4466/7845, time remaining: 3m 45s
Rendered 4467/7845, time remaining: 3m 44s
Rendered 4468/7845, time remaining: 3m 44s
Rendered 4469/7845, time remaining: 3m 44s
Rendered 4470/7845, time remaining: 3m 44s
Rendered 4471/7845, time remaining: 3m 44s
Rendered 4472/7845, time remaining: 3m 44s
Rendered 4473/7845, time remaining: 3m 44s
Rendered 4474/7845, time remaining: 3m 44s
Rendered 4475/7845, time remaining: 3m 44s
Rendered 4476/7845, time remaining: 3m 44s
Rendered 4477/7845, time remaining: 3m 44s
Rendered 4478/7845, time remaining: 3m 44s
Rendered 4479/7845, time remaining: 3m 44s
Rendered 4480/7845, time remaining: 3m 44s
Rendered 4481/7845, time remaining: 3m 43s
Rendered 4482/7845, time remaining: 3m 43s
Rendered 4483/7845, time remaining: 3m 43s
Rendered 4484/7845, time remaining: 3m 43s
Rendered 4485/7845, time remaining: 3m 43s
Rendered 4486/7845, time remaining: 3m 43s
Rendered 4487/7845, time remaining: 3m 43s
Rendered 4488/7845, time remaining: 3m 43s
Rendered 4489/7845, time remaining: 3m 43s
Rendered 4490/7845, time remaining: 3m 43s
Rendered 4491/7845, time remaining: 3m 43s
Rendered 4492/7845, time remaining: 3m 43s
Rendered 4493/7845, time remaining: 3m 43s
Rendered 4494/7845, time remaining: 3m 43s
Rendered 4495/7845, time remaining: 3m 43s
Rendered 4496/7845, time remaining: 3m 42s
Rendered 4497/7845, time remaining: 3m 42s
Rendered 4498/7845, time remaining: 3m 42s
Rendered 4499/7845, time remaining: 3m 42s
Rendered 4500/7845, time remaining: 3m 42s
Rendered 4501/7845, time remaining: 3m 42s
Rendered 4502/7845, time remaining: 3m 42s
Rendered 4503/7845, time remaining: 3m 42s
Rendered 4504/7845, time remaining: 3m 42s
Rendered 4505/7845, time remaining: 3m 42s
Rendered 4506/7845, time remaining: 3m 42s
Rendered 4507/7845, time remaining: 3m 42s
Rendered 4508/7845, time remaining: 3m 42s
Rendered 4509/7845, time remaining: 3m 42s
Rendered 4510/7845, time remaining: 3m 42s
Rendered 4511/7845, time remaining: 3m 42s
Rendered 4512/7845, time remaining: 3m 41s
Rendered 4513/7845, time remaining: 3m 41s
Rendered 4514/7845, time remaining: 3m 41s
Rendered 4515/7845, time remaining: 3m 41s
Rendered 4516/7845, time remaining: 3m 41s
Rendered 4517/7845, time remaining: 3m 41s
Rendered 4518/7845, time remaining: 3m 41s
Rendered 4519/7845, time remaining: 3m 41s
Rendered 4520/7845, time remaining: 3m 41s
Rendered 4521/7845, time remaining: 3m 41s
Rendered 4522/7845, time remaining: 3m 41s
Rendered 4523/7845, time remaining: 3m 41s
Rendered 4524/7845, time remaining: 3m 41s
Rendered 4525/7845, time remaining: 3m 41s
Rendered 4526/7845, time remaining: 3m 41s
Rendered 4527/7845, time remaining: 3m 40s
Rendered 4528/7845, time remaining: 3m 40s
Rendered 4529/7845, time remaining: 3m 40s
Rendered 4530/7845, time remaining: 3m 40s
Rendered 4531/7845, time remaining: 3m 40s
Rendered 4532/7845, time remaining: 3m 40s
Rendered 4533/7845, time remaining: 3m 40s
Rendered 4534/7845, time remaining: 3m 40s
Rendered 4535/7845, time remaining: 3m 40s
Rendered 4536/7845, time remaining: 3m 40s
Rendered 4537/7845, time remaining: 3m 40s
Rendered 4538/7845, time remaining: 3m 40s
Rendered 4539/7845, time remaining: 3m 40s
Rendered 4540/7845, time remaining: 3m 40s
Rendered 4541/7845, time remaining: 3m 39s
Rendered 4542/7845, time remaining: 3m 39s
Rendered 4543/7845, time remaining: 3m 39s
Rendered 4544/7845, time remaining: 3m 39s
Rendered 4545/7845, time remaining: 3m 39s
Rendered 4546/7845, time remaining: 3m 39s
Rendered 4547/7845, time remaining: 3m 39s
Rendered 4548/7845, time remaining: 3m 39s
Rendered 4549/7845, time remaining: 3m 39s
Rendered 4550/7845, time remaining: 3m 39s
Rendered 4551/7845, time remaining: 3m 39s
Rendered 4552/7845, time remaining: 3m 39s
Rendered 4553/7845, time remaining: 3m 39s
Rendered 4554/7845, time remaining: 3m 39s
Rendered 4555/7845, time remaining: 3m 39s
Rendered 4556/7845, time remaining: 3m 38s
Rendered 4557/7845, time remaining: 3m 38s
Rendered 4558/7845, time remaining: 3m 38s
Rendered 4559/7845, time remaining: 3m 38s
Rendered 4560/7845, time remaining: 3m 38s
Rendered 4561/7845, time remaining: 3m 38s
Rendered 4562/7845, time remaining: 3m 38s
Rendered 4563/7845, time remaining: 3m 38s
Rendered 4564/7845, time remaining: 3m 38s
Rendered 4565/7845, time remaining: 3m 38s
Rendered 4566/7845, time remaining: 3m 38s
Rendered 4567/7845, time remaining: 3m 38s
Rendered 4568/7845, time remaining: 3m 38s
Rendered 4569/7845, time remaining: 3m 38s
Rendered 4570/7845, time remaining: 3m 38s
Rendered 4571/7845, time remaining: 3m 38s
Rendered 4572/7845, time remaining: 3m 37s
Rendered 4573/7845, time remaining: 3m 37s
Rendered 4574/7845, time remaining: 3m 37s
Rendered 4575/7845, time remaining: 3m 37s
Rendered 4576/7845, time remaining: 3m 37s
Rendered 4577/7845, time remaining: 3m 37s
Rendered 4578/7845, time remaining: 3m 37s
Rendered 4579/7845, time remaining: 3m 37s
Rendered 4580/7845, time remaining: 3m 37s
Rendered 4581/7845, time remaining: 3m 37s
Rendered 4582/7845, time remaining: 3m 37s
Rendered 4583/7845, time remaining: 3m 37s
Rendered 4584/7845, time remaining: 3m 37s
Rendered 4585/7845, time remaining: 3m 37s
Rendered 4586/7845, time remaining: 3m 36s
Rendered 4587/7845, time remaining: 3m 36s
Rendered 4588/7845, time remaining: 3m 36s
Rendered 4589/7845, time remaining: 3m 36s
Rendered 4590/7845, time remaining: 3m 36s
Rendered 4591/7845, time remaining: 3m 36s
Rendered 4592/7845, time remaining: 3m 36s
Rendered 4593/7845, time remaining: 3m 36s
Rendered 4594/7845, time remaining: 3m 36s
Rendered 4595/7845, time remaining: 3m 36s
Rendered 4596/7845, time remaining: 3m 36s
Rendered 4597/7845, time remaining: 3m 36s
Rendered 4598/7845, time remaining: 3m 36s
Rendered 4599/7845, time remaining: 3m 36s
Rendered 4600/7845, time remaining: 3m 36s
Rendered 4601/7845, time remaining: 3m 36s
Rendered 4602/7845, time remaining: 3m 35s
Rendered 4603/7845, time remaining: 3m 35s
Rendered 4604/7845, time remaining: 3m 35s
Rendered 4605/7845, time remaining: 3m 35s
Rendered 4606/7845, time remaining: 3m 35s
Rendered 4607/7845, time remaining: 3m 35s
Rendered 4608/7845, time remaining: 3m 35s
Rendered 4609/7845, time remaining: 3m 35s
Rendered 4610/7845, time remaining: 3m 35s
Rendered 4611/7845, time remaining: 3m 35s
Rendered 4612/7845, time remaining: 3m 35s
Rendered 4613/7845, time remaining: 3m 35s
Rendered 4614/7845, time remaining: 3m 35s
Rendered 4615/7845, time remaining: 3m 35s
Rendered 4616/7845, time remaining: 3m 34s
Rendered 4617/7845, time remaining: 3m 34s
Rendered 4618/7845, time remaining: 3m 34s
Rendered 4619/7845, time remaining: 3m 34s
Rendered 4620/7845, time remaining: 3m 34s
Rendered 4621/7845, time remaining: 3m 34s
Rendered 4622/7845, time remaining: 3m 34s
Rendered 4623/7845, time remaining: 3m 34s
Rendered 4624/7845, time remaining: 3m 34s
Rendered 4625/7845, time remaining: 3m 34s
Rendered 4626/7845, time remaining: 3m 34s
Rendered 4627/7845, time remaining: 3m 34s
Rendered 4628/7845, time remaining: 3m 34s
Rendered 4629/7845, time remaining: 3m 34s
Rendered 4630/7845, time remaining: 3m 34s
Rendered 4631/7845, time remaining: 3m 34s
Rendered 4632/7845, time remaining: 3m 33s
Rendered 4633/7845, time remaining: 3m 33s
Rendered 4634/7845, time remaining: 3m 33s
Rendered 4635/7845, time remaining: 3m 33s
Rendered 4636/7845, time remaining: 3m 33s
Rendered 4637/7845, time remaining: 3m 33s
Rendered 4638/7845, time remaining: 3m 33s
Rendered 4639/7845, time remaining: 3m 33s
Rendered 4640/7845, time remaining: 3m 33s
Rendered 4641/7845, time remaining: 3m 33s
Rendered 4642/7845, time remaining: 3m 33s
Rendered 4643/7845, time remaining: 3m 33s
Rendered 4644/7845, time remaining: 3m 33s
Rendered 4645/7845, time remaining: 3m 33s
Rendered 4646/7845, time remaining: 3m 33s
Rendered 4647/7845, time remaining: 3m 32s
Rendered 4648/7845, time remaining: 3m 32s
Rendered 4649/7845, time remaining: 3m 32s
Rendered 4650/7845, time remaining: 3m 32s
Rendered 4651/7845, time remaining: 3m 32s
Rendered 4652/7845, time remaining: 3m 32s
Rendered 4653/7845, time remaining: 3m 32s
Rendered 4654/7845, time remaining: 3m 32s
Rendered 4655/7845, time remaining: 3m 32s
Rendered 4656/7845, time remaining: 3m 32s
Rendered 4657/7845, time remaining: 3m 32s
Rendered 4658/7845, time remaining: 3m 32s
Rendered 4659/7845, time remaining: 3m 32s
Rendered 4660/7845, time remaining: 3m 32s
Rendered 4661/7845, time remaining: 3m 32s
Rendered 4662/7845, time remaining: 3m 31s
Rendered 4663/7845, time remaining: 3m 31s
Rendered 4664/7845, time remaining: 3m 31s
Rendered 4665/7845, time remaining: 3m 31s
Rendered 4666/7845, time remaining: 3m 31s
Rendered 4667/7845, time remaining: 3m 31s
Rendered 4668/7845, time remaining: 3m 31s
Rendered 4669/7845, time remaining: 3m 31s
Rendered 4670/7845, time remaining: 3m 31s
Rendered 4671/7845, time remaining: 3m 31s
Rendered 4672/7845, time remaining: 3m 31s
Rendered 4673/7845, time remaining: 3m 31s
Rendered 4674/7845, time remaining: 3m 31s
Rendered 4675/7845, time remaining: 3m 31s
Rendered 4676/7845, time remaining: 3m 31s
Rendered 4677/7845, time remaining: 3m 30s
Rendered 4678/7845, time remaining: 3m 30s
Rendered 4679/7845, time remaining: 3m 30s
Rendered 4680/7845, time remaining: 3m 30s
Rendered 4681/7845, time remaining: 3m 30s
Rendered 4682/7845, time remaining: 3m 30s
Rendered 4683/7845, time remaining: 3m 30s
Rendered 4684/7845, time remaining: 3m 30s
Rendered 4685/7845, time remaining: 3m 30s
Rendered 4686/7845, time remaining: 3m 30s
Rendered 4687/7845, time remaining: 3m 30s
Rendered 4688/7845, time remaining: 3m 30s
Rendered 4689/7845, time remaining: 3m 30s
Rendered 4690/7845, time remaining: 3m 30s
Rendered 4691/7845, time remaining: 3m 30s
Rendered 4692/7845, time remaining: 3m 29s
Rendered 4693/7845, time remaining: 3m 29s
Rendered 4694/7845, time remaining: 3m 29s
Rendered 4695/7845, time remaining: 3m 29s
Rendered 4696/7845, time remaining: 3m 29s
Rendered 4697/7845, time remaining: 3m 29s
Rendered 4698/7845, time remaining: 3m 29s
Rendered 4699/7845, time remaining: 3m 29s
Rendered 4700/7845, time remaining: 3m 29s
Rendered 4701/7845, time remaining: 3m 29s
Rendered 4702/7845, time remaining: 3m 29s
Rendered 4703/7845, time remaining: 3m 29s
Rendered 4704/7845, time remaining: 3m 29s
Rendered 4705/7845, time remaining: 3m 29s
Rendered 4706/7845, time remaining: 3m 29s
Rendered 4707/7845, time remaining: 3m 28s
Rendered 4708/7845, time remaining: 3m 28s
Rendered 4709/7845, time remaining: 3m 28s
Rendered 4710/7845, time remaining: 3m 28s
Rendered 4711/7845, time remaining: 3m 28s
Rendered 4712/7845, time remaining: 3m 28s
Rendered 4713/7845, time remaining: 3m 28s
Rendered 4714/7845, time remaining: 3m 28s
Rendered 4715/7845, time remaining: 3m 28s
Rendered 4716/7845, time remaining: 3m 28s
Rendered 4717/7845, time remaining: 3m 28s
Rendered 4718/7845, time remaining: 3m 28s
Rendered 4719/7845, time remaining: 3m 28s
Rendered 4720/7845, time remaining: 3m 28s
Rendered 4721/7845, time remaining: 3m 28s
Rendered 4722/7845, time remaining: 3m 27s
Rendered 4723/7845, time remaining: 3m 27s
Rendered 4724/7845, time remaining: 3m 27s
Rendered 4725/7845, time remaining: 3m 27s
Rendered 4726/7845, time remaining: 3m 27s
Rendered 4727/7845, time remaining: 3m 27s
Rendered 4728/7845, time remaining: 3m 27s
Rendered 4729/7845, time remaining: 3m 27s
Rendered 4730/7845, time remaining: 3m 27s
Rendered 4731/7845, time remaining: 3m 27s
Rendered 4732/7845, time remaining: 3m 27s
Rendered 4733/7845, time remaining: 3m 27s
Rendered 4734/7845, time remaining: 3m 27s
Rendered 4735/7845, time remaining: 3m 27s
Rendered 4736/7845, time remaining: 3m 27s
Rendered 4737/7845, time remaining: 3m 26s
Rendered 4738/7845, time remaining: 3m 26s
Rendered 4739/7845, time remaining: 3m 26s
Rendered 4740/7845, time remaining: 3m 26s
Rendered 4741/7845, time remaining: 3m 26s
Rendered 4742/7845, time remaining: 3m 26s
Rendered 4743/7845, time remaining: 3m 26s
Rendered 4744/7845, time remaining: 3m 26s
Rendered 4745/7845, time remaining: 3m 26s
Rendered 4746/7845, time remaining: 3m 26s
Rendered 4747/7845, time remaining: 3m 26s
Rendered 4748/7845, time remaining: 3m 26s
Rendered 4749/7845, time remaining: 3m 26s
Rendered 4750/7845, time remaining: 3m 26s
Rendered 4751/7845, time remaining: 3m 26s
Rendered 4752/7845, time remaining: 3m 25s
Rendered 4753/7845, time remaining: 3m 25s
Rendered 4754/7845, time remaining: 3m 25s
Rendered 4755/7845, time remaining: 3m 25s
Rendered 4756/7845, time remaining: 3m 25s
Rendered 4757/7845, time remaining: 3m 25s
Rendered 4758/7845, time remaining: 3m 25s
Rendered 4759/7845, time remaining: 3m 25s
Rendered 4760/7845, time remaining: 3m 25s
Rendered 4761/7845, time remaining: 3m 25s
Rendered 4762/7845, time remaining: 3m 25s
Rendered 4763/7845, time remaining: 3m 25s
Rendered 4764/7845, time remaining: 3m 25s
Rendered 4765/7845, time remaining: 3m 25s
Rendered 4766/7845, time remaining: 3m 25s
Rendered 4767/7845, time remaining: 3m 24s
Rendered 4768/7845, time remaining: 3m 24s
Rendered 4769/7845, time remaining: 3m 24s
Rendered 4770/7845, time remaining: 3m 24s
Rendered 4771/7845, time remaining: 3m 24s
Rendered 4772/7845, time remaining: 3m 24s
Rendered 4773/7845, time remaining: 3m 24s
Rendered 4774/7845, time remaining: 3m 24s
Rendered 4775/7845, time remaining: 3m 24s
Rendered 4776/7845, time remaining: 3m 24s
Rendered 4777/7845, time remaining: 3m 24s
Rendered 4778/7845, time remaining: 3m 24s
Rendered 4779/7845, time remaining: 3m 24s
Rendered 4780/7845, time remaining: 3m 24s
Rendered 4781/7845, time remaining: 3m 24s
Rendered 4782/7845, time remaining: 3m 23s
Rendered 4783/7845, time remaining: 3m 23s
Rendered 4784/7845, time remaining: 3m 23s
Rendered 4785/7845, time remaining: 3m 23s
Rendered 4786/7845, time remaining: 3m 23s
Rendered 4787/7845, time remaining: 3m 23s
Rendered 4788/7845, time remaining: 3m 23s
Rendered 4789/7845, time remaining: 3m 23s
Rendered 4790/7845, time remaining: 3m 23s
Rendered 4791/7845, time remaining: 3m 23s
Rendered 4792/7845, time remaining: 3m 23s
Rendered 4793/7845, time remaining: 3m 23s
Rendered 4794/7845, time remaining: 3m 23s
Rendered 4795/7845, time remaining: 3m 23s
Rendered 4796/7845, time remaining: 3m 23s
Rendered 4797/7845, time remaining: 3m 22s
Rendered 4798/7845, time remaining: 3m 22s
Rendered 4799/7845, time remaining: 3m 22s
Rendered 4800/7845, time remaining: 3m 22s
Rendered 4801/7845, time remaining: 3m 22s
Rendered 4802/7845, time remaining: 3m 22s
Rendered 4803/7845, time remaining: 3m 22s
Rendered 4804/7845, time remaining: 3m 22s
Rendered 4805/7845, time remaining: 3m 22s
Rendered 4806/7845, time remaining: 3m 22s
Rendered 4807/7845, time remaining: 3m 22s
Rendered 4808/7845, time remaining: 3m 22s
Rendered 4809/7845, time remaining: 3m 22s
Rendered 4810/7845, time remaining: 3m 22s
Rendered 4811/7845, time remaining: 3m 22s
Rendered 4812/7845, time remaining: 3m 21s
Rendered 4813/7845, time remaining: 3m 21s
Rendered 4814/7845, time remaining: 3m 21s
Rendered 4815/7845, time remaining: 3m 21s
Rendered 4816/7845, time remaining: 3m 21s
Rendered 4817/7845, time remaining: 3m 21s
Rendered 4818/7845, time remaining: 3m 21s
Rendered 4819/7845, time remaining: 3m 21s
Rendered 4820/7845, time remaining: 3m 21s
Rendered 4821/7845, time remaining: 3m 21s
Rendered 4822/7845, time remaining: 3m 21s
Rendered 4823/7845, time remaining: 3m 21s
Rendered 4824/7845, time remaining: 3m 21s
Rendered 4825/7845, time remaining: 3m 21s
Rendered 4826/7845, time remaining: 3m 21s
Rendered 4827/7845, time remaining: 3m 20s
Rendered 4828/7845, time remaining: 3m 20s
Rendered 4829/7845, time remaining: 3m 20s
Rendered 4830/7845, time remaining: 3m 20s
Rendered 4831/7845, time remaining: 3m 20s
Rendered 4832/7845, time remaining: 3m 20s
Rendered 4833/7845, time remaining: 3m 20s
Rendered 4834/7845, time remaining: 3m 20s
Rendered 4835/7845, time remaining: 3m 20s
Rendered 4836/7845, time remaining: 3m 20s
Rendered 4837/7845, time remaining: 3m 20s
Rendered 4838/7845, time remaining: 3m 20s
Rendered 4839/7845, time remaining: 3m 20s
Rendered 4840/7845, time remaining: 3m 20s
Rendered 4841/7845, time remaining: 3m 20s
Rendered 4842/7845, time remaining: 3m 19s
Rendered 4843/7845, time remaining: 3m 19s
Rendered 4844/7845, time remaining: 3m 19s
Rendered 4845/7845, time remaining: 3m 19s
Rendered 4846/7845, time remaining: 3m 19s
Rendered 4847/7845, time remaining: 3m 19s
Rendered 4848/7845, time remaining: 3m 19s
Rendered 4849/7845, time remaining: 3m 19s
Rendered 4850/7845, time remaining: 3m 19s
Rendered 4851/7845, time remaining: 3m 19s
Rendered 4852/7845, time remaining: 3m 19s
Rendered 4853/7845, time remaining: 3m 19s
Rendered 4854/7845, time remaining: 3m 19s
Rendered 4855/7845, time remaining: 3m 19s
Rendered 4856/7845, time remaining: 3m 19s
Rendered 4857/7845, time remaining: 3m 18s
Rendered 4858/7845, time remaining: 3m 18s
Rendered 4859/7845, time remaining: 3m 18s
Rendered 4860/7845, time remaining: 3m 18s
Rendered 4861/7845, time remaining: 3m 18s
Rendered 4862/7845, time remaining: 3m 18s
Rendered 4863/7845, time remaining: 3m 18s
Rendered 4864/7845, time remaining: 3m 18s
Rendered 4865/7845, time remaining: 3m 18s
Rendered 4866/7845, time remaining: 3m 18s
Rendered 4867/7845, time remaining: 3m 18s
Rendered 4868/7845, time remaining: 3m 18s
Rendered 4869/7845, time remaining: 3m 18s
Rendered 4870/7845, time remaining: 3m 18s
Rendered 4871/7845, time remaining: 3m 18s
Rendered 4872/7845, time remaining: 3m 17s
Rendered 4873/7845, time remaining: 3m 17s
Rendered 4874/7845, time remaining: 3m 17s
Rendered 4875/7845, time remaining: 3m 17s
Rendered 4876/7845, time remaining: 3m 17s
Rendered 4877/7845, time remaining: 3m 17s
Rendered 4878/7845, time remaining: 3m 17s
Rendered 4879/7845, time remaining: 3m 17s
Rendered 4880/7845, time remaining: 3m 17s
Rendered 4881/7845, time remaining: 3m 17s
Rendered 4882/7845, time remaining: 3m 17s
Rendered 4883/7845, time remaining: 3m 17s
Rendered 4884/7845, time remaining: 3m 17s
Rendered 4885/7845, time remaining: 3m 17s
Rendered 4886/7845, time remaining: 3m 17s
Rendered 4887/7845, time remaining: 3m 16s
Rendered 4888/7845, time remaining: 3m 16s
Rendered 4889/7845, time remaining: 3m 16s
Rendered 4890/7845, time remaining: 3m 16s
Rendered 4891/7845, time remaining: 3m 16s
Rendered 4892/7845, time remaining: 3m 16s
Rendered 4893/7845, time remaining: 3m 16s
Rendered 4894/7845, time remaining: 3m 16s
Rendered 4895/7845, time remaining: 3m 16s
Rendered 4896/7845, time remaining: 3m 16s
Rendered 4897/7845, time remaining: 3m 16s
Rendered 4898/7845, time remaining: 3m 16s
Rendered 4899/7845, time remaining: 3m 16s
Rendered 4900/7845, time remaining: 3m 16s
Rendered 4901/7845, time remaining: 3m 16s
Rendered 4902/7845, time remaining: 3m 15s
Rendered 4903/7845, time remaining: 3m 15s
Rendered 4904/7845, time remaining: 3m 15s
Rendered 4905/7845, time remaining: 3m 15s
Rendered 4906/7845, time remaining: 3m 15s
Rendered 4907/7845, time remaining: 3m 15s
Rendered 4908/7845, time remaining: 3m 15s
Rendered 4909/7845, time remaining: 3m 15s
Rendered 4910/7845, time remaining: 3m 15s
Rendered 4911/7845, time remaining: 3m 15s
Rendered 4912/7845, time remaining: 3m 15s
Rendered 4913/7845, time remaining: 3m 15s
Rendered 4914/7845, time remaining: 3m 15s
Rendered 4915/7845, time remaining: 3m 15s
Rendered 4916/7845, time remaining: 3m 15s
Rendered 4917/7845, time remaining: 3m 14s
Rendered 4918/7845, time remaining: 3m 14s
Rendered 4919/7845, time remaining: 3m 14s
Rendered 4920/7845, time remaining: 3m 14s
Rendered 4921/7845, time remaining: 3m 14s
Rendered 4922/7845, time remaining: 3m 14s
Rendered 4923/7845, time remaining: 3m 14s
Rendered 4924/7845, time remaining: 3m 14s
Rendered 4925/7845, time remaining: 3m 14s
Rendered 4926/7845, time remaining: 3m 14s
Rendered 4927/7845, time remaining: 3m 14s
Rendered 4928/7845, time remaining: 3m 14s
Rendered 4929/7845, time remaining: 3m 14s
Rendered 4930/7845, time remaining: 3m 14s
Rendered 4931/7845, time remaining: 3m 14s
Rendered 4932/7845, time remaining: 3m 13s
Rendered 4933/7845, time remaining: 3m 13s
Rendered 4934/7845, time remaining: 3m 13s
Rendered 4935/7845, time remaining: 3m 13s
Rendered 4936/7845, time remaining: 3m 13s
Rendered 4937/7845, time remaining: 3m 13s
Rendered 4938/7845, time remaining: 3m 13s
Rendered 4939/7845, time remaining: 3m 13s
Rendered 4940/7845, time remaining: 3m 13s
Rendered 4941/7845, time remaining: 3m 13s
Rendered 4942/7845, time remaining: 3m 13s
Rendered 4943/7845, time remaining: 3m 13s
Rendered 4944/7845, time remaining: 3m 13s
Rendered 4945/7845, time remaining: 3m 13s
Rendered 4946/7845, time remaining: 3m 13s
Rendered 4947/7845, time remaining: 3m 12s
Rendered 4948/7845, time remaining: 3m 12s
Rendered 4949/7845, time remaining: 3m 12s
Rendered 4950/7845, time remaining: 3m 12s
Rendered 4951/7845, time remaining: 3m 12s
Rendered 4952/7845, time remaining: 3m 12s
Rendered 4953/7845, time remaining: 3m 12s
Rendered 4954/7845, time remaining: 3m 12s
Rendered 4955/7845, time remaining: 3m 12s
Rendered 4956/7845, time remaining: 3m 12s
Rendered 4957/7845, time remaining: 3m 12s
Rendered 4958/7845, time remaining: 3m 12s
Rendered 4959/7845, time remaining: 3m 12s
Rendered 4960/7845, time remaining: 3m 12s
Rendered 4961/7845, time remaining: 3m 12s
Rendered 4962/7845, time remaining: 3m 11s
Rendered 4963/7845, time remaining: 3m 11s
Rendered 4964/7845, time remaining: 3m 11s
Rendered 4965/7845, time remaining: 3m 11s
Rendered 4966/7845, time remaining: 3m 11s
Rendered 4967/7845, time remaining: 3m 11s
Rendered 4968/7845, time remaining: 3m 11s
Rendered 4969/7845, time remaining: 3m 11s
Rendered 4970/7845, time remaining: 3m 11s
Rendered 4971/7845, time remaining: 3m 11s
Rendered 4972/7845, time remaining: 3m 11s
Rendered 4973/7845, time remaining: 3m 11s
Rendered 4974/7845, time remaining: 3m 11s
Rendered 4975/7845, time remaining: 3m 11s
Rendered 4976/7845, time remaining: 3m 11s
Rendered 4977/7845, time remaining: 3m 10s
Rendered 4978/7845, time remaining: 3m 10s
Rendered 4979/7845, time remaining: 3m 10s
Rendered 4980/7845, time remaining: 3m 10s
Rendered 4981/7845, time remaining: 3m 10s
Rendered 4982/7845, time remaining: 3m 10s
Rendered 4983/7845, time remaining: 3m 10s
Rendered 4984/7845, time remaining: 3m 10s
Rendered 4985/7845, time remaining: 3m 10s
Rendered 4986/7845, time remaining: 3m 10s
Rendered 4987/7845, time remaining: 3m 10s
Rendered 4988/7845, time remaining: 3m 10s
Rendered 4989/7845, time remaining: 3m 10s
Rendered 4990/7845, time remaining: 3m 10s
Rendered 4991/7845, time remaining: 3m 10s
Rendered 4992/7845, time remaining: 3m 9s
Rendered 4993/7845, time remaining: 3m 9s
Rendered 4994/7845, time remaining: 3m 9s
Rendered 4995/7845, time remaining: 3m 9s
Rendered 4996/7845, time remaining: 3m 9s
Rendered 4997/7845, time remaining: 3m 9s
Rendered 4998/7845, time remaining: 3m 9s
Rendered 4999/7845, time remaining: 3m 9s
Rendered 5000/7845, time remaining: 3m 9s
Rendered 5001/7845, time remaining: 3m 9s
Rendered 5002/7845, time remaining: 3m 9s
Rendered 5003/7845, time remaining: 3m 9s
Rendered 5004/7845, time remaining: 3m 9s
Rendered 5005/7845, time remaining: 3m 9s
Rendered 5006/7845, time remaining: 3m 9s
Rendered 5007/7845, time remaining: 3m 8s
Rendered 5008/7845, time remaining: 3m 8s
Rendered 5009/7845, time remaining: 3m 8s
Rendered 5010/7845, time remaining: 3m 8s
Rendered 5011/7845, time remaining: 3m 8s
Rendered 5012/7845, time remaining: 3m 8s
Rendered 5013/7845, time remaining: 3m 8s
Rendered 5014/7845, time remaining: 3m 8s
Rendered 5015/7845, time remaining: 3m 8s
Rendered 5016/7845, time remaining: 3m 8s
Rendered 5017/7845, time remaining: 3m 8s
Rendered 5018/7845, time remaining: 3m 8s
Rendered 5019/7845, time remaining: 3m 8s
Rendered 5020/7845, time remaining: 3m 8s
Rendered 5021/7845, time remaining: 3m 8s
Rendered 5022/7845, time remaining: 3m 7s
Rendered 5023/7845, time remaining: 3m 7s
Rendered 5024/7845, time remaining: 3m 7s
Rendered 5025/7845, time remaining: 3m 7s
Rendered 5026/7845, time remaining: 3m 7s
Rendered 5027/7845, time remaining: 3m 7s
Rendered 5028/7845, time remaining: 3m 7s
Rendered 5029/7845, time remaining: 3m 7s
Rendered 5030/7845, time remaining: 3m 7s
Rendered 5031/7845, time remaining: 3m 7s
Rendered 5032/7845, time remaining: 3m 7s
Rendered 5033/7845, time remaining: 3m 7s
Rendered 5034/7845, time remaining: 3m 7s
Rendered 5035/7845, time remaining: 3m 7s
Rendered 5036/7845, time remaining: 3m 7s
Rendered 5037/7845, time remaining: 3m 6s
Rendered 5038/7845, time remaining: 3m 6s
Rendered 5039/7845, time remaining: 3m 6s
Rendered 5040/7845, time remaining: 3m 6s
Rendered 5041/7845, time remaining: 3m 6s
Rendered 5042/7845, time remaining: 3m 6s
Rendered 5043/7845, time remaining: 3m 6s
Rendered 5044/7845, time remaining: 3m 6s
Rendered 5045/7845, time remaining: 3m 6s
Rendered 5046/7845, time remaining: 3m 6s
Rendered 5047/7845, time remaining: 3m 6s
Rendered 5048/7845, time remaining: 3m 6s
Rendered 5049/7845, time remaining: 3m 6s
Rendered 5050/7845, time remaining: 3m 6s
Rendered 5051/7845, time remaining: 3m 6s
Rendered 5052/7845, time remaining: 3m 5s
Rendered 5053/7845, time remaining: 3m 5s
Rendered 5054/7845, time remaining: 3m 5s
Rendered 5055/7845, time remaining: 3m 5s
Rendered 5056/7845, time remaining: 3m 5s
Rendered 5057/7845, time remaining: 3m 5s
Rendered 5058/7845, time remaining: 3m 5s
Rendered 5059/7845, time remaining: 3m 5s
Rendered 5060/7845, time remaining: 3m 5s
Rendered 5061/7845, time remaining: 3m 5s
Rendered 5062/7845, time remaining: 3m 5s
Rendered 5063/7845, time remaining: 3m 5s
Rendered 5064/7845, time remaining: 3m 5s
Rendered 5065/7845, time remaining: 3m 5s
Rendered 5066/7845, time remaining: 3m 5s
Rendered 5067/7845, time remaining: 3m 4s
Rendered 5068/7845, time remaining: 3m 4s
Rendered 5069/7845, time remaining: 3m 4s
Rendered 5070/7845, time remaining: 3m 4s
Rendered 5071/7845, time remaining: 3m 4s
Rendered 5072/7845, time remaining: 3m 4s
Rendered 5073/7845, time remaining: 3m 4s
Rendered 5074/7845, time remaining: 3m 4s
Rendered 5075/7845, time remaining: 3m 4s
Rendered 5076/7845, time remaining: 3m 4s
Rendered 5077/7845, time remaining: 3m 4s
Rendered 5078/7845, time remaining: 3m 4s
Rendered 5079/7845, time remaining: 3m 4s
Rendered 5080/7845, time remaining: 3m 4s
Rendered 5081/7845, time remaining: 3m 4s
Rendered 5082/7845, time remaining: 3m 3s
Rendered 5083/7845, time remaining: 3m 3s
Rendered 5084/7845, time remaining: 3m 3s
Rendered 5085/7845, time remaining: 3m 3s
Rendered 5086/7845, time remaining: 3m 3s
Rendered 5087/7845, time remaining: 3m 3s
Rendered 5088/7845, time remaining: 3m 3s
Rendered 5089/7845, time remaining: 3m 3s
Rendered 5090/7845, time remaining: 3m 3s
Rendered 5091/7845, time remaining: 3m 3s
Rendered 5092/7845, time remaining: 3m 3s
Rendered 5093/7845, time remaining: 3m 3s
Rendered 5094/7845, time remaining: 3m 3s
Rendered 5095/7845, time remaining: 3m 3s
Rendered 5096/7845, time remaining: 3m 3s
Rendered 5097/7845, time remaining: 3m 2s
Rendered 5098/7845, time remaining: 3m 2s
Rendered 5099/7845, time remaining: 3m 2s
Rendered 5100/7845, time remaining: 3m 2s
Rendered 5101/7845, time remaining: 3m 2s
Rendered 5102/7845, time remaining: 3m 2s
Rendered 5103/7845, time remaining: 3m 2s
Rendered 5104/7845, time remaining: 3m 2s
Rendered 5105/7845, time remaining: 3m 2s
Rendered 5106/7845, time remaining: 3m 2s
Rendered 5107/7845, time remaining: 3m 2s
Rendered 5108/7845, time remaining: 3m 2s
Rendered 5109/7845, time remaining: 3m 2s
Rendered 5110/7845, time remaining: 3m 2s
Rendered 5111/7845, time remaining: 3m 2s
Rendered 5112/7845, time remaining: 3m 1s
Rendered 5113/7845, time remaining: 3m 1s
Rendered 5114/7845, time remaining: 3m 1s
Rendered 5115/7845, time remaining: 3m 1s
Rendered 5116/7845, time remaining: 3m 1s
Rendered 5117/7845, time remaining: 3m 1s
Rendered 5118/7845, time remaining: 3m 1s
Rendered 5119/7845, time remaining: 3m 1s
Rendered 5120/7845, time remaining: 3m 1s
Rendered 5121/7845, time remaining: 3m 1s
Rendered 5122/7845, time remaining: 3m 1s
Rendered 5123/7845, time remaining: 3m 1s
Rendered 5124/7845, time remaining: 3m 1s
Rendered 5125/7845, time remaining: 3m 1s
Rendered 5126/7845, time remaining: 3m 1s
Rendered 5127/7845, time remaining: 3m 1s
Rendered 5128/7845, time remaining: 3m 0s
Rendered 5129/7845, time remaining: 3m 0s
Rendered 5130/7845, time remaining: 3m 0s
Rendered 5131/7845, time remaining: 3m 0s
Rendered 5132/7845, time remaining: 3m 0s
Rendered 5133/7845, time remaining: 3m 0s
Rendered 5134/7845, time remaining: 3m 0s
Rendered 5135/7845, time remaining: 3m 0s
Rendered 5136/7845, time remaining: 3m 0s
Rendered 5137/7845, time remaining: 3m 0s
Rendered 5138/7845, time remaining: 3m 0s
Rendered 5139/7845, time remaining: 3m 0s
Rendered 5140/7845, time remaining: 3m 0s
Rendered 5141/7845, time remaining: 3m 0s
Rendered 5142/7845, time remaining: 2m 59s
Rendered 5143/7845, time remaining: 2m 59s
Rendered 5144/7845, time remaining: 2m 59s
Rendered 5145/7845, time remaining: 2m 59s
Rendered 5146/7845, time remaining: 2m 59s
Rendered 5147/7845, time remaining: 2m 59s
Rendered 5148/7845, time remaining: 2m 59s
Rendered 5149/7845, time remaining: 2m 59s
Rendered 5150/7845, time remaining: 2m 59s
Rendered 5151/7845, time remaining: 2m 59s
Rendered 5152/7845, time remaining: 2m 59s
Rendered 5153/7845, time remaining: 2m 59s
Rendered 5154/7845, time remaining: 2m 59s
Rendered 5155/7845, time remaining: 2m 59s
Rendered 5156/7845, time remaining: 2m 59s
Rendered 5157/7845, time remaining: 2m 59s
Rendered 5158/7845, time remaining: 2m 58s
Rendered 5159/7845, time remaining: 2m 58s
Rendered 5160/7845, time remaining: 2m 58s
Rendered 5161/7845, time remaining: 2m 58s
Rendered 5162/7845, time remaining: 2m 58s
Rendered 5163/7845, time remaining: 2m 58s
Rendered 5164/7845, time remaining: 2m 58s
Rendered 5165/7845, time remaining: 2m 58s
Rendered 5166/7845, time remaining: 2m 58s
Rendered 5167/7845, time remaining: 2m 58s
Rendered 5168/7845, time remaining: 2m 58s
Rendered 5169/7845, time remaining: 2m 58s
Rendered 5170/7845, time remaining: 2m 58s
Rendered 5171/7845, time remaining: 2m 58s
Rendered 5172/7845, time remaining: 2m 58s
Rendered 5173/7845, time remaining: 2m 57s
Rendered 5174/7845, time remaining: 2m 57s
Rendered 5175/7845, time remaining: 2m 57s
Rendered 5176/7845, time remaining: 2m 57s
Rendered 5177/7845, time remaining: 2m 57s
Rendered 5178/7845, time remaining: 2m 57s
Rendered 5179/7845, time remaining: 2m 57s
Rendered 5180/7845, time remaining: 2m 57s
Rendered 5181/7845, time remaining: 2m 57s
Rendered 5182/7845, time remaining: 2m 57s
Rendered 5183/7845, time remaining: 2m 57s
Rendered 5184/7845, time remaining: 2m 57s
Rendered 5185/7845, time remaining: 2m 57s
Rendered 5186/7845, time remaining: 2m 57s
Rendered 5187/7845, time remaining: 2m 56s
Rendered 5188/7845, time remaining: 2m 56s
Rendered 5189/7845, time remaining: 2m 56s
Rendered 5190/7845, time remaining: 2m 56s
Rendered 5191/7845, time remaining: 2m 56s
Rendered 5192/7845, time remaining: 2m 56s
Rendered 5193/7845, time remaining: 2m 56s
Rendered 5194/7845, time remaining: 2m 56s
Rendered 5195/7845, time remaining: 2m 56s
Rendered 5196/7845, time remaining: 2m 56s
Rendered 5197/7845, time remaining: 2m 56s
Rendered 5198/7845, time remaining: 2m 56s
Rendered 5199/7845, time remaining: 2m 56s
Rendered 5200/7845, time remaining: 2m 56s
Rendered 5201/7845, time remaining: 2m 56s
Rendered 5202/7845, time remaining: 2m 56s
Rendered 5203/7845, time remaining: 2m 55s
Rendered 5204/7845, time remaining: 2m 55s
Rendered 5205/7845, time remaining: 2m 55s
Rendered 5206/7845, time remaining: 2m 55s
Rendered 5207/7845, time remaining: 2m 55s
Rendered 5208/7845, time remaining: 2m 55s
Rendered 5209/7845, time remaining: 2m 55s
Rendered 5210/7845, time remaining: 2m 55s
Rendered 5211/7845, time remaining: 2m 55s
Rendered 5212/7845, time remaining: 2m 55s
Rendered 5213/7845, time remaining: 2m 55s
Rendered 5214/7845, time remaining: 2m 55s
Rendered 5215/7845, time remaining: 2m 55s
Rendered 5216/7845, time remaining: 2m 55s
Rendered 5217/7845, time remaining: 2m 55s
Rendered 5218/7845, time remaining: 2m 54s
Rendered 5219/7845, time remaining: 2m 54s
Rendered 5220/7845, time remaining: 2m 54s
Rendered 5221/7845, time remaining: 2m 54s
Rendered 5222/7845, time remaining: 2m 54s
Rendered 5223/7845, time remaining: 2m 54s
Rendered 5224/7845, time remaining: 2m 54s
Rendered 5225/7845, time remaining: 2m 54s
Rendered 5226/7845, time remaining: 2m 54s
Rendered 5227/7845, time remaining: 2m 54s
Rendered 5228/7845, time remaining: 2m 54s
Rendered 5229/7845, time remaining: 2m 54s
Rendered 5230/7845, time remaining: 2m 54s
Rendered 5231/7845, time remaining: 2m 54s
Rendered 5232/7845, time remaining: 2m 54s
Rendered 5233/7845, time remaining: 2m 53s
Rendered 5234/7845, time remaining: 2m 53s
Rendered 5235/7845, time remaining: 2m 53s
Rendered 5236/7845, time remaining: 2m 53s
Rendered 5237/7845, time remaining: 2m 53s
Rendered 5238/7845, time remaining: 2m 53s
Rendered 5239/7845, time remaining: 2m 53s
Rendered 5240/7845, time remaining: 2m 53s
Rendered 5241/7845, time remaining: 2m 53s
Rendered 5242/7845, time remaining: 2m 53s
Rendered 5243/7845, time remaining: 2m 53s
Rendered 5244/7845, time remaining: 2m 53s
Rendered 5245/7845, time remaining: 2m 53s
Rendered 5246/7845, time remaining: 2m 53s
Rendered 5247/7845, time remaining: 2m 53s
Rendered 5248/7845, time remaining: 2m 52s
Rendered 5249/7845, time remaining: 2m 52s
Rendered 5250/7845, time remaining: 2m 52s
Rendered 5251/7845, time remaining: 2m 52s
Rendered 5252/7845, time remaining: 2m 52s
Rendered 5253/7845, time remaining: 2m 52s
Rendered 5254/7845, time remaining: 2m 52s
Rendered 5255/7845, time remaining: 2m 52s
Rendered 5256/7845, time remaining: 2m 52s
Rendered 5257/7845, time remaining: 2m 52s
Rendered 5258/7845, time remaining: 2m 52s
Rendered 5259/7845, time remaining: 2m 52s
Rendered 5260/7845, time remaining: 2m 52s
Rendered 5261/7845, time remaining: 2m 52s
Rendered 5262/7845, time remaining: 2m 52s
Rendered 5263/7845, time remaining: 2m 51s
Rendered 5264/7845, time remaining: 2m 51s
Rendered 5265/7845, time remaining: 2m 51s
Rendered 5266/7845, time remaining: 2m 51s
Rendered 5267/7845, time remaining: 2m 51s
Rendered 5268/7845, time remaining: 2m 51s
Rendered 5269/7845, time remaining: 2m 51s
Rendered 5270/7845, time remaining: 2m 51s
Rendered 5271/7845, time remaining: 2m 51s
Rendered 5272/7845, time remaining: 2m 51s
Rendered 5273/7845, time remaining: 2m 51s
Rendered 5274/7845, time remaining: 2m 51s
Rendered 5275/7845, time remaining: 2m 51s
Rendered 5276/7845, time remaining: 2m 51s
Rendered 5277/7845, time remaining: 2m 51s
Rendered 5278/7845, time remaining: 2m 50s
Rendered 5279/7845, time remaining: 2m 50s
Rendered 5280/7845, time remaining: 2m 50s
Rendered 5281/7845, time remaining: 2m 50s
Rendered 5282/7845, time remaining: 2m 50s
Rendered 5283/7845, time remaining: 2m 50s
Rendered 5284/7845, time remaining: 2m 50s
Rendered 5285/7845, time remaining: 2m 50s
Rendered 5286/7845, time remaining: 2m 50s
Rendered 5287/7845, time remaining: 2m 50s
Rendered 5288/7845, time remaining: 2m 50s
Rendered 5289/7845, time remaining: 2m 50s
Rendered 5290/7845, time remaining: 2m 50s
Rendered 5291/7845, time remaining: 2m 50s
Rendered 5292/7845, time remaining: 2m 50s
Rendered 5293/7845, time remaining: 2m 49s
Rendered 5294/7845, time remaining: 2m 49s
Rendered 5295/7845, time remaining: 2m 49s
Rendered 5296/7845, time remaining: 2m 49s
Rendered 5297/7845, time remaining: 2m 49s
Rendered 5298/7845, time remaining: 2m 49s
Rendered 5299/7845, time remaining: 2m 49s
Rendered 5300/7845, time remaining: 2m 49s
Rendered 5301/7845, time remaining: 2m 49s
Rendered 5302/7845, time remaining: 2m 49s
Rendered 5303/7845, time remaining: 2m 49s
Rendered 5304/7845, time remaining: 2m 49s
Rendered 5305/7845, time remaining: 2m 49s
Rendered 5306/7845, time remaining: 2m 49s
Rendered 5307/7845, time remaining: 2m 49s
Rendered 5308/7845, time remaining: 2m 48s
Rendered 5309/7845, time remaining: 2m 48s
Rendered 5310/7845, time remaining: 2m 48s
Rendered 5311/7845, time remaining: 2m 48s
Rendered 5312/7845, time remaining: 2m 48s
Rendered 5313/7845, time remaining: 2m 48s
Rendered 5314/7845, time remaining: 2m 48s
Rendered 5315/7845, time remaining: 2m 48s
Rendered 5316/7845, time remaining: 2m 48s
Rendered 5317/7845, time remaining: 2m 48s
Rendered 5318/7845, time remaining: 2m 48s
Rendered 5319/7845, time remaining: 2m 48s
Rendered 5320/7845, time remaining: 2m 48s
Rendered 5321/7845, time remaining: 2m 48s
Rendered 5322/7845, time remaining: 2m 48s
Rendered 5323/7845, time remaining: 2m 47s
Rendered 5324/7845, time remaining: 2m 47s
Rendered 5325/7845, time remaining: 2m 47s
Rendered 5326/7845, time remaining: 2m 47s
Rendered 5327/7845, time remaining: 2m 47s
Rendered 5328/7845, time remaining: 2m 47s
Rendered 5329/7845, time remaining: 2m 47s
Rendered 5330/7845, time remaining: 2m 47s
Rendered 5331/7845, time remaining: 2m 47s
Rendered 5332/7845, time remaining: 2m 47s
Rendered 5333/7845, time remaining: 2m 47s
Rendered 5334/7845, time remaining: 2m 47s
Rendered 5335/7845, time remaining: 2m 47s
Rendered 5336/7845, time remaining: 2m 47s
Rendered 5337/7845, time remaining: 2m 47s
Rendered 5338/7845, time remaining: 2m 46s
Rendered 5339/7845, time remaining: 2m 46s
Rendered 5340/7845, time remaining: 2m 46s
Rendered 5341/7845, time remaining: 2m 46s
Rendered 5342/7845, time remaining: 2m 46s
Rendered 5343/7845, time remaining: 2m 46s
Rendered 5344/7845, time remaining: 2m 46s
Rendered 5345/7845, time remaining: 2m 46s
Rendered 5346/7845, time remaining: 2m 46s
Rendered 5347/7845, time remaining: 2m 46s
Rendered 5348/7845, time remaining: 2m 46s
Rendered 5349/7845, time remaining: 2m 46s
Rendered 5350/7845, time remaining: 2m 46s
Rendered 5351/7845, time remaining: 2m 46s
Rendered 5352/7845, time remaining: 2m 46s
Rendered 5353/7845, time remaining: 2m 45s
Rendered 5354/7845, time remaining: 2m 45s
Rendered 5355/7845, time remaining: 2m 45s
Rendered 5356/7845, time remaining: 2m 45s
Rendered 5357/7845, time remaining: 2m 45s
Rendered 5358/7845, time remaining: 2m 45s
Rendered 5359/7845, time remaining: 2m 45s
Rendered 5360/7845, time remaining: 2m 45s
Rendered 5361/7845, time remaining: 2m 45s
Rendered 5362/7845, time remaining: 2m 45s
Rendered 5363/7845, time remaining: 2m 45s
Rendered 5364/7845, time remaining: 2m 45s
Rendered 5365/7845, time remaining: 2m 45s
Rendered 5366/7845, time remaining: 2m 45s
Rendered 5367/7845, time remaining: 2m 45s
Rendered 5368/7845, time remaining: 2m 44s
Rendered 5369/7845, time remaining: 2m 44s
Rendered 5370/7845, time remaining: 2m 44s
Rendered 5371/7845, time remaining: 2m 44s
Rendered 5372/7845, time remaining: 2m 44s
Rendered 5373/7845, time remaining: 2m 44s
Rendered 5374/7845, time remaining: 2m 44s
Rendered 5375/7845, time remaining: 2m 44s
Rendered 5376/7845, time remaining: 2m 44s
Rendered 5377/7845, time remaining: 2m 44s
Rendered 5378/7845, time remaining: 2m 44s
Rendered 5379/7845, time remaining: 2m 44s
Rendered 5380/7845, time remaining: 2m 44s
Rendered 5381/7845, time remaining: 2m 44s
Rendered 5382/7845, time remaining: 2m 44s
Rendered 5383/7845, time remaining: 2m 43s
Rendered 5384/7845, time remaining: 2m 43s
Rendered 5385/7845, time remaining: 2m 43s
Rendered 5386/7845, time remaining: 2m 43s
Rendered 5387/7845, time remaining: 2m 43s
Rendered 5388/7845, time remaining: 2m 43s
Rendered 5389/7845, time remaining: 2m 43s
Rendered 5390/7845, time remaining: 2m 43s
Rendered 5391/7845, time remaining: 2m 43s
Rendered 5392/7845, time remaining: 2m 43s
Rendered 5393/7845, time remaining: 2m 43s
Rendered 5394/7845, time remaining: 2m 43s
Rendered 5395/7845, time remaining: 2m 43s
Rendered 5396/7845, time remaining: 2m 43s
Rendered 5397/7845, time remaining: 2m 43s
Rendered 5398/7845, time remaining: 2m 42s
Rendered 5399/7845, time remaining: 2m 42s
Rendered 5400/7845, time remaining: 2m 42s
Rendered 5401/7845, time remaining: 2m 42s
Rendered 5402/7845, time remaining: 2m 42s
Rendered 5403/7845, time remaining: 2m 42s
Rendered 5404/7845, time remaining: 2m 42s
Rendered 5405/7845, time remaining: 2m 42s
Rendered 5406/7845, time remaining: 2m 42s
Rendered 5407/7845, time remaining: 2m 42s
Rendered 5408/7845, time remaining: 2m 42s
Rendered 5409/7845, time remaining: 2m 42s
Rendered 5410/7845, time remaining: 2m 42s
Rendered 5411/7845, time remaining: 2m 42s
Rendered 5412/7845, time remaining: 2m 42s
Rendered 5413/7845, time remaining: 2m 41s
Rendered 5414/7845, time remaining: 2m 41s
Rendered 5415/7845, time remaining: 2m 41s
Rendered 5416/7845, time remaining: 2m 41s
Rendered 5417/7845, time remaining: 2m 41s
Rendered 5418/7845, time remaining: 2m 41s
Rendered 5419/7845, time remaining: 2m 41s
Rendered 5420/7845, time remaining: 2m 41s
Rendered 5421/7845, time remaining: 2m 41s
Rendered 5422/7845, time remaining: 2m 41s
Rendered 5423/7845, time remaining: 2m 41s
Rendered 5424/7845, time remaining: 2m 41s
Rendered 5425/7845, time remaining: 2m 41s
Rendered 5426/7845, time remaining: 2m 41s
Rendered 5427/7845, time remaining: 2m 41s
Rendered 5428/7845, time remaining: 2m 40s
Rendered 5429/7845, time remaining: 2m 40s
Rendered 5430/7845, time remaining: 2m 40s
Rendered 5431/7845, time remaining: 2m 40s
Rendered 5432/7845, time remaining: 2m 40s
Rendered 5433/7845, time remaining: 2m 40s
Rendered 5434/7845, time remaining: 2m 40s
Rendered 5435/7845, time remaining: 2m 40s
Rendered 5436/7845, time remaining: 2m 40s
Rendered 5437/7845, time remaining: 2m 40s
Rendered 5438/7845, time remaining: 2m 40s
Rendered 5439/7845, time remaining: 2m 40s
Rendered 5440/7845, time remaining: 2m 40s
Rendered 5441/7845, time remaining: 2m 40s
Rendered 5442/7845, time remaining: 2m 40s
Rendered 5443/7845, time remaining: 2m 39s
Rendered 5444/7845, time remaining: 2m 39s
Rendered 5445/7845, time remaining: 2m 39s
Rendered 5446/7845, time remaining: 2m 39s
Rendered 5447/7845, time remaining: 2m 39s
Rendered 5448/7845, time remaining: 2m 39s
Rendered 5449/7845, time remaining: 2m 39s
Rendered 5450/7845, time remaining: 2m 39s
Rendered 5451/7845, time remaining: 2m 39s
Rendered 5452/7845, time remaining: 2m 39s
Rendered 5453/7845, time remaining: 2m 39s
Rendered 5454/7845, time remaining: 2m 39s
Rendered 5455/7845, time remaining: 2m 39s
Rendered 5456/7845, time remaining: 2m 39s
Rendered 5457/7845, time remaining: 2m 39s
Rendered 5458/7845, time remaining: 2m 38s
Rendered 5459/7845, time remaining: 2m 38s
Rendered 5460/7845, time remaining: 2m 38s
Rendered 5461/7845, time remaining: 2m 38s
Rendered 5462/7845, time remaining: 2m 38s
Rendered 5463/7845, time remaining: 2m 38s
Rendered 5464/7845, time remaining: 2m 38s
Rendered 5465/7845, time remaining: 2m 38s
Rendered 5466/7845, time remaining: 2m 38s
Rendered 5467/7845, time remaining: 2m 38s
Rendered 5468/7845, time remaining: 2m 38s
Rendered 5469/7845, time remaining: 2m 38s
Rendered 5470/7845, time remaining: 2m 38s
Rendered 5471/7845, time remaining: 2m 38s
Rendered 5472/7845, time remaining: 2m 38s
Rendered 5473/7845, time remaining: 2m 37s
Rendered 5474/7845, time remaining: 2m 37s
Rendered 5475/7845, time remaining: 2m 37s
Rendered 5476/7845, time remaining: 2m 37s
Rendered 5477/7845, time remaining: 2m 37s
Rendered 5478/7845, time remaining: 2m 37s
Rendered 5479/7845, time remaining: 2m 37s
Rendered 5480/7845, time remaining: 2m 37s
Rendered 5481/7845, time remaining: 2m 37s
Rendered 5482/7845, time remaining: 2m 37s
Rendered 5483/7845, time remaining: 2m 37s
Rendered 5484/7845, time remaining: 2m 37s
Rendered 5485/7845, time remaining: 2m 37s
Rendered 5486/7845, time remaining: 2m 37s
Rendered 5487/7845, time remaining: 2m 37s
Rendered 5488/7845, time remaining: 2m 36s
Rendered 5489/7845, time remaining: 2m 36s
Rendered 5490/7845, time remaining: 2m 36s
Rendered 5491/7845, time remaining: 2m 36s
Rendered 5492/7845, time remaining: 2m 36s
Rendered 5493/7845, time remaining: 2m 36s
Rendered 5494/7845, time remaining: 2m 36s
Rendered 5495/7845, time remaining: 2m 36s
Rendered 5496/7845, time remaining: 2m 36s
Rendered 5497/7845, time remaining: 2m 36s
Rendered 5498/7845, time remaining: 2m 36s
Rendered 5499/7845, time remaining: 2m 36s
Rendered 5500/7845, time remaining: 2m 36s
Rendered 5501/7845, time remaining: 2m 36s
Rendered 5502/7845, time remaining: 2m 36s
Rendered 5503/7845, time remaining: 2m 35s
Rendered 5504/7845, time remaining: 2m 35s
Rendered 5505/7845, time remaining: 2m 35s
Rendered 5506/7845, time remaining: 2m 35s
Rendered 5507/7845, time remaining: 2m 35s
Rendered 5508/7845, time remaining: 2m 35s
Rendered 5509/7845, time remaining: 2m 35s
Rendered 5510/7845, time remaining: 2m 35s
Rendered 5511/7845, time remaining: 2m 35s
Rendered 5512/7845, time remaining: 2m 35s
Rendered 5513/7845, time remaining: 2m 35s
Rendered 5514/7845, time remaining: 2m 35s
Rendered 5515/7845, time remaining: 2m 35s
Rendered 5516/7845, time remaining: 2m 35s
Rendered 5517/7845, time remaining: 2m 35s
Rendered 5518/7845, time remaining: 2m 34s
Rendered 5519/7845, time remaining: 2m 34s
Rendered 5520/7845, time remaining: 2m 34s
Rendered 5521/7845, time remaining: 2m 34s
Rendered 5522/7845, time remaining: 2m 34s
Rendered 5523/7845, time remaining: 2m 34s
Rendered 5524/7845, time remaining: 2m 34s
Rendered 5525/7845, time remaining: 2m 34s
Rendered 5526/7845, time remaining: 2m 34s
Rendered 5527/7845, time remaining: 2m 34s
Rendered 5528/7845, time remaining: 2m 34s
Rendered 5529/7845, time remaining: 2m 34s
Rendered 5530/7845, time remaining: 2m 34s
Rendered 5531/7845, time remaining: 2m 34s
Rendered 5532/7845, time remaining: 2m 34s
Rendered 5533/7845, time remaining: 2m 33s
Rendered 5534/7845, time remaining: 2m 33s
Rendered 5535/7845, time remaining: 2m 33s
Rendered 5536/7845, time remaining: 2m 33s
Rendered 5537/7845, time remaining: 2m 33s
Rendered 5538/7845, time remaining: 2m 33s
Rendered 5539/7845, time remaining: 2m 33s
Rendered 5540/7845, time remaining: 2m 33s
Rendered 5541/7845, time remaining: 2m 33s
Rendered 5542/7845, time remaining: 2m 33s
Rendered 5543/7845, time remaining: 2m 33s
Rendered 5544/7845, time remaining: 2m 33s
Rendered 5545/7845, time remaining: 2m 33s
Rendered 5546/7845, time remaining: 2m 33s
Rendered 5547/7845, time remaining: 2m 33s
Rendered 5548/7845, time remaining: 2m 32s
Rendered 5549/7845, time remaining: 2m 32s
Rendered 5550/7845, time remaining: 2m 32s
Rendered 5551/7845, time remaining: 2m 32s
Rendered 5552/7845, time remaining: 2m 32s
Rendered 5553/7845, time remaining: 2m 32s
Rendered 5554/7845, time remaining: 2m 32s
Rendered 5555/7845, time remaining: 2m 32s
Rendered 5556/7845, time remaining: 2m 32s
Rendered 5557/7845, time remaining: 2m 32s
Rendered 5558/7845, time remaining: 2m 32s
Rendered 5559/7845, time remaining: 2m 32s
Rendered 5560/7845, time remaining: 2m 32s
Rendered 5561/7845, time remaining: 2m 32s
Rendered 5562/7845, time remaining: 2m 32s
Rendered 5563/7845, time remaining: 2m 31s
Rendered 5564/7845, time remaining: 2m 31s
Rendered 5565/7845, time remaining: 2m 31s
Rendered 5566/7845, time remaining: 2m 31s
Rendered 5567/7845, time remaining: 2m 31s
Rendered 5568/7845, time remaining: 2m 31s
Rendered 5569/7845, time remaining: 2m 31s
Rendered 5570/7845, time remaining: 2m 31s
Rendered 5571/7845, time remaining: 2m 31s
Rendered 5572/7845, time remaining: 2m 31s
Rendered 5573/7845, time remaining: 2m 31s
Rendered 5574/7845, time remaining: 2m 31s
Rendered 5575/7845, time remaining: 2m 31s
Rendered 5576/7845, time remaining: 2m 31s
Rendered 5577/7845, time remaining: 2m 31s
Rendered 5578/7845, time remaining: 2m 30s
Rendered 5579/7845, time remaining: 2m 30s
Rendered 5580/7845, time remaining: 2m 30s
Rendered 5581/7845, time remaining: 2m 30s
Rendered 5582/7845, time remaining: 2m 30s
Rendered 5583/7845, time remaining: 2m 30s
Rendered 5584/7845, time remaining: 2m 30s
Rendered 5585/7845, time remaining: 2m 30s
Rendered 5586/7845, time remaining: 2m 30s
Rendered 5587/7845, time remaining: 2m 30s
Rendered 5588/7845, time remaining: 2m 30s
Rendered 5589/7845, time remaining: 2m 30s
Rendered 5590/7845, time remaining: 2m 30s
Rendered 5591/7845, time remaining: 2m 30s
Rendered 5592/7845, time remaining: 2m 30s
Rendered 5593/7845, time remaining: 2m 29s
Rendered 5594/7845, time remaining: 2m 29s
Rendered 5595/7845, time remaining: 2m 29s
Rendered 5596/7845, time remaining: 2m 29s
Rendered 5597/7845, time remaining: 2m 29s
Rendered 5598/7845, time remaining: 2m 29s
Rendered 5599/7845, time remaining: 2m 29s
Rendered 5600/7845, time remaining: 2m 29s
Rendered 5601/7845, time remaining: 2m 29s
Rendered 5602/7845, time remaining: 2m 29s
Rendered 5603/7845, time remaining: 2m 29s
Rendered 5604/7845, time remaining: 2m 29s
Rendered 5605/7845, time remaining: 2m 29s
Rendered 5606/7845, time remaining: 2m 29s
Rendered 5607/7845, time remaining: 2m 29s
Rendered 5608/7845, time remaining: 2m 28s
Rendered 5609/7845, time remaining: 2m 28s
Rendered 5610/7845, time remaining: 2m 28s
Rendered 5611/7845, time remaining: 2m 28s
Rendered 5612/7845, time remaining: 2m 28s
Rendered 5613/7845, time remaining: 2m 28s
Rendered 5614/7845, time remaining: 2m 28s
Rendered 5615/7845, time remaining: 2m 28s
Rendered 5616/7845, time remaining: 2m 28s
Rendered 5617/7845, time remaining: 2m 28s
Rendered 5618/7845, time remaining: 2m 28s
Rendered 5619/7845, time remaining: 2m 28s
Rendered 5620/7845, time remaining: 2m 28s
Rendered 5621/7845, time remaining: 2m 28s
Rendered 5622/7845, time remaining: 2m 28s
Rendered 5623/7845, time remaining: 2m 27s
Rendered 5624/7845, time remaining: 2m 27s
Rendered 5625/7845, time remaining: 2m 27s
Rendered 5626/7845, time remaining: 2m 27s
Rendered 5627/7845, time remaining: 2m 27s
Rendered 5628/7845, time remaining: 2m 27s
Rendered 5629/7845, time remaining: 2m 27s
Rendered 5630/7845, time remaining: 2m 27s
Rendered 5631/7845, time remaining: 2m 27s
Rendered 5632/7845, time remaining: 2m 27s
Rendered 5633/7845, time remaining: 2m 27s
Rendered 5634/7845, time remaining: 2m 27s
Rendered 5635/7845, time remaining: 2m 27s
Rendered 5636/7845, time remaining: 2m 27s
Rendered 5637/7845, time remaining: 2m 27s
Rendered 5638/7845, time remaining: 2m 26s
Rendered 5639/7845, time remaining: 2m 26s
Rendered 5640/7845, time remaining: 2m 26s
Rendered 5641/7845, time remaining: 2m 26s
Rendered 5642/7845, time remaining: 2m 26s
Rendered 5643/7845, time remaining: 2m 26s
Rendered 5644/7845, time remaining: 2m 26s
Rendered 5645/7845, time remaining: 2m 26s
Rendered 5646/7845, time remaining: 2m 26s
Rendered 5647/7845, time remaining: 2m 26s
Rendered 5648/7845, time remaining: 2m 26s
Rendered 5649/7845, time remaining: 2m 26s
Rendered 5650/7845, time remaining: 2m 26s
Rendered 5651/7845, time remaining: 2m 26s
Rendered 5652/7845, time remaining: 2m 26s
Rendered 5653/7845, time remaining: 2m 25s
Rendered 5654/7845, time remaining: 2m 25s
Rendered 5655/7845, time remaining: 2m 25s
Rendered 5656/7845, time remaining: 2m 25s
Rendered 5657/7845, time remaining: 2m 25s
Rendered 5658/7845, time remaining: 2m 25s
Rendered 5659/7845, time remaining: 2m 25s
Rendered 5660/7845, time remaining: 2m 25s
Rendered 5661/7845, time remaining: 2m 25s
Rendered 5662/7845, time remaining: 2m 25s
Rendered 5663/7845, time remaining: 2m 25s
Rendered 5664/7845, time remaining: 2m 25s
Rendered 5665/7845, time remaining: 2m 25s
Rendered 5666/7845, time remaining: 2m 25s
Rendered 5667/7845, time remaining: 2m 25s
Rendered 5668/7845, time remaining: 2m 24s
Rendered 5669/7845, time remaining: 2m 24s
Rendered 5670/7845, time remaining: 2m 24s
Rendered 5671/7845, time remaining: 2m 24s
Rendered 5672/7845, time remaining: 2m 24s
Rendered 5673/7845, time remaining: 2m 24s
Rendered 5674/7845, time remaining: 2m 24s
Rendered 5675/7845, time remaining: 2m 24s
Rendered 5676/7845, time remaining: 2m 24s
Rendered 5677/7845, time remaining: 2m 24s
Rendered 5678/7845, time remaining: 2m 24s
Rendered 5679/7845, time remaining: 2m 24s
Rendered 5680/7845, time remaining: 2m 24s
Rendered 5681/7845, time remaining: 2m 24s
Rendered 5682/7845, time remaining: 2m 24s
Rendered 5683/7845, time remaining: 2m 23s
Rendered 5684/7845, time remaining: 2m 23s
Rendered 5685/7845, time remaining: 2m 23s
Rendered 5686/7845, time remaining: 2m 23s
Rendered 5687/7845, time remaining: 2m 23s
Rendered 5688/7845, time remaining: 2m 23s
Rendered 5689/7845, time remaining: 2m 23s
Rendered 5690/7845, time remaining: 2m 23s
Rendered 5691/7845, time remaining: 2m 23s
Rendered 5692/7845, time remaining: 2m 23s
Rendered 5693/7845, time remaining: 2m 23s
Rendered 5694/7845, time remaining: 2m 23s
Rendered 5695/7845, time remaining: 2m 23s
Rendered 5696/7845, time remaining: 2m 23s
Rendered 5697/7845, time remaining: 2m 23s
Rendered 5698/7845, time remaining: 2m 22s
Rendered 5699/7845, time remaining: 2m 22s
Rendered 5700/7845, time remaining: 2m 22s
Rendered 5701/7845, time remaining: 2m 22s
Rendered 5702/7845, time remaining: 2m 22s
Rendered 5703/7845, time remaining: 2m 22s
Rendered 5704/7845, time remaining: 2m 22s
Rendered 5705/7845, time remaining: 2m 22s
Rendered 5706/7845, time remaining: 2m 22s
Rendered 5707/7845, time remaining: 2m 22s
Rendered 5708/7845, time remaining: 2m 22s
Rendered 5709/7845, time remaining: 2m 22s
Rendered 5710/7845, time remaining: 2m 22s
Rendered 5711/7845, time remaining: 2m 22s
Rendered 5712/7845, time remaining: 2m 22s
Rendered 5713/7845, time remaining: 2m 21s
Rendered 5714/7845, time remaining: 2m 21s
Rendered 5715/7845, time remaining: 2m 21s
Rendered 5716/7845, time remaining: 2m 21s
Rendered 5717/7845, time remaining: 2m 21s
Rendered 5718/7845, time remaining: 2m 21s
Rendered 5719/7845, time remaining: 2m 21s
Rendered 5720/7845, time remaining: 2m 21s
Rendered 5721/7845, time remaining: 2m 21s
Rendered 5722/7845, time remaining: 2m 21s
Rendered 5723/7845, time remaining: 2m 21s
Rendered 5724/7845, time remaining: 2m 21s
Rendered 5725/7845, time remaining: 2m 21s
Rendered 5726/7845, time remaining: 2m 21s
Rendered 5727/7845, time remaining: 2m 21s
Rendered 5728/7845, time remaining: 2m 20s
Rendered 5729/7845, time remaining: 2m 20s
Rendered 5730/7845, time remaining: 2m 20s
Rendered 5731/7845, time remaining: 2m 20s
Rendered 5732/7845, time remaining: 2m 20s
Rendered 5733/7845, time remaining: 2m 20s
Rendered 5734/7845, time remaining: 2m 20s
Rendered 5735/7845, time remaining: 2m 20s
Rendered 5736/7845, time remaining: 2m 20s
Rendered 5737/7845, time remaining: 2m 20s
Rendered 5738/7845, time remaining: 2m 20s
Rendered 5739/7845, time remaining: 2m 20s
Rendered 5740/7845, time remaining: 2m 20s
Rendered 5741/7845, time remaining: 2m 20s
Rendered 5742/7845, time remaining: 2m 20s
Rendered 5743/7845, time remaining: 2m 19s
Rendered 5744/7845, time remaining: 2m 19s
Rendered 5745/7845, time remaining: 2m 19s
Rendered 5746/7845, time remaining: 2m 19s
Rendered 5747/7845, time remaining: 2m 19s
Rendered 5748/7845, time remaining: 2m 19s
Rendered 5749/7845, time remaining: 2m 19s
Rendered 5750/7845, time remaining: 2m 19s
Rendered 5751/7845, time remaining: 2m 19s
Rendered 5752/7845, time remaining: 2m 19s
Rendered 5753/7845, time remaining: 2m 19s
Rendered 5754/7845, time remaining: 2m 19s
Rendered 5755/7845, time remaining: 2m 19s
Rendered 5756/7845, time remaining: 2m 19s
Rendered 5757/7845, time remaining: 2m 19s
Rendered 5758/7845, time remaining: 2m 18s
Rendered 5759/7845, time remaining: 2m 18s
Rendered 5760/7845, time remaining: 2m 18s
Rendered 5761/7845, time remaining: 2m 18s
Rendered 5762/7845, time remaining: 2m 18s
Rendered 5763/7845, time remaining: 2m 18s
Rendered 5764/7845, time remaining: 2m 18s
Rendered 5765/7845, time remaining: 2m 18s
Rendered 5766/7845, time remaining: 2m 18s
Rendered 5767/7845, time remaining: 2m 18s
Rendered 5768/7845, time remaining: 2m 18s
Rendered 5769/7845, time remaining: 2m 18s
Rendered 5770/7845, time remaining: 2m 18s
Rendered 5771/7845, time remaining: 2m 18s
Rendered 5772/7845, time remaining: 2m 18s
Rendered 5773/7845, time remaining: 2m 17s
Rendered 5774/7845, time remaining: 2m 17s
Rendered 5775/7845, time remaining: 2m 17s
Rendered 5776/7845, time remaining: 2m 17s
Rendered 5777/7845, time remaining: 2m 17s
Rendered 5778/7845, time remaining: 2m 17s
Rendered 5779/7845, time remaining: 2m 17s
Rendered 5780/7845, time remaining: 2m 17s
Rendered 5781/7845, time remaining: 2m 17s
Rendered 5782/7845, time remaining: 2m 17s
Rendered 5783/7845, time remaining: 2m 17s
Rendered 5784/7845, time remaining: 2m 17s
Rendered 5785/7845, time remaining: 2m 17s
Rendered 5786/7845, time remaining: 2m 17s
Rendered 5787/7845, time remaining: 2m 17s
Rendered 5788/7845, time remaining: 2m 16s
Rendered 5789/7845, time remaining: 2m 16s
Rendered 5790/7845, time remaining: 2m 16s
Rendered 5791/7845, time remaining: 2m 16s
Rendered 5792/7845, time remaining: 2m 16s
Rendered 5793/7845, time remaining: 2m 16s
Rendered 5794/7845, time remaining: 2m 16s
Rendered 5795/7845, time remaining: 2m 16s
Rendered 5796/7845, time remaining: 2m 16s
Rendered 5797/7845, time remaining: 2m 16s
Rendered 5798/7845, time remaining: 2m 16s
Rendered 5799/7845, time remaining: 2m 16s
Rendered 5800/7845, time remaining: 2m 16s
Rendered 5801/7845, time remaining: 2m 16s
Rendered 5802/7845, time remaining: 2m 16s
Rendered 5803/7845, time remaining: 2m 15s
Rendered 5804/7845, time remaining: 2m 15s
Rendered 5805/7845, time remaining: 2m 15s
Rendered 5806/7845, time remaining: 2m 15s
Rendered 5807/7845, time remaining: 2m 15s
Rendered 5808/7845, time remaining: 2m 15s
Rendered 5809/7845, time remaining: 2m 15s
Rendered 5810/7845, time remaining: 2m 15s
Rendered 5811/7845, time remaining: 2m 15s
Rendered 5812/7845, time remaining: 2m 15s
Rendered 5813/7845, time remaining: 2m 15s
Rendered 5814/7845, time remaining: 2m 15s
Rendered 5815/7845, time remaining: 2m 15s
Rendered 5816/7845, time remaining: 2m 15s
Rendered 5817/7845, time remaining: 2m 15s
Rendered 5818/7845, time remaining: 2m 14s
Rendered 5819/7845, time remaining: 2m 14s
Rendered 5820/7845, time remaining: 2m 14s
Rendered 5821/7845, time remaining: 2m 14s
Rendered 5822/7845, time remaining: 2m 14s
Rendered 5823/7845, time remaining: 2m 14s
Rendered 5824/7845, time remaining: 2m 14s
Rendered 5825/7845, time remaining: 2m 14s
Rendered 5826/7845, time remaining: 2m 14s
Rendered 5827/7845, time remaining: 2m 14s
Rendered 5828/7845, time remaining: 2m 14s
Rendered 5829/7845, time remaining: 2m 14s
Rendered 5830/7845, time remaining: 2m 14s
Rendered 5831/7845, time remaining: 2m 14s
Rendered 5832/7845, time remaining: 2m 14s
Rendered 5833/7845, time remaining: 2m 13s
Rendered 5834/7845, time remaining: 2m 13s
Rendered 5835/7845, time remaining: 2m 13s
Rendered 5836/7845, time remaining: 2m 13s
Rendered 5837/7845, time remaining: 2m 13s
Rendered 5838/7845, time remaining: 2m 13s
Rendered 5839/7845, time remaining: 2m 13s
Rendered 5840/7845, time remaining: 2m 13s
Rendered 5841/7845, time remaining: 2m 13s
Rendered 5842/7845, time remaining: 2m 13s
Rendered 5843/7845, time remaining: 2m 13s
Rendered 5844/7845, time remaining: 2m 13s
Rendered 5845/7845, time remaining: 2m 13s
Rendered 5846/7845, time remaining: 2m 13s
Rendered 5847/7845, time remaining: 2m 13s
Rendered 5848/7845, time remaining: 2m 12s
Rendered 5849/7845, time remaining: 2m 12s
Rendered 5850/7845, time remaining: 2m 12s
Rendered 5851/7845, time remaining: 2m 12s
Rendered 5852/7845, time remaining: 2m 12s
Rendered 5853/7845, time remaining: 2m 12s
Rendered 5854/7845, time remaining: 2m 12s
Rendered 5855/7845, time remaining: 2m 12s
Rendered 5856/7845, time remaining: 2m 12s
Rendered 5857/7845, time remaining: 2m 12s
Rendered 5858/7845, time remaining: 2m 12s
Rendered 5859/7845, time remaining: 2m 12s
Rendered 5860/7845, time remaining: 2m 12s
Rendered 5861/7845, time remaining: 2m 12s
Rendered 5862/7845, time remaining: 2m 12s
Rendered 5863/7845, time remaining: 2m 11s
Rendered 5864/7845, time remaining: 2m 11s
Rendered 5865/7845, time remaining: 2m 11s
Rendered 5866/7845, time remaining: 2m 11s
Rendered 5867/7845, time remaining: 2m 11s
Rendered 5868/7845, time remaining: 2m 11s
Rendered 5869/7845, time remaining: 2m 11s
Rendered 5870/7845, time remaining: 2m 11s
Rendered 5871/7845, time remaining: 2m 11s
Rendered 5872/7845, time remaining: 2m 11s
Rendered 5873/7845, time remaining: 2m 11s
Rendered 5874/7845, time remaining: 2m 11s
Rendered 5875/7845, time remaining: 2m 11s
Rendered 5876/7845, time remaining: 2m 11s
Rendered 5877/7845, time remaining: 2m 11s
Rendered 5878/7845, time remaining: 2m 10s
Rendered 5879/7845, time remaining: 2m 10s
Rendered 5880/7845, time remaining: 2m 10s
Rendered 5881/7845, time remaining: 2m 10s
Rendered 5882/7845, time remaining: 2m 10s
Rendered 5883/7845, time remaining: 2m 10s
Rendered 5884/7845, time remaining: 2m 10s
Rendered 5885/7845, time remaining: 2m 10s
Rendered 5886/7845, time remaining: 2m 10s
Rendered 5887/7845, time remaining: 2m 10s
Rendered 5888/7845, time remaining: 2m 10s
Rendered 5889/7845, time remaining: 2m 10s
Rendered 5890/7845, time remaining: 2m 10s
Rendered 5891/7845, time remaining: 2m 10s
Rendered 5892/7845, time remaining: 2m 10s
Rendered 5893/7845, time remaining: 2m 9s
Rendered 5894/7845, time remaining: 2m 9s
Rendered 5895/7845, time remaining: 2m 9s
Rendered 5896/7845, time remaining: 2m 9s
Rendered 5897/7845, time remaining: 2m 9s
Rendered 5898/7845, time remaining: 2m 9s
Rendered 5899/7845, time remaining: 2m 9s
Rendered 5900/7845, time remaining: 2m 9s
Rendered 5901/7845, time remaining: 2m 9s
Rendered 5902/7845, time remaining: 2m 9s
Rendered 5903/7845, time remaining: 2m 9s
Rendered 5904/7845, time remaining: 2m 9s
Rendered 5905/7845, time remaining: 2m 9s
Rendered 5906/7845, time remaining: 2m 9s
Rendered 5907/7845, time remaining: 2m 9s
Rendered 5908/7845, time remaining: 2m 8s
Rendered 5909/7845, time remaining: 2m 8s
Rendered 5910/7845, time remaining: 2m 8s
Rendered 5911/7845, time remaining: 2m 8s
Rendered 5912/7845, time remaining: 2m 8s
Rendered 5913/7845, time remaining: 2m 8s
Rendered 5914/7845, time remaining: 2m 8s
Rendered 5915/7845, time remaining: 2m 8s
Rendered 5916/7845, time remaining: 2m 8s
Rendered 5917/7845, time remaining: 2m 8s
Rendered 5918/7845, time remaining: 2m 8s
Rendered 5919/7845, time remaining: 2m 8s
Rendered 5920/7845, time remaining: 2m 8s
Rendered 5921/7845, time remaining: 2m 8s
Rendered 5922/7845, time remaining: 2m 8s
Rendered 5923/7845, time remaining: 2m 7s
Rendered 5924/7845, time remaining: 2m 7s
Rendered 5925/7845, time remaining: 2m 7s
Rendered 5926/7845, time remaining: 2m 7s
Rendered 5927/7845, time remaining: 2m 7s
Rendered 5928/7845, time remaining: 2m 7s
Rendered 5929/7845, time remaining: 2m 7s
Rendered 5930/7845, time remaining: 2m 7s
Rendered 5931/7845, time remaining: 2m 7s
Rendered 5932/7845, time remaining: 2m 7s
Rendered 5933/7845, time remaining: 2m 7s
Rendered 5934/7845, time remaining: 2m 7s
Rendered 5935/7845, time remaining: 2m 7s
Rendered 5936/7845, time remaining: 2m 7s
Rendered 5937/7845, time remaining: 2m 7s
Rendered 5938/7845, time remaining: 2m 7s
Rendered 5939/7845, time remaining: 2m 6s
Rendered 5940/7845, time remaining: 2m 6s
Rendered 5941/7845, time remaining: 2m 6s
Rendered 5942/7845, time remaining: 2m 6s
Rendered 5943/7845, time remaining: 2m 6s
Rendered 5944/7845, time remaining: 2m 6s
Rendered 5945/7845, time remaining: 2m 6s
Rendered 5946/7845, time remaining: 2m 6s
Rendered 5947/7845, time remaining: 2m 6s
Rendered 5948/7845, time remaining: 2m 6s
Rendered 5949/7845, time remaining: 2m 6s
Rendered 5950/7845, time remaining: 2m 6s
Rendered 5951/7845, time remaining: 2m 6s
Rendered 5952/7845, time remaining: 2m 6s
Rendered 5953/7845, time remaining: 2m 5s
Rendered 5954/7845, time remaining: 2m 5s
Rendered 5955/7845, time remaining: 2m 5s
Rendered 5956/7845, time remaining: 2m 5s
Rendered 5957/7845, time remaining: 2m 5s
Rendered 5958/7845, time remaining: 2m 5s
Rendered 5959/7845, time remaining: 2m 5s
Rendered 5960/7845, time remaining: 2m 5s
Rendered 5961/7845, time remaining: 2m 5s
Rendered 5962/7845, time remaining: 2m 5s
Rendered 5963/7845, time remaining: 2m 5s
Rendered 5964/7845, time remaining: 2m 5s
Rendered 5965/7845, time remaining: 2m 5s
Rendered 5966/7845, time remaining: 2m 5s
Rendered 5967/7845, time remaining: 2m 5s
Rendered 5968/7845, time remaining: 2m 4s
Rendered 5969/7845, time remaining: 2m 4s
Rendered 5970/7845, time remaining: 2m 4s
Rendered 5971/7845, time remaining: 2m 4s
Rendered 5972/7845, time remaining: 2m 4s
Rendered 5973/7845, time remaining: 2m 4s
Rendered 5974/7845, time remaining: 2m 4s
Rendered 5975/7845, time remaining: 2m 4s
Rendered 5976/7845, time remaining: 2m 4s
Rendered 5977/7845, time remaining: 2m 4s
Rendered 5978/7845, time remaining: 2m 4s
Rendered 5979/7845, time remaining: 2m 4s
Rendered 5980/7845, time remaining: 2m 4s
Rendered 5981/7845, time remaining: 2m 4s
Rendered 5982/7845, time remaining: 2m 4s
Rendered 5983/7845, time remaining: 2m 4s
Rendered 5984/7845, time remaining: 2m 3s
Rendered 5985/7845, time remaining: 2m 3s
Rendered 5986/7845, time remaining: 2m 3s
Rendered 5987/7845, time remaining: 2m 3s
Rendered 5988/7845, time remaining: 2m 3s
Rendered 5989/7845, time remaining: 2m 3s
Rendered 5990/7845, time remaining: 2m 3s
Rendered 5991/7845, time remaining: 2m 3s
Rendered 5992/7845, time remaining: 2m 3s
Rendered 5993/7845, time remaining: 2m 3s
Rendered 5994/7845, time remaining: 2m 3s
Rendered 5995/7845, time remaining: 2m 3s
Rendered 5996/7845, time remaining: 2m 3s
Rendered 5997/7845, time remaining: 2m 3s
Rendered 5998/7845, time remaining: 2m 3s
Rendered 5999/7845, time remaining: 2m 2s
Rendered 6000/7845, time remaining: 2m 2s
Rendered 6001/7845, time remaining: 2m 2s
Rendered 6002/7845, time remaining: 2m 2s
Rendered 6003/7845, time remaining: 2m 2s
Rendered 6004/7845, time remaining: 2m 2s
Rendered 6005/7845, time remaining: 2m 2s
Rendered 6006/7845, time remaining: 2m 2s
Rendered 6007/7845, time remaining: 2m 2s
Rendered 6008/7845, time remaining: 2m 2s
Rendered 6009/7845, time remaining: 2m 2s
Rendered 6010/7845, time remaining: 2m 2s
Rendered 6011/7845, time remaining: 2m 2s
Rendered 6012/7845, time remaining: 2m 2s
Rendered 6013/7845, time remaining: 2m 2s
Rendered 6014/7845, time remaining: 2m 1s
Rendered 6015/7845, time remaining: 2m 1s
Rendered 6016/7845, time remaining: 2m 1s
Rendered 6017/7845, time remaining: 2m 1s
Rendered 6018/7845, time remaining: 2m 1s
Rendered 6019/7845, time remaining: 2m 1s
Rendered 6020/7845, time remaining: 2m 1s
Rendered 6021/7845, time remaining: 2m 1s
Rendered 6022/7845, time remaining: 2m 1s
Rendered 6023/7845, time remaining: 2m 1s
Rendered 6024/7845, time remaining: 2m 1s
Rendered 6025/7845, time remaining: 2m 1s
Rendered 6026/7845, time remaining: 2m 1s
Rendered 6027/7845, time remaining: 2m 1s
Rendered 6028/7845, time remaining: 2m 1s
Rendered 6029/7845, time remaining: 2m 0s
Rendered 6030/7845, time remaining: 2m 0s
Rendered 6031/7845, time remaining: 2m 0s
Rendered 6032/7845, time remaining: 2m 0s
Rendered 6033/7845, time remaining: 2m 0s
Rendered 6034/7845, time remaining: 2m 0s
Rendered 6035/7845, time remaining: 2m 0s
Rendered 6036/7845, time remaining: 2m 0s
Rendered 6037/7845, time remaining: 2m 0s
Rendered 6038/7845, time remaining: 2m 0s
Rendered 6039/7845, time remaining: 2m 0s
Rendered 6040/7845, time remaining: 2m 0s
Rendered 6041/7845, time remaining: 2m 0s
Rendered 6042/7845, time remaining: 2m 0s
Rendered 6043/7845, time remaining: 2m 0s
Rendered 6044/7845, time remaining: 1m 59s
Rendered 6045/7845, time remaining: 1m 59s
Rendered 6046/7845, time remaining: 1m 59s
Rendered 6047/7845, time remaining: 1m 59s
Rendered 6048/7845, time remaining: 1m 59s
Rendered 6049/7845, time remaining: 1m 59s
Rendered 6050/7845, time remaining: 1m 59s
Rendered 6051/7845, time remaining: 1m 59s
Rendered 6052/7845, time remaining: 1m 59s
Rendered 6053/7845, time remaining: 1m 59s
Rendered 6054/7845, time remaining: 1m 59s
Rendered 6055/7845, time remaining: 1m 59s
Rendered 6056/7845, time remaining: 1m 59s
Rendered 6057/7845, time remaining: 1m 59s
Rendered 6058/7845, time remaining: 1m 59s
Rendered 6059/7845, time remaining: 1m 58s
Rendered 6060/7845, time remaining: 1m 58s
Rendered 6061/7845, time remaining: 1m 58s
Rendered 6062/7845, time remaining: 1m 58s
Rendered 6063/7845, time remaining: 1m 58s
Rendered 6064/7845, time remaining: 1m 58s
Rendered 6065/7845, time remaining: 1m 58s
Rendered 6066/7845, time remaining: 1m 58s
Rendered 6067/7845, time remaining: 1m 58s
Rendered 6068/7845, time remaining: 1m 58s
Rendered 6069/7845, time remaining: 1m 58s
Rendered 6070/7845, time remaining: 1m 58s
Rendered 6071/7845, time remaining: 1m 58s
Rendered 6072/7845, time remaining: 1m 58s
Rendered 6073/7845, time remaining: 1m 58s
Rendered 6074/7845, time remaining: 1m 57s
Rendered 6075/7845, time remaining: 1m 57s
Rendered 6076/7845, time remaining: 1m 57s
Rendered 6077/7845, time remaining: 1m 57s
Rendered 6078/7845, time remaining: 1m 57s
Rendered 6079/7845, time remaining: 1m 57s
Rendered 6080/7845, time remaining: 1m 57s
Rendered 6081/7845, time remaining: 1m 57s
Rendered 6082/7845, time remaining: 1m 57s
Rendered 6083/7845, time remaining: 1m 57s
Rendered 6084/7845, time remaining: 1m 57s
Rendered 6085/7845, time remaining: 1m 57s
Rendered 6086/7845, time remaining: 1m 57s
Rendered 6087/7845, time remaining: 1m 57s
Rendered 6088/7845, time remaining: 1m 57s
Rendered 6089/7845, time remaining: 1m 56s
Rendered 6090/7845, time remaining: 1m 56s
Rendered 6091/7845, time remaining: 1m 56s
Rendered 6092/7845, time remaining: 1m 56s
Rendered 6093/7845, time remaining: 1m 56s
Rendered 6094/7845, time remaining: 1m 56s
Rendered 6095/7845, time remaining: 1m 56s
Rendered 6096/7845, time remaining: 1m 56s
Rendered 6097/7845, time remaining: 1m 56s
Rendered 6098/7845, time remaining: 1m 56s
Rendered 6099/7845, time remaining: 1m 56s
Rendered 6100/7845, time remaining: 1m 56s
Rendered 6101/7845, time remaining: 1m 56s
Rendered 6102/7845, time remaining: 1m 56s
Rendered 6103/7845, time remaining: 1m 56s
Rendered 6104/7845, time remaining: 1m 55s
Rendered 6105/7845, time remaining: 1m 55s
Rendered 6106/7845, time remaining: 1m 55s
Rendered 6107/7845, time remaining: 1m 55s
Rendered 6108/7845, time remaining: 1m 55s
Rendered 6109/7845, time remaining: 1m 55s
Rendered 6110/7845, time remaining: 1m 55s
Rendered 6111/7845, time remaining: 1m 55s
Rendered 6112/7845, time remaining: 1m 55s
Rendered 6113/7845, time remaining: 1m 55s
Rendered 6114/7845, time remaining: 1m 55s
Rendered 6115/7845, time remaining: 1m 55s
Rendered 6116/7845, time remaining: 1m 55s
Rendered 6117/7845, time remaining: 1m 55s
Rendered 6118/7845, time remaining: 1m 55s
Rendered 6119/7845, time remaining: 1m 54s
Rendered 6120/7845, time remaining: 1m 54s
Rendered 6121/7845, time remaining: 1m 54s
Rendered 6122/7845, time remaining: 1m 54s
Rendered 6123/7845, time remaining: 1m 54s
Rendered 6124/7845, time remaining: 1m 54s
Rendered 6125/7845, time remaining: 1m 54s
Rendered 6126/7845, time remaining: 1m 54s
Rendered 6127/7845, time remaining: 1m 54s
Rendered 6128/7845, time remaining: 1m 54s
Rendered 6129/7845, time remaining: 1m 54s
Rendered 6130/7845, time remaining: 1m 54s
Rendered 6131/7845, time remaining: 1m 54s
Rendered 6132/7845, time remaining: 1m 54s
Rendered 6133/7845, time remaining: 1m 54s
Rendered 6134/7845, time remaining: 1m 53s
Rendered 6135/7845, time remaining: 1m 53s
Rendered 6136/7845, time remaining: 1m 53s
Rendered 6137/7845, time remaining: 1m 53s
Rendered 6138/7845, time remaining: 1m 53s
Rendered 6139/7845, time remaining: 1m 53s
Rendered 6140/7845, time remaining: 1m 53s
Rendered 6141/7845, time remaining: 1m 53s
Rendered 6142/7845, time remaining: 1m 53s
Rendered 6143/7845, time remaining: 1m 53s
Rendered 6144/7845, time remaining: 1m 53s
Rendered 6145/7845, time remaining: 1m 53s
Rendered 6146/7845, time remaining: 1m 53s
Rendered 6147/7845, time remaining: 1m 53s
Rendered 6148/7845, time remaining: 1m 53s
Rendered 6149/7845, time remaining: 1m 52s
Rendered 6150/7845, time remaining: 1m 52s
Rendered 6151/7845, time remaining: 1m 52s
Rendered 6152/7845, time remaining: 1m 52s
Rendered 6153/7845, time remaining: 1m 52s
Rendered 6154/7845, time remaining: 1m 52s
Rendered 6155/7845, time remaining: 1m 52s
Rendered 6156/7845, time remaining: 1m 52s
Rendered 6157/7845, time remaining: 1m 52s
Rendered 6158/7845, time remaining: 1m 52s
Rendered 6159/7845, time remaining: 1m 52s
Rendered 6160/7845, time remaining: 1m 52s
Rendered 6161/7845, time remaining: 1m 52s
Rendered 6162/7845, time remaining: 1m 52s
Rendered 6163/7845, time remaining: 1m 52s
Rendered 6164/7845, time remaining: 1m 51s
Rendered 6165/7845, time remaining: 1m 51s
Rendered 6166/7845, time remaining: 1m 51s
Rendered 6167/7845, time remaining: 1m 51s
Rendered 6168/7845, time remaining: 1m 51s
Rendered 6169/7845, time remaining: 1m 51s
Rendered 6170/7845, time remaining: 1m 51s
Rendered 6171/7845, time remaining: 1m 51s
Rendered 6172/7845, time remaining: 1m 51s
Rendered 6173/7845, time remaining: 1m 51s
Rendered 6174/7845, time remaining: 1m 51s
Rendered 6175/7845, time remaining: 1m 51s
Rendered 6176/7845, time remaining: 1m 51s
Rendered 6177/7845, time remaining: 1m 51s
Rendered 6178/7845, time remaining: 1m 51s
Rendered 6179/7845, time remaining: 1m 50s
Rendered 6180/7845, time remaining: 1m 50s
Rendered 6181/7845, time remaining: 1m 50s
Rendered 6182/7845, time remaining: 1m 50s
Rendered 6183/7845, time remaining: 1m 50s
Rendered 6184/7845, time remaining: 1m 50s
Rendered 6185/7845, time remaining: 1m 50s
Rendered 6186/7845, time remaining: 1m 50s
Rendered 6187/7845, time remaining: 1m 50s
Rendered 6188/7845, time remaining: 1m 50s
Rendered 6189/7845, time remaining: 1m 50s
Rendered 6190/7845, time remaining: 1m 50s
Rendered 6191/7845, time remaining: 1m 50s
Rendered 6192/7845, time remaining: 1m 50s
Rendered 6193/7845, time remaining: 1m 50s
Rendered 6194/7845, time remaining: 1m 49s
Rendered 6195/7845, time remaining: 1m 49s
Rendered 6196/7845, time remaining: 1m 49s
Rendered 6197/7845, time remaining: 1m 49s
Rendered 6198/7845, time remaining: 1m 49s
Rendered 6199/7845, time remaining: 1m 49s
Rendered 6200/7845, time remaining: 1m 49s
Rendered 6201/7845, time remaining: 1m 49s
Rendered 6202/7845, time remaining: 1m 49s
Rendered 6203/7845, time remaining: 1m 49s
Rendered 6204/7845, time remaining: 1m 49s
Rendered 6205/7845, time remaining: 1m 49s
Rendered 6206/7845, time remaining: 1m 49s
Rendered 6207/7845, time remaining: 1m 49s
Rendered 6208/7845, time remaining: 1m 49s
Rendered 6209/7845, time remaining: 1m 48s
Rendered 6210/7845, time remaining: 1m 48s
Rendered 6211/7845, time remaining: 1m 48s
Rendered 6212/7845, time remaining: 1m 48s
Rendered 6213/7845, time remaining: 1m 48s
Rendered 6214/7845, time remaining: 1m 48s
Rendered 6215/7845, time remaining: 1m 48s
Rendered 6216/7845, time remaining: 1m 48s
Rendered 6217/7845, time remaining: 1m 48s
Rendered 6218/7845, time remaining: 1m 48s
Rendered 6219/7845, time remaining: 1m 48s
Rendered 6220/7845, time remaining: 1m 48s
Rendered 6221/7845, time remaining: 1m 48s
Rendered 6222/7845, time remaining: 1m 48s
Rendered 6223/7845, time remaining: 1m 48s
Rendered 6224/7845, time remaining: 1m 47s
Rendered 6225/7845, time remaining: 1m 47s
Rendered 6226/7845, time remaining: 1m 47s
Rendered 6227/7845, time remaining: 1m 47s
Rendered 6228/7845, time remaining: 1m 47s
Rendered 6229/7845, time remaining: 1m 47s
Rendered 6230/7845, time remaining: 1m 47s
Rendered 6231/7845, time remaining: 1m 47s
Rendered 6232/7845, time remaining: 1m 47s
Rendered 6233/7845, time remaining: 1m 47s
Rendered 6234/7845, time remaining: 1m 47s
Rendered 6235/7845, time remaining: 1m 47s
Rendered 6236/7845, time remaining: 1m 47s
Rendered 6237/7845, time remaining: 1m 47s
Rendered 6238/7845, time remaining: 1m 47s
Rendered 6239/7845, time remaining: 1m 46s
Rendered 6240/7845, time remaining: 1m 46s
Rendered 6241/7845, time remaining: 1m 46s
Rendered 6242/7845, time remaining: 1m 46s
Rendered 6243/7845, time remaining: 1m 46s
Rendered 6244/7845, time remaining: 1m 46s
Rendered 6245/7845, time remaining: 1m 46s
Rendered 6246/7845, time remaining: 1m 46s
Rendered 6247/7845, time remaining: 1m 46s
Rendered 6248/7845, time remaining: 1m 46s
Rendered 6249/7845, time remaining: 1m 46s
Rendered 6250/7845, time remaining: 1m 46s
Rendered 6251/7845, time remaining: 1m 46s
Rendered 6252/7845, time remaining: 1m 46s
Rendered 6253/7845, time remaining: 1m 46s
Rendered 6254/7845, time remaining: 1m 45s
Rendered 6255/7845, time remaining: 1m 45s
Rendered 6256/7845, time remaining: 1m 45s
Rendered 6257/7845, time remaining: 1m 45s
Rendered 6258/7845, time remaining: 1m 45s
Rendered 6259/7845, time remaining: 1m 45s
Rendered 6260/7845, time remaining: 1m 45s
Rendered 6261/7845, time remaining: 1m 45s
Rendered 6262/7845, time remaining: 1m 45s
Rendered 6263/7845, time remaining: 1m 45s
Rendered 6264/7845, time remaining: 1m 45s
Rendered 6265/7845, time remaining: 1m 45s
Rendered 6266/7845, time remaining: 1m 45s
Rendered 6267/7845, time remaining: 1m 45s
Rendered 6268/7845, time remaining: 1m 45s
Rendered 6269/7845, time remaining: 1m 44s
Rendered 6270/7845, time remaining: 1m 44s
Rendered 6271/7845, time remaining: 1m 44s
Rendered 6272/7845, time remaining: 1m 44s
Rendered 6273/7845, time remaining: 1m 44s
Rendered 6274/7845, time remaining: 1m 44s
Rendered 6275/7845, time remaining: 1m 44s
Rendered 6276/7845, time remaining: 1m 44s
Rendered 6277/7845, time remaining: 1m 44s
Rendered 6278/7845, time remaining: 1m 44s
Rendered 6279/7845, time remaining: 1m 44s
Rendered 6280/7845, time remaining: 1m 44s
Rendered 6281/7845, time remaining: 1m 44s
Rendered 6282/7845, time remaining: 1m 44s
Rendered 6283/7845, time remaining: 1m 44s
Rendered 6284/7845, time remaining: 1m 43s
Rendered 6285/7845, time remaining: 1m 43s
Rendered 6286/7845, time remaining: 1m 43s
Rendered 6287/7845, time remaining: 1m 43s
Rendered 6288/7845, time remaining: 1m 43s
Rendered 6289/7845, time remaining: 1m 43s
Rendered 6290/7845, time remaining: 1m 43s
Rendered 6291/7845, time remaining: 1m 43s
Rendered 6292/7845, time remaining: 1m 43s
Rendered 6293/7845, time remaining: 1m 43s
Rendered 6294/7845, time remaining: 1m 43s
Rendered 6295/7845, time remaining: 1m 43s
Rendered 6296/7845, time remaining: 1m 43s
Rendered 6297/7845, time remaining: 1m 43s
Rendered 6298/7845, time remaining: 1m 43s
Rendered 6299/7845, time remaining: 1m 42s
Rendered 6300/7845, time remaining: 1m 42s
Rendered 6301/7845, time remaining: 1m 42s
Rendered 6302/7845, time remaining: 1m 42s
Rendered 6303/7845, time remaining: 1m 42s
Rendered 6304/7845, time remaining: 1m 42s
Rendered 6305/7845, time remaining: 1m 42s
Rendered 6306/7845, time remaining: 1m 42s
Rendered 6307/7845, time remaining: 1m 42s
Rendered 6308/7845, time remaining: 1m 42s
Rendered 6309/7845, time remaining: 1m 42s
Rendered 6310/7845, time remaining: 1m 42s
Rendered 6311/7845, time remaining: 1m 42s
Rendered 6312/7845, time remaining: 1m 42s
Rendered 6313/7845, time remaining: 1m 42s
Rendered 6314/7845, time remaining: 1m 41s
Rendered 6315/7845, time remaining: 1m 41s
Rendered 6316/7845, time remaining: 1m 41s
Rendered 6317/7845, time remaining: 1m 41s
Rendered 6318/7845, time remaining: 1m 41s
Rendered 6319/7845, time remaining: 1m 41s
Rendered 6320/7845, time remaining: 1m 41s
Rendered 6321/7845, time remaining: 1m 41s
Rendered 6322/7845, time remaining: 1m 41s
Rendered 6323/7845, time remaining: 1m 41s
Rendered 6324/7845, time remaining: 1m 41s
Rendered 6325/7845, time remaining: 1m 41s
Rendered 6326/7845, time remaining: 1m 41s
Rendered 6327/7845, time remaining: 1m 41s
Rendered 6328/7845, time remaining: 1m 41s
Rendered 6329/7845, time remaining: 1m 40s
Rendered 6330/7845, time remaining: 1m 40s
Rendered 6331/7845, time remaining: 1m 40s
Rendered 6332/7845, time remaining: 1m 40s
Rendered 6333/7845, time remaining: 1m 40s
Rendered 6334/7845, time remaining: 1m 40s
Rendered 6335/7845, time remaining: 1m 40s
Rendered 6336/7845, time remaining: 1m 40s
Rendered 6337/7845, time remaining: 1m 40s
Rendered 6338/7845, time remaining: 1m 40s
Rendered 6339/7845, time remaining: 1m 40s
Rendered 6340/7845, time remaining: 1m 40s
Rendered 6341/7845, time remaining: 1m 40s
Rendered 6342/7845, time remaining: 1m 40s
Rendered 6343/7845, time remaining: 1m 40s
Rendered 6344/7845, time remaining: 1m 39s
Rendered 6345/7845, time remaining: 1m 39s
Rendered 6346/7845, time remaining: 1m 39s
Rendered 6347/7845, time remaining: 1m 39s
Rendered 6348/7845, time remaining: 1m 39s
Rendered 6349/7845, time remaining: 1m 39s
Rendered 6350/7845, time remaining: 1m 39s
Rendered 6351/7845, time remaining: 1m 39s
Rendered 6352/7845, time remaining: 1m 39s
Rendered 6353/7845, time remaining: 1m 39s
Rendered 6354/7845, time remaining: 1m 39s
Rendered 6355/7845, time remaining: 1m 39s
Rendered 6356/7845, time remaining: 1m 39s
Rendered 6357/7845, time remaining: 1m 39s
Rendered 6358/7845, time remaining: 1m 39s
Rendered 6359/7845, time remaining: 1m 39s
Rendered 6360/7845, time remaining: 1m 38s
Rendered 6361/7845, time remaining: 1m 38s
Rendered 6362/7845, time remaining: 1m 38s
Rendered 6363/7845, time remaining: 1m 38s
Rendered 6364/7845, time remaining: 1m 38s
Rendered 6365/7845, time remaining: 1m 38s
Rendered 6366/7845, time remaining: 1m 38s
Rendered 6367/7845, time remaining: 1m 38s
Rendered 6368/7845, time remaining: 1m 38s
Rendered 6369/7845, time remaining: 1m 38s
Rendered 6370/7845, time remaining: 1m 38s
Rendered 6371/7845, time remaining: 1m 38s
Rendered 6372/7845, time remaining: 1m 38s
Rendered 6373/7845, time remaining: 1m 38s
Rendered 6374/7845, time remaining: 1m 38s
Rendered 6375/7845, time remaining: 1m 37s
Rendered 6376/7845, time remaining: 1m 37s
Rendered 6377/7845, time remaining: 1m 37s
Rendered 6378/7845, time remaining: 1m 37s
Rendered 6379/7845, time remaining: 1m 37s
Rendered 6380/7845, time remaining: 1m 37s
Rendered 6381/7845, time remaining: 1m 37s
Rendered 6382/7845, time remaining: 1m 37s
Rendered 6383/7845, time remaining: 1m 37s
Rendered 6384/7845, time remaining: 1m 37s
Rendered 6385/7845, time remaining: 1m 37s
Rendered 6386/7845, time remaining: 1m 37s
Rendered 6387/7845, time remaining: 1m 37s
Rendered 6388/7845, time remaining: 1m 37s
Rendered 6389/7845, time remaining: 1m 37s
Rendered 6390/7845, time remaining: 1m 36s
Rendered 6391/7845, time remaining: 1m 36s
Rendered 6392/7845, time remaining: 1m 36s
Rendered 6393/7845, time remaining: 1m 36s
Rendered 6394/7845, time remaining: 1m 36s
Rendered 6395/7845, time remaining: 1m 36s
Rendered 6396/7845, time remaining: 1m 36s
Rendered 6397/7845, time remaining: 1m 36s
Rendered 6398/7845, time remaining: 1m 36s
Rendered 6399/7845, time remaining: 1m 36s
Rendered 6400/7845, time remaining: 1m 36s
Rendered 6401/7845, time remaining: 1m 36s
Rendered 6402/7845, time remaining: 1m 36s
Rendered 6403/7845, time remaining: 1m 36s
Rendered 6404/7845, time remaining: 1m 36s
Rendered 6405/7845, time remaining: 1m 35s
Rendered 6406/7845, time remaining: 1m 35s
Rendered 6407/7845, time remaining: 1m 35s
Rendered 6408/7845, time remaining: 1m 35s
Rendered 6409/7845, time remaining: 1m 35s
Rendered 6410/7845, time remaining: 1m 35s
Rendered 6411/7845, time remaining: 1m 35s
Rendered 6412/7845, time remaining: 1m 35s
Rendered 6413/7845, time remaining: 1m 35s
Rendered 6414/7845, time remaining: 1m 35s
Rendered 6415/7845, time remaining: 1m 35s
Rendered 6416/7845, time remaining: 1m 35s
Rendered 6417/7845, time remaining: 1m 35s
Rendered 6418/7845, time remaining: 1m 35s
Rendered 6419/7845, time remaining: 1m 35s
Rendered 6420/7845, time remaining: 1m 34s
Rendered 6421/7845, time remaining: 1m 34s
Rendered 6422/7845, time remaining: 1m 34s
Rendered 6423/7845, time remaining: 1m 34s
Rendered 6424/7845, time remaining: 1m 34s
Rendered 6425/7845, time remaining: 1m 34s
Rendered 6426/7845, time remaining: 1m 34s
Rendered 6427/7845, time remaining: 1m 34s
Rendered 6428/7845, time remaining: 1m 34s
Rendered 6429/7845, time remaining: 1m 34s
Rendered 6430/7845, time remaining: 1m 34s
Rendered 6431/7845, time remaining: 1m 34s
Rendered 6432/7845, time remaining: 1m 34s
Rendered 6433/7845, time remaining: 1m 34s
Rendered 6434/7845, time remaining: 1m 34s
Rendered 6435/7845, time remaining: 1m 33s
Rendered 6436/7845, time remaining: 1m 33s
Rendered 6437/7845, time remaining: 1m 33s
Rendered 6438/7845, time remaining: 1m 33s
Rendered 6439/7845, time remaining: 1m 33s
Rendered 6440/7845, time remaining: 1m 33s
Rendered 6441/7845, time remaining: 1m 33s
Rendered 6442/7845, time remaining: 1m 33s
Rendered 6443/7845, time remaining: 1m 33s
Rendered 6444/7845, time remaining: 1m 33s
Rendered 6445/7845, time remaining: 1m 33s
Rendered 6446/7845, time remaining: 1m 33s
Rendered 6447/7845, time remaining: 1m 33s
Rendered 6448/7845, time remaining: 1m 33s
Rendered 6449/7845, time remaining: 1m 33s
Rendered 6450/7845, time remaining: 1m 32s
Rendered 6451/7845, time remaining: 1m 32s
Rendered 6452/7845, time remaining: 1m 32s
Rendered 6453/7845, time remaining: 1m 32s
Rendered 6454/7845, time remaining: 1m 32s
Rendered 6455/7845, time remaining: 1m 32s
Rendered 6456/7845, time remaining: 1m 32s
Rendered 6457/7845, time remaining: 1m 32s
Rendered 6458/7845, time remaining: 1m 32s
Rendered 6459/7845, time remaining: 1m 32s
Rendered 6460/7845, time remaining: 1m 32s
Rendered 6461/7845, time remaining: 1m 32s
Rendered 6462/7845, time remaining: 1m 32s
Rendered 6463/7845, time remaining: 1m 32s
Rendered 6464/7845, time remaining: 1m 32s
Rendered 6465/7845, time remaining: 1m 31s
Rendered 6466/7845, time remaining: 1m 31s
Rendered 6467/7845, time remaining: 1m 31s
Rendered 6468/7845, time remaining: 1m 31s
Rendered 6469/7845, time remaining: 1m 31s
Rendered 6470/7845, time remaining: 1m 31s
Rendered 6471/7845, time remaining: 1m 31s
Rendered 6472/7845, time remaining: 1m 31s
Rendered 6473/7845, time remaining: 1m 31s
Rendered 6474/7845, time remaining: 1m 31s
Rendered 6475/7845, time remaining: 1m 31s
Rendered 6476/7845, time remaining: 1m 31s
Rendered 6477/7845, time remaining: 1m 31s
Rendered 6478/7845, time remaining: 1m 31s
Rendered 6479/7845, time remaining: 1m 31s
Rendered 6480/7845, time remaining: 1m 30s
Rendered 6481/7845, time remaining: 1m 30s
Rendered 6482/7845, time remaining: 1m 30s
Rendered 6483/7845, time remaining: 1m 30s
Rendered 6484/7845, time remaining: 1m 30s
Rendered 6485/7845, time remaining: 1m 30s
Rendered 6486/7845, time remaining: 1m 30s
Rendered 6487/7845, time remaining: 1m 30s
Rendered 6488/7845, time remaining: 1m 30s
Rendered 6489/7845, time remaining: 1m 30s
Rendered 6490/7845, time remaining: 1m 30s
Rendered 6491/7845, time remaining: 1m 30s
Rendered 6492/7845, time remaining: 1m 30s
Rendered 6493/7845, time remaining: 1m 30s
Rendered 6494/7845, time remaining: 1m 30s
Rendered 6495/7845, time remaining: 1m 29s
Rendered 6496/7845, time remaining: 1m 29s
Rendered 6497/7845, time remaining: 1m 29s
Rendered 6498/7845, time remaining: 1m 29s
Rendered 6499/7845, time remaining: 1m 29s
Rendered 6500/7845, time remaining: 1m 29s
Rendered 6501/7845, time remaining: 1m 29s
Rendered 6502/7845, time remaining: 1m 29s
Rendered 6503/7845, time remaining: 1m 29s
Rendered 6504/7845, time remaining: 1m 29s
Rendered 6505/7845, time remaining: 1m 29s
Rendered 6506/7845, time remaining: 1m 29s
Rendered 6507/7845, time remaining: 1m 29s
Rendered 6508/7845, time remaining: 1m 29s
Rendered 6509/7845, time remaining: 1m 29s
Rendered 6510/7845, time remaining: 1m 28s
Rendered 6511/7845, time remaining: 1m 28s
Rendered 6512/7845, time remaining: 1m 28s
Rendered 6513/7845, time remaining: 1m 28s
Rendered 6514/7845, time remaining: 1m 28s
Rendered 6515/7845, time remaining: 1m 28s
Rendered 6516/7845, time remaining: 1m 28s
Rendered 6517/7845, time remaining: 1m 28s
Rendered 6518/7845, time remaining: 1m 28s
Rendered 6519/7845, time remaining: 1m 28s
Rendered 6520/7845, time remaining: 1m 28s
Rendered 6521/7845, time remaining: 1m 28s
Rendered 6522/7845, time remaining: 1m 28s
Rendered 6523/7845, time remaining: 1m 28s
Rendered 6524/7845, time remaining: 1m 28s
Rendered 6525/7845, time remaining: 1m 27s
Rendered 6526/7845, time remaining: 1m 27s
Rendered 6527/7845, time remaining: 1m 27s
Rendered 6528/7845, time remaining: 1m 27s
Rendered 6529/7845, time remaining: 1m 27s
Rendered 6530/7845, time remaining: 1m 27s
Rendered 6531/7845, time remaining: 1m 27s
Rendered 6532/7845, time remaining: 1m 27s
Rendered 6533/7845, time remaining: 1m 27s
Rendered 6534/7845, time remaining: 1m 27s
Rendered 6535/7845, time remaining: 1m 27s
Rendered 6536/7845, time remaining: 1m 27s
Rendered 6537/7845, time remaining: 1m 27s
Rendered 6538/7845, time remaining: 1m 27s
Rendered 6539/7845, time remaining: 1m 27s
Rendered 6540/7845, time remaining: 1m 26s
Rendered 6541/7845, time remaining: 1m 26s
Rendered 6542/7845, time remaining: 1m 26s
Rendered 6543/7845, time remaining: 1m 26s
Rendered 6544/7845, time remaining: 1m 26s
Rendered 6545/7845, time remaining: 1m 26s
Rendered 6546/7845, time remaining: 1m 26s
Rendered 6547/7845, time remaining: 1m 26s
Rendered 6548/7845, time remaining: 1m 26s
Rendered 6549/7845, time remaining: 1m 26s
Rendered 6550/7845, time remaining: 1m 26s
Rendered 6551/7845, time remaining: 1m 26s
Rendered 6552/7845, time remaining: 1m 26s
Rendered 6553/7845, time remaining: 1m 26s
Rendered 6554/7845, time remaining: 1m 26s
Rendered 6555/7845, time remaining: 1m 25s
Rendered 6556/7845, time remaining: 1m 25s
Rendered 6557/7845, time remaining: 1m 25s
Rendered 6558/7845, time remaining: 1m 25s
Rendered 6559/7845, time remaining: 1m 25s
Rendered 6560/7845, time remaining: 1m 25s
Rendered 6561/7845, time remaining: 1m 25s
Rendered 6562/7845, time remaining: 1m 25s
Rendered 6563/7845, time remaining: 1m 25s
Rendered 6564/7845, time remaining: 1m 25s
Rendered 6565/7845, time remaining: 1m 25s
Rendered 6566/7845, time remaining: 1m 25s
Rendered 6567/7845, time remaining: 1m 25s
Rendered 6568/7845, time remaining: 1m 25s
Rendered 6569/7845, time remaining: 1m 25s
Rendered 6570/7845, time remaining: 1m 24s
Rendered 6571/7845, time remaining: 1m 24s
Rendered 6572/7845, time remaining: 1m 24s
Rendered 6573/7845, time remaining: 1m 24s
Rendered 6574/7845, time remaining: 1m 24s
Rendered 6575/7845, time remaining: 1m 24s
Rendered 6576/7845, time remaining: 1m 24s
Rendered 6577/7845, time remaining: 1m 24s
Rendered 6578/7845, time remaining: 1m 24s
Rendered 6579/7845, time remaining: 1m 24s
Rendered 6580/7845, time remaining: 1m 24s
Rendered 6581/7845, time remaining: 1m 24s
Rendered 6582/7845, time remaining: 1m 24s
Rendered 6583/7845, time remaining: 1m 24s
Rendered 6584/7845, time remaining: 1m 24s
Rendered 6585/7845, time remaining: 1m 23s
Rendered 6586/7845, time remaining: 1m 23s
Rendered 6587/7845, time remaining: 1m 23s
Rendered 6588/7845, time remaining: 1m 23s
Rendered 6589/7845, time remaining: 1m 23s
Rendered 6590/7845, time remaining: 1m 23s
Rendered 6591/7845, time remaining: 1m 23s
Rendered 6592/7845, time remaining: 1m 23s
Rendered 6593/7845, time remaining: 1m 23s
Rendered 6594/7845, time remaining: 1m 23s
Rendered 6595/7845, time remaining: 1m 23s
Rendered 6596/7845, time remaining: 1m 23s
Rendered 6597/7845, time remaining: 1m 23s
Rendered 6598/7845, time remaining: 1m 23s
Rendered 6599/7845, time remaining: 1m 23s
Rendered 6600/7845, time remaining: 1m 22s
Rendered 6601/7845, time remaining: 1m 22s
Rendered 6602/7845, time remaining: 1m 22s
Rendered 6603/7845, time remaining: 1m 22s
Rendered 6604/7845, time remaining: 1m 22s
Rendered 6605/7845, time remaining: 1m 22s
Rendered 6606/7845, time remaining: 1m 22s
Rendered 6607/7845, time remaining: 1m 22s
Rendered 6608/7845, time remaining: 1m 22s
Rendered 6609/7845, time remaining: 1m 22s
Rendered 6610/7845, time remaining: 1m 22s
Rendered 6611/7845, time remaining: 1m 22s
Rendered 6612/7845, time remaining: 1m 22s
Rendered 6613/7845, time remaining: 1m 22s
Rendered 6614/7845, time remaining: 1m 22s
Rendered 6615/7845, time remaining: 1m 21s
Rendered 6616/7845, time remaining: 1m 21s
Rendered 6617/7845, time remaining: 1m 21s
Rendered 6618/7845, time remaining: 1m 21s
Rendered 6619/7845, time remaining: 1m 21s
Rendered 6620/7845, time remaining: 1m 21s
Rendered 6621/7845, time remaining: 1m 21s
Rendered 6622/7845, time remaining: 1m 21s
Rendered 6623/7845, time remaining: 1m 21s
Rendered 6624/7845, time remaining: 1m 21s
Rendered 6625/7845, time remaining: 1m 21s
Rendered 6626/7845, time remaining: 1m 21s
Rendered 6627/7845, time remaining: 1m 21s
Rendered 6628/7845, time remaining: 1m 21s
Rendered 6629/7845, time remaining: 1m 21s
Rendered 6630/7845, time remaining: 1m 20s
Rendered 6631/7845, time remaining: 1m 20s
Rendered 6632/7845, time remaining: 1m 20s
Rendered 6633/7845, time remaining: 1m 20s
Rendered 6634/7845, time remaining: 1m 20s
Rendered 6635/7845, time remaining: 1m 20s
Rendered 6636/7845, time remaining: 1m 20s
Rendered 6637/7845, time remaining: 1m 20s
Rendered 6638/7845, time remaining: 1m 20s
Rendered 6639/7845, time remaining: 1m 20s
Rendered 6640/7845, time remaining: 1m 20s
Rendered 6641/7845, time remaining: 1m 20s
Rendered 6642/7845, time remaining: 1m 20s
Rendered 6643/7845, time remaining: 1m 20s
Rendered 6644/7845, time remaining: 1m 20s
Rendered 6645/7845, time remaining: 1m 19s
Rendered 6646/7845, time remaining: 1m 19s
Rendered 6647/7845, time remaining: 1m 19s
Rendered 6648/7845, time remaining: 1m 19s
Rendered 6649/7845, time remaining: 1m 19s
Rendered 6650/7845, time remaining: 1m 19s
Rendered 6651/7845, time remaining: 1m 19s
Rendered 6652/7845, time remaining: 1m 19s
Rendered 6653/7845, time remaining: 1m 19s
Rendered 6654/7845, time remaining: 1m 19s
Rendered 6655/7845, time remaining: 1m 19s
Rendered 6656/7845, time remaining: 1m 19s
Rendered 6657/7845, time remaining: 1m 19s
Rendered 6658/7845, time remaining: 1m 19s
Rendered 6659/7845, time remaining: 1m 19s
Rendered 6660/7845, time remaining: 1m 18s
Rendered 6661/7845, time remaining: 1m 18s
Rendered 6662/7845, time remaining: 1m 18s
Rendered 6663/7845, time remaining: 1m 18s
Rendered 6664/7845, time remaining: 1m 18s
Rendered 6665/7845, time remaining: 1m 18s
Rendered 6666/7845, time remaining: 1m 18s
Rendered 6667/7845, time remaining: 1m 18s
Rendered 6668/7845, time remaining: 1m 18s
Rendered 6669/7845, time remaining: 1m 18s
Rendered 6670/7845, time remaining: 1m 18s
Rendered 6671/7845, time remaining: 1m 18s
Rendered 6672/7845, time remaining: 1m 18s
Rendered 6673/7845, time remaining: 1m 18s
Rendered 6674/7845, time remaining: 1m 18s
Rendered 6675/7845, time remaining: 1m 17s
Rendered 6676/7845, time remaining: 1m 17s
Rendered 6677/7845, time remaining: 1m 17s
Rendered 6678/7845, time remaining: 1m 17s
Rendered 6679/7845, time remaining: 1m 17s
Rendered 6680/7845, time remaining: 1m 17s
Rendered 6681/7845, time remaining: 1m 17s
Rendered 6682/7845, time remaining: 1m 17s
Rendered 6683/7845, time remaining: 1m 17s
Rendered 6684/7845, time remaining: 1m 17s
Rendered 6685/7845, time remaining: 1m 17s
Rendered 6686/7845, time remaining: 1m 17s
Rendered 6687/7845, time remaining: 1m 17s
Rendered 6688/7845, time remaining: 1m 17s
Rendered 6689/7845, time remaining: 1m 17s
Rendered 6690/7845, time remaining: 1m 16s
Rendered 6691/7845, time remaining: 1m 16s
Rendered 6692/7845, time remaining: 1m 16s
Rendered 6693/7845, time remaining: 1m 16s
Rendered 6694/7845, time remaining: 1m 16s
Rendered 6695/7845, time remaining: 1m 16s
Rendered 6696/7845, time remaining: 1m 16s
Rendered 6697/7845, time remaining: 1m 16s
Rendered 6698/7845, time remaining: 1m 16s
Rendered 6699/7845, time remaining: 1m 16s
Rendered 6700/7845, time remaining: 1m 16s
Rendered 6701/7845, time remaining: 1m 16s
Rendered 6702/7845, time remaining: 1m 16s
Rendered 6703/7845, time remaining: 1m 16s
Rendered 6704/7845, time remaining: 1m 16s
Rendered 6705/7845, time remaining: 1m 15s
Rendered 6706/7845, time remaining: 1m 15s
Rendered 6707/7845, time remaining: 1m 15s
Rendered 6708/7845, time remaining: 1m 15s
Rendered 6709/7845, time remaining: 1m 15s
Rendered 6710/7845, time remaining: 1m 15s
Rendered 6711/7845, time remaining: 1m 15s
Rendered 6712/7845, time remaining: 1m 15s
Rendered 6713/7845, time remaining: 1m 15s
Rendered 6714/7845, time remaining: 1m 15s
Rendered 6715/7845, time remaining: 1m 15s
Rendered 6716/7845, time remaining: 1m 15s
Rendered 6717/7845, time remaining: 1m 15s
Rendered 6718/7845, time remaining: 1m 15s
Rendered 6719/7845, time remaining: 1m 15s
Rendered 6720/7845, time remaining: 1m 14s
Rendered 6721/7845, time remaining: 1m 14s
Rendered 6722/7845, time remaining: 1m 14s
Rendered 6723/7845, time remaining: 1m 14s
Rendered 6724/7845, time remaining: 1m 14s
Rendered 6725/7845, time remaining: 1m 14s
Rendered 6726/7845, time remaining: 1m 14s
Rendered 6727/7845, time remaining: 1m 14s
Rendered 6728/7845, time remaining: 1m 14s
Rendered 6729/7845, time remaining: 1m 14s
Rendered 6730/7845, time remaining: 1m 14s
Rendered 6731/7845, time remaining: 1m 14s
Rendered 6732/7845, time remaining: 1m 14s
Rendered 6733/7845, time remaining: 1m 14s
Rendered 6734/7845, time remaining: 1m 14s
Rendered 6735/7845, time remaining: 1m 13s
Rendered 6736/7845, time remaining: 1m 13s
Rendered 6737/7845, time remaining: 1m 13s
Rendered 6738/7845, time remaining: 1m 13s
Rendered 6739/7845, time remaining: 1m 13s
Rendered 6740/7845, time remaining: 1m 13s
Rendered 6741/7845, time remaining: 1m 13s
Rendered 6742/7845, time remaining: 1m 13s
Rendered 6743/7845, time remaining: 1m 13s
Rendered 6744/7845, time remaining: 1m 13s
Rendered 6745/7845, time remaining: 1m 13s
Rendered 6746/7845, time remaining: 1m 13s
Rendered 6747/7845, time remaining: 1m 13s
Rendered 6748/7845, time remaining: 1m 13s
Rendered 6749/7845, time remaining: 1m 13s
Rendered 6750/7845, time remaining: 1m 12s
Rendered 6751/7845, time remaining: 1m 12s
Rendered 6752/7845, time remaining: 1m 12s
Rendered 6753/7845, time remaining: 1m 12s
Rendered 6754/7845, time remaining: 1m 12s
Rendered 6755/7845, time remaining: 1m 12s
Rendered 6756/7845, time remaining: 1m 12s
Rendered 6757/7845, time remaining: 1m 12s
Rendered 6758/7845, time remaining: 1m 12s
Rendered 6759/7845, time remaining: 1m 12s
Rendered 6760/7845, time remaining: 1m 12s
Rendered 6761/7845, time remaining: 1m 12s
Rendered 6762/7845, time remaining: 1m 12s
Rendered 6763/7845, time remaining: 1m 12s
Rendered 6764/7845, time remaining: 1m 12s
Rendered 6765/7845, time remaining: 1m 11s
Rendered 6766/7845, time remaining: 1m 11s
Rendered 6767/7845, time remaining: 1m 11s
Rendered 6768/7845, time remaining: 1m 11s
Rendered 6769/7845, time remaining: 1m 11s
Rendered 6770/7845, time remaining: 1m 11s
Rendered 6771/7845, time remaining: 1m 11s
Rendered 6772/7845, time remaining: 1m 11s
Rendered 6773/7845, time remaining: 1m 11s
Rendered 6774/7845, time remaining: 1m 11s
Rendered 6775/7845, time remaining: 1m 11s
Rendered 6776/7845, time remaining: 1m 11s
Rendered 6777/7845, time remaining: 1m 11s
Rendered 6778/7845, time remaining: 1m 11s
Rendered 6779/7845, time remaining: 1m 11s
Rendered 6780/7845, time remaining: 1m 10s
Rendered 6781/7845, time remaining: 1m 10s
Rendered 6782/7845, time remaining: 1m 10s
Rendered 6783/7845, time remaining: 1m 10s
Rendered 6784/7845, time remaining: 1m 10s
Rendered 6785/7845, time remaining: 1m 10s
Rendered 6786/7845, time remaining: 1m 10s
Rendered 6787/7845, time remaining: 1m 10s
Rendered 6788/7845, time remaining: 1m 10s
Rendered 6789/7845, time remaining: 1m 10s
Rendered 6790/7845, time remaining: 1m 10s
Rendered 6791/7845, time remaining: 1m 10s
Rendered 6792/7845, time remaining: 1m 10s
Rendered 6793/7845, time remaining: 1m 10s
Rendered 6794/7845, time remaining: 1m 10s
Rendered 6795/7845, time remaining: 1m 9s
Rendered 6796/7845, time remaining: 1m 9s
Rendered 6797/7845, time remaining: 1m 9s
Rendered 6798/7845, time remaining: 1m 9s
Rendered 6799/7845, time remaining: 1m 9s
Rendered 6800/7845, time remaining: 1m 9s
Rendered 6801/7845, time remaining: 1m 9s
Rendered 6802/7845, time remaining: 1m 9s
Rendered 6803/7845, time remaining: 1m 9s
Rendered 6804/7845, time remaining: 1m 9s
Rendered 6805/7845, time remaining: 1m 9s
Rendered 6806/7845, time remaining: 1m 9s
Rendered 6807/7845, time remaining: 1m 9s
Rendered 6808/7845, time remaining: 1m 9s
Rendered 6809/7845, time remaining: 1m 9s
Rendered 6810/7845, time remaining: 1m 8s
Rendered 6811/7845, time remaining: 1m 8s
Rendered 6812/7845, time remaining: 1m 8s
Rendered 6813/7845, time remaining: 1m 8s
Rendered 6814/7845, time remaining: 1m 8s
Rendered 6815/7845, time remaining: 1m 8s
Rendered 6816/7845, time remaining: 1m 8s
Rendered 6817/7845, time remaining: 1m 8s
Rendered 6818/7845, time remaining: 1m 8s
Rendered 6819/7845, time remaining: 1m 8s
Rendered 6820/7845, time remaining: 1m 8s
Rendered 6821/7845, time remaining: 1m 8s
Rendered 6822/7845, time remaining: 1m 8s
Rendered 6823/7845, time remaining: 1m 8s
Rendered 6824/7845, time remaining: 1m 8s
Rendered 6825/7845, time remaining: 1m 7s
Rendered 6826/7845, time remaining: 1m 7s
Rendered 6827/7845, time remaining: 1m 7s
Rendered 6828/7845, time remaining: 1m 7s
Rendered 6829/7845, time remaining: 1m 7s
Rendered 6830/7845, time remaining: 1m 7s
Rendered 6831/7845, time remaining: 1m 7s
Rendered 6832/7845, time remaining: 1m 7s
Rendered 6833/7845, time remaining: 1m 7s
Rendered 6834/7845, time remaining: 1m 7s
Rendered 6835/7845, time remaining: 1m 7s
Rendered 6836/7845, time remaining: 1m 7s
Rendered 6837/7845, time remaining: 1m 7s
Rendered 6838/7845, time remaining: 1m 7s
Rendered 6839/7845, time remaining: 1m 7s
Rendered 6840/7845, time remaining: 1m 6s
Rendered 6841/7845, time remaining: 1m 6s
Rendered 6842/7845, time remaining: 1m 6s
Rendered 6843/7845, time remaining: 1m 6s
Rendered 6844/7845, time remaining: 1m 6s
Rendered 6845/7845, time remaining: 1m 6s
Rendered 6846/7845, time remaining: 1m 6s
Rendered 6847/7845, time remaining: 1m 6s
Rendered 6848/7845, time remaining: 1m 6s
Rendered 6849/7845, time remaining: 1m 6s
Rendered 6850/7845, time remaining: 1m 6s
Rendered 6851/7845, time remaining: 1m 6s
Rendered 6852/7845, time remaining: 1m 6s
Rendered 6853/7845, time remaining: 1m 6s
Rendered 6854/7845, time remaining: 1m 6s
Rendered 6855/7845, time remaining: 1m 5s
Rendered 6856/7845, time remaining: 1m 5s
Rendered 6857/7845, time remaining: 1m 5s
Rendered 6858/7845, time remaining: 1m 5s
Rendered 6859/7845, time remaining: 1m 5s
Rendered 6860/7845, time remaining: 1m 5s
Rendered 6861/7845, time remaining: 1m 5s
Rendered 6862/7845, time remaining: 1m 5s
Rendered 6863/7845, time remaining: 1m 5s
Rendered 6864/7845, time remaining: 1m 5s
Rendered 6865/7845, time remaining: 1m 5s
Rendered 6866/7845, time remaining: 1m 5s
Rendered 6867/7845, time remaining: 1m 5s
Rendered 6868/7845, time remaining: 1m 5s
Rendered 6869/7845, time remaining: 1m 5s
Rendered 6870/7845, time remaining: 1m 4s
Rendered 6871/7845, time remaining: 1m 4s
Rendered 6872/7845, time remaining: 1m 4s
Rendered 6873/7845, time remaining: 1m 4s
Rendered 6874/7845, time remaining: 1m 4s
Rendered 6875/7845, time remaining: 1m 4s
Rendered 6876/7845, time remaining: 1m 4s
Rendered 6877/7845, time remaining: 1m 4s
Rendered 6878/7845, time remaining: 1m 4s
Rendered 6879/7845, time remaining: 1m 4s
Rendered 6880/7845, time remaining: 1m 4s
Rendered 6881/7845, time remaining: 1m 4s
Rendered 6882/7845, time remaining: 1m 4s
Rendered 6883/7845, time remaining: 1m 4s
Rendered 6884/7845, time remaining: 1m 4s
Rendered 6885/7845, time remaining: 1m 3s
Rendered 6886/7845, time remaining: 1m 3s
Rendered 6887/7845, time remaining: 1m 3s
Rendered 6888/7845, time remaining: 1m 3s
Rendered 6889/7845, time remaining: 1m 3s
Rendered 6890/7845, time remaining: 1m 3s
Rendered 6891/7845, time remaining: 1m 3s
Rendered 6892/7845, time remaining: 1m 3s
Rendered 6893/7845, time remaining: 1m 3s
Rendered 6894/7845, time remaining: 1m 3s
Rendered 6895/7845, time remaining: 1m 3s
Rendered 6896/7845, time remaining: 1m 3s
Rendered 6897/7845, time remaining: 1m 3s
Rendered 6898/7845, time remaining: 1m 3s
Rendered 6899/7845, time remaining: 1m 3s
Rendered 6900/7845, time remaining: 1m 2s
Rendered 6901/7845, time remaining: 1m 2s
Rendered 6902/7845, time remaining: 1m 2s
Rendered 6903/7845, time remaining: 1m 2s
Rendered 6904/7845, time remaining: 1m 2s
Rendered 6905/7845, time remaining: 1m 2s
Rendered 6906/7845, time remaining: 1m 2s
Rendered 6907/7845, time remaining: 1m 2s
Rendered 6908/7845, time remaining: 1m 2s
Rendered 6909/7845, time remaining: 1m 2s
Rendered 6910/7845, time remaining: 1m 2s
Rendered 6911/7845, time remaining: 1m 2s
Rendered 6912/7845, time remaining: 1m 2s
Rendered 6913/7845, time remaining: 1m 2s
Rendered 6914/7845, time remaining: 1m 2s
Rendered 6915/7845, time remaining: 1m 1s
Rendered 6916/7845, time remaining: 1m 1s
Rendered 6917/7845, time remaining: 1m 1s
Rendered 6918/7845, time remaining: 1m 1s
Rendered 6919/7845, time remaining: 1m 1s
Rendered 6920/7845, time remaining: 1m 1s
Rendered 6921/7845, time remaining: 1m 1s
Rendered 6922/7845, time remaining: 1m 1s
Rendered 6923/7845, time remaining: 1m 1s
Rendered 6924/7845, time remaining: 1m 1s
Rendered 6925/7845, time remaining: 1m 1s
Rendered 6926/7845, time remaining: 1m 1s
Rendered 6927/7845, time remaining: 1m 1s
Rendered 6928/7845, time remaining: 1m 1s
Rendered 6929/7845, time remaining: 1m 1s
Rendered 6930/7845, time remaining: 1m 0s
Rendered 6931/7845, time remaining: 1m 0s
Rendered 6932/7845, time remaining: 1m 0s
Rendered 6933/7845, time remaining: 1m 0s
Rendered 6934/7845, time remaining: 1m 0s
Rendered 6935/7845, time remaining: 1m 0s
Rendered 6936/7845, time remaining: 1m 0s
Rendered 6937/7845, time remaining: 1m 0s
Rendered 6938/7845, time remaining: 1m 0s
Rendered 6939/7845, time remaining: 1m 0s
Rendered 6940/7845, time remaining: 1m 0s
Rendered 6941/7845, time remaining: 1m 0s
Rendered 6942/7845, time remaining: 1m 0s
Rendered 6943/7845, time remaining: 1m 0s
Rendered 6944/7845, time remaining: 1m 0s
Rendered 6945/7845, time remaining: 59s
Rendered 6946/7845, time remaining: 59s
Rendered 6947/7845, time remaining: 59s
Rendered 6948/7845, time remaining: 59s
Rendered 6949/7845, time remaining: 59s
Rendered 6950/7845, time remaining: 59s
Rendered 6951/7845, time remaining: 59s
Rendered 6952/7845, time remaining: 59s
Rendered 6953/7845, time remaining: 59s
Rendered 6954/7845, time remaining: 59s
Rendered 6955/7845, time remaining: 59s
Rendered 6956/7845, time remaining: 59s
Rendered 6957/7845, time remaining: 59s
Rendered 6958/7845, time remaining: 59s
Rendered 6959/7845, time remaining: 59s
Rendered 6960/7845, time remaining: 58s
Rendered 6961/7845, time remaining: 58s
Rendered 6962/7845, time remaining: 58s
Rendered 6963/7845, time remaining: 58s
Rendered 6964/7845, time remaining: 58s
Rendered 6965/7845, time remaining: 58s
Rendered 6966/7845, time remaining: 58s
Rendered 6967/7845, time remaining: 58s
Rendered 6968/7845, time remaining: 58s
Rendered 6969/7845, time remaining: 58s
Rendered 6970/7845, time remaining: 58s
Rendered 6971/7845, time remaining: 58s
Rendered 6972/7845, time remaining: 58s
Rendered 6973/7845, time remaining: 58s
Rendered 6974/7845, time remaining: 58s
Rendered 6975/7845, time remaining: 57s
Rendered 6976/7845, time remaining: 57s
Rendered 6977/7845, time remaining: 57s
Rendered 6978/7845, time remaining: 57s
Rendered 6979/7845, time remaining: 57s
Rendered 6980/7845, time remaining: 57s
Rendered 6981/7845, time remaining: 57s
Rendered 6982/7845, time remaining: 57s
Rendered 6983/7845, time remaining: 57s
Rendered 6984/7845, time remaining: 57s
Rendered 6985/7845, time remaining: 57s
Rendered 6986/7845, time remaining: 57s
Rendered 6987/7845, time remaining: 57s
Rendered 6988/7845, time remaining: 57s
Rendered 6989/7845, time remaining: 57s
Rendered 6990/7845, time remaining: 56s
Rendered 6991/7845, time remaining: 56s
Rendered 6992/7845, time remaining: 56s
Rendered 6993/7845, time remaining: 56s
Rendered 6994/7845, time remaining: 56s
Rendered 6995/7845, time remaining: 56s
Rendered 6996/7845, time remaining: 56s
Rendered 6997/7845, time remaining: 56s
Rendered 6998/7845, time remaining: 56s
Rendered 6999/7845, time remaining: 56s
Rendered 7000/7845, time remaining: 56s
Rendered 7001/7845, time remaining: 56s
Rendered 7002/7845, time remaining: 56s
Rendered 7003/7845, time remaining: 56s
Rendered 7004/7845, time remaining: 56s
Rendered 7005/7845, time remaining: 55s
Rendered 7006/7845, time remaining: 55s
Rendered 7007/7845, time remaining: 55s
Rendered 7008/7845, time remaining: 55s
Rendered 7009/7845, time remaining: 55s
Rendered 7010/7845, time remaining: 55s
Rendered 7011/7845, time remaining: 55s
Rendered 7012/7845, time remaining: 55s
Rendered 7013/7845, time remaining: 55s
Rendered 7014/7845, time remaining: 55s
Rendered 7015/7845, time remaining: 55s
Rendered 7016/7845, time remaining: 55s
Rendered 7017/7845, time remaining: 55s
Rendered 7018/7845, time remaining: 55s
Rendered 7019/7845, time remaining: 55s
Rendered 7020/7845, time remaining: 54s
Rendered 7021/7845, time remaining: 54s
Rendered 7022/7845, time remaining: 54s
Rendered 7023/7845, time remaining: 54s
Rendered 7024/7845, time remaining: 54s
Rendered 7025/7845, time remaining: 54s
Rendered 7026/7845, time remaining: 54s
Rendered 7027/7845, time remaining: 54s
Rendered 7028/7845, time remaining: 54s
Rendered 7029/7845, time remaining: 54s
Rendered 7030/7845, time remaining: 54s
Rendered 7031/7845, time remaining: 54s
Rendered 7032/7845, time remaining: 54s
Rendered 7033/7845, time remaining: 54s
Rendered 7034/7845, time remaining: 54s
Rendered 7035/7845, time remaining: 53s
Rendered 7036/7845, time remaining: 53s
Rendered 7037/7845, time remaining: 53s
Rendered 7038/7845, time remaining: 53s
Rendered 7039/7845, time remaining: 53s
Rendered 7040/7845, time remaining: 53s
Rendered 7041/7845, time remaining: 53s
Rendered 7042/7845, time remaining: 53s
Rendered 7043/7845, time remaining: 53s
Rendered 7044/7845, time remaining: 53s
Rendered 7045/7845, time remaining: 53s
Rendered 7046/7845, time remaining: 53s
Rendered 7047/7845, time remaining: 53s
Rendered 7048/7845, time remaining: 53s
Rendered 7049/7845, time remaining: 53s
Rendered 7050/7845, time remaining: 52s
Rendered 7051/7845, time remaining: 52s
Rendered 7052/7845, time remaining: 52s
Rendered 7053/7845, time remaining: 52s
Rendered 7054/7845, time remaining: 52s
Rendered 7055/7845, time remaining: 52s
Rendered 7056/7845, time remaining: 52s
Rendered 7057/7845, time remaining: 52s
Rendered 7058/7845, time remaining: 52s
Rendered 7059/7845, time remaining: 52s
Rendered 7060/7845, time remaining: 52s
Rendered 7061/7845, time remaining: 52s
Rendered 7062/7845, time remaining: 52s
Rendered 7063/7845, time remaining: 52s
Rendered 7064/7845, time remaining: 52s
Rendered 7065/7845, time remaining: 51s
Rendered 7066/7845, time remaining: 51s
Rendered 7067/7845, time remaining: 51s
Rendered 7068/7845, time remaining: 51s
Rendered 7069/7845, time remaining: 51s
Rendered 7070/7845, time remaining: 51s
Rendered 7071/7845, time remaining: 51s
Rendered 7072/7845, time remaining: 51s
Rendered 7073/7845, time remaining: 51s
Rendered 7074/7845, time remaining: 51s
Rendered 7075/7845, time remaining: 51s
Rendered 7076/7845, time remaining: 51s
Rendered 7077/7845, time remaining: 51s
Rendered 7078/7845, time remaining: 51s
Rendered 7079/7845, time remaining: 51s
Rendered 7080/7845, time remaining: 50s
Rendered 7081/7845, time remaining: 50s
Rendered 7082/7845, time remaining: 50s
Rendered 7083/7845, time remaining: 50s
Rendered 7084/7845, time remaining: 50s
Rendered 7085/7845, time remaining: 50s
Rendered 7086/7845, time remaining: 50s
Rendered 7087/7845, time remaining: 50s
Rendered 7088/7845, time remaining: 50s
Rendered 7089/7845, time remaining: 50s
Rendered 7090/7845, time remaining: 50s
Rendered 7091/7845, time remaining: 50s
Rendered 7092/7845, time remaining: 50s
Rendered 7093/7845, time remaining: 50s
Rendered 7094/7845, time remaining: 50s
Rendered 7095/7845, time remaining: 49s
Rendered 7096/7845, time remaining: 49s
Rendered 7097/7845, time remaining: 49s
Rendered 7098/7845, time remaining: 49s
Rendered 7099/7845, time remaining: 49s
Rendered 7100/7845, time remaining: 49s
Rendered 7101/7845, time remaining: 49s
Rendered 7102/7845, time remaining: 49s
Rendered 7103/7845, time remaining: 49s
Rendered 7104/7845, time remaining: 49s
Rendered 7105/7845, time remaining: 49s
Rendered 7106/7845, time remaining: 49s
Rendered 7107/7845, time remaining: 49s
Rendered 7108/7845, time remaining: 49s
Rendered 7109/7845, time remaining: 49s
Rendered 7110/7845, time remaining: 48s
Rendered 7111/7845, time remaining: 48s
Rendered 7112/7845, time remaining: 48s
Rendered 7113/7845, time remaining: 48s
Rendered 7114/7845, time remaining: 48s
Rendered 7115/7845, time remaining: 48s
Rendered 7116/7845, time remaining: 48s
Rendered 7117/7845, time remaining: 48s
Rendered 7118/7845, time remaining: 48s
Rendered 7119/7845, time remaining: 48s
Rendered 7120/7845, time remaining: 48s
Rendered 7121/7845, time remaining: 48s
Rendered 7122/7845, time remaining: 48s
Rendered 7123/7845, time remaining: 48s
Rendered 7124/7845, time remaining: 48s
Rendered 7125/7845, time remaining: 47s
Rendered 7126/7845, time remaining: 47s
Rendered 7127/7845, time remaining: 47s
Rendered 7128/7845, time remaining: 47s
Rendered 7129/7845, time remaining: 47s
Rendered 7130/7845, time remaining: 47s
Rendered 7131/7845, time remaining: 47s
Rendered 7132/7845, time remaining: 47s
Rendered 7133/7845, time remaining: 47s
Rendered 7134/7845, time remaining: 47s
Rendered 7135/7845, time remaining: 47s
Rendered 7136/7845, time remaining: 47s
Rendered 7137/7845, time remaining: 47s
Rendered 7138/7845, time remaining: 47s
Rendered 7139/7845, time remaining: 47s
Rendered 7140/7845, time remaining: 46s
Rendered 7141/7845, time remaining: 46s
Rendered 7142/7845, time remaining: 46s
Rendered 7143/7845, time remaining: 46s
Rendered 7144/7845, time remaining: 46s
Rendered 7145/7845, time remaining: 46s
Rendered 7146/7845, time remaining: 46s
Rendered 7147/7845, time remaining: 46s
Rendered 7148/7845, time remaining: 46s
Rendered 7149/7845, time remaining: 46s
Rendered 7150/7845, time remaining: 46s
Rendered 7151/7845, time remaining: 46s
Rendered 7152/7845, time remaining: 46s
Rendered 7153/7845, time remaining: 46s
Rendered 7154/7845, time remaining: 46s
Rendered 7155/7845, time remaining: 45s
Rendered 7156/7845, time remaining: 45s
Rendered 7157/7845, time remaining: 45s
Rendered 7158/7845, time remaining: 45s
Rendered 7159/7845, time remaining: 45s
Rendered 7160/7845, time remaining: 45s
Rendered 7161/7845, time remaining: 45s
Rendered 7162/7845, time remaining: 45s
Rendered 7163/7845, time remaining: 45s
Rendered 7164/7845, time remaining: 45s
Rendered 7165/7845, time remaining: 45s
Rendered 7166/7845, time remaining: 45s
Rendered 7167/7845, time remaining: 45s
Rendered 7168/7845, time remaining: 45s
Rendered 7169/7845, time remaining: 45s
Rendered 7170/7845, time remaining: 44s
Rendered 7171/7845, time remaining: 44s
Rendered 7172/7845, time remaining: 44s
Rendered 7173/7845, time remaining: 44s
Rendered 7174/7845, time remaining: 44s
Rendered 7175/7845, time remaining: 44s
Rendered 7176/7845, time remaining: 44s
Rendered 7177/7845, time remaining: 44s
Rendered 7178/7845, time remaining: 44s
Rendered 7179/7845, time remaining: 44s
Rendered 7180/7845, time remaining: 44s
Rendered 7181/7845, time remaining: 44s
Rendered 7182/7845, time remaining: 44s
Rendered 7183/7845, time remaining: 44s
Rendered 7184/7845, time remaining: 44s
Rendered 7185/7845, time remaining: 43s
Rendered 7186/7845, time remaining: 43s
Rendered 7187/7845, time remaining: 43s
Rendered 7188/7845, time remaining: 43s
Rendered 7189/7845, time remaining: 43s
Rendered 7190/7845, time remaining: 43s
Rendered 7191/7845, time remaining: 43s
Rendered 7192/7845, time remaining: 43s
Rendered 7193/7845, time remaining: 43s
Rendered 7194/7845, time remaining: 43s
Rendered 7195/7845, time remaining: 43s
Rendered 7196/7845, time remaining: 43s
Rendered 7197/7845, time remaining: 43s
Rendered 7198/7845, time remaining: 43s
Rendered 7199/7845, time remaining: 43s
Rendered 7200/7845, time remaining: 42s
Rendered 7201/7845, time remaining: 42s
Rendered 7202/7845, time remaining: 42s
Rendered 7203/7845, time remaining: 42s
Rendered 7204/7845, time remaining: 42s
Rendered 7205/7845, time remaining: 42s
Rendered 7206/7845, time remaining: 42s
Rendered 7207/7845, time remaining: 42s
Rendered 7208/7845, time remaining: 42s
Rendered 7209/7845, time remaining: 42s
Rendered 7210/7845, time remaining: 42s
Rendered 7211/7845, time remaining: 42s
Rendered 7212/7845, time remaining: 42s
Rendered 7213/7845, time remaining: 42s
Rendered 7214/7845, time remaining: 42s
Rendered 7215/7845, time remaining: 41s
Rendered 7216/7845, time remaining: 41s
Rendered 7217/7845, time remaining: 41s
Rendered 7218/7845, time remaining: 41s
Rendered 7219/7845, time remaining: 41s
Rendered 7220/7845, time remaining: 41s
Rendered 7221/7845, time remaining: 41s
Rendered 7222/7845, time remaining: 41s
Rendered 7223/7845, time remaining: 41s
Rendered 7224/7845, time remaining: 41s
Rendered 7225/7845, time remaining: 41s
Rendered 7226/7845, time remaining: 41s
Rendered 7227/7845, time remaining: 41s
Rendered 7228/7845, time remaining: 41s
Rendered 7229/7845, time remaining: 41s
Rendered 7230/7845, time remaining: 40s
Rendered 7231/7845, time remaining: 40s
Rendered 7232/7845, time remaining: 40s
Rendered 7233/7845, time remaining: 40s
Rendered 7234/7845, time remaining: 40s
Rendered 7235/7845, time remaining: 40s
Rendered 7236/7845, time remaining: 40s
Rendered 7237/7845, time remaining: 40s
Rendered 7238/7845, time remaining: 40s
Rendered 7239/7845, time remaining: 40s
Rendered 7240/7845, time remaining: 40s
Rendered 7241/7845, time remaining: 40s
Rendered 7242/7845, time remaining: 40s
Rendered 7243/7845, time remaining: 40s
Rendered 7244/7845, time remaining: 40s
Rendered 7245/7845, time remaining: 39s
Rendered 7246/7845, time remaining: 39s
Rendered 7247/7845, time remaining: 39s
Rendered 7248/7845, time remaining: 39s
Rendered 7249/7845, time remaining: 39s
Rendered 7250/7845, time remaining: 39s
Rendered 7251/7845, time remaining: 39s
Rendered 7252/7845, time remaining: 39s
Rendered 7253/7845, time remaining: 39s
Rendered 7254/7845, time remaining: 39s
Rendered 7255/7845, time remaining: 39s
Rendered 7256/7845, time remaining: 39s
Rendered 7257/7845, time remaining: 39s
Rendered 7258/7845, time remaining: 39s
Rendered 7259/7845, time remaining: 39s
Rendered 7260/7845, time remaining: 38s
Rendered 7261/7845, time remaining: 38s
Rendered 7262/7845, time remaining: 38s
Rendered 7263/7845, time remaining: 38s
Rendered 7264/7845, time remaining: 38s
Rendered 7265/7845, time remaining: 38s
Rendered 7266/7845, time remaining: 38s
Rendered 7267/7845, time remaining: 38s
Rendered 7268/7845, time remaining: 38s
Rendered 7269/7845, time remaining: 38s
Rendered 7270/7845, time remaining: 38s
Rendered 7271/7845, time remaining: 38s
Rendered 7272/7845, time remaining: 38s
Rendered 7273/7845, time remaining: 38s
Rendered 7274/7845, time remaining: 38s
Rendered 7275/7845, time remaining: 37s
Rendered 7276/7845, time remaining: 37s
Rendered 7277/7845, time remaining: 37s
Rendered 7278/7845, time remaining: 37s
Rendered 7279/7845, time remaining: 37s
Rendered 7280/7845, time remaining: 37s
Rendered 7281/7845, time remaining: 37s
Rendered 7282/7845, time remaining: 37s
Rendered 7283/7845, time remaining: 37s
Rendered 7284/7845, time remaining: 37s
Rendered 7285/7845, time remaining: 37s
Rendered 7286/7845, time remaining: 37s
Rendered 7287/7845, time remaining: 37s
Rendered 7288/7845, time remaining: 37s
Rendered 7289/7845, time remaining: 37s
Rendered 7290/7845, time remaining: 36s
Rendered 7291/7845, time remaining: 36s
Rendered 7292/7845, time remaining: 36s
Rendered 7293/7845, time remaining: 36s
Rendered 7294/7845, time remaining: 36s
Rendered 7295/7845, time remaining: 36s
Rendered 7296/7845, time remaining: 36s
Rendered 7297/7845, time remaining: 36s
Rendered 7298/7845, time remaining: 36s
Rendered 7299/7845, time remaining: 36s
Rendered 7300/7845, time remaining: 36s
Rendered 7301/7845, time remaining: 36s
Rendered 7302/7845, time remaining: 36s
Rendered 7303/7845, time remaining: 36s
Rendered 7304/7845, time remaining: 36s
Rendered 7305/7845, time remaining: 35s
Rendered 7306/7845, time remaining: 35s
Rendered 7307/7845, time remaining: 35s
Rendered 7308/7845, time remaining: 35s
Rendered 7309/7845, time remaining: 35s
Rendered 7310/7845, time remaining: 35s
Rendered 7311/7845, time remaining: 35s
Rendered 7312/7845, time remaining: 35s
Rendered 7313/7845, time remaining: 35s
Rendered 7314/7845, time remaining: 35s
Rendered 7315/7845, time remaining: 35s
Rendered 7316/7845, time remaining: 35s
Rendered 7317/7845, time remaining: 35s
Rendered 7318/7845, time remaining: 35s
Rendered 7319/7845, time remaining: 35s
Rendered 7320/7845, time remaining: 34s
Rendered 7321/7845, time remaining: 34s
Rendered 7322/7845, time remaining: 34s
Rendered 7323/7845, time remaining: 34s
Rendered 7324/7845, time remaining: 34s
Rendered 7325/7845, time remaining: 34s
Rendered 7326/7845, time remaining: 34s
Rendered 7327/7845, time remaining: 34s
Rendered 7328/7845, time remaining: 34s
Rendered 7329/7845, time remaining: 34s
Rendered 7330/7845, time remaining: 34s
Rendered 7331/7845, time remaining: 34s
Rendered 7332/7845, time remaining: 34s
Rendered 7333/7845, time remaining: 34s
Rendered 7334/7845, time remaining: 34s
Rendered 7335/7845, time remaining: 33s
Rendered 7336/7845, time remaining: 33s
Rendered 7337/7845, time remaining: 33s
Rendered 7338/7845, time remaining: 33s
Rendered 7339/7845, time remaining: 33s
Rendered 7340/7845, time remaining: 33s
Rendered 7341/7845, time remaining: 33s
Rendered 7342/7845, time remaining: 33s
Rendered 7343/7845, time remaining: 33s
Rendered 7344/7845, time remaining: 33s
Rendered 7345/7845, time remaining: 33s
Rendered 7346/7845, time remaining: 33s
Rendered 7347/7845, time remaining: 33s
Rendered 7348/7845, time remaining: 33s
Rendered 7349/7845, time remaining: 33s
Rendered 7350/7845, time remaining: 32s
Rendered 7351/7845, time remaining: 32s
Rendered 7352/7845, time remaining: 32s
Rendered 7353/7845, time remaining: 32s
Rendered 7354/7845, time remaining: 32s
Rendered 7355/7845, time remaining: 32s
Rendered 7356/7845, time remaining: 32s
Rendered 7357/7845, time remaining: 32s
Rendered 7358/7845, time remaining: 32s
Rendered 7359/7845, time remaining: 32s
Rendered 7360/7845, time remaining: 32s
Rendered 7361/7845, time remaining: 32s
Rendered 7362/7845, time remaining: 32s
Rendered 7363/7845, time remaining: 32s
Rendered 7364/7845, time remaining: 32s
Rendered 7365/7845, time remaining: 31s
Rendered 7366/7845, time remaining: 31s
Rendered 7367/7845, time remaining: 31s
Rendered 7368/7845, time remaining: 31s
Rendered 7369/7845, time remaining: 31s
Rendered 7370/7845, time remaining: 31s
Rendered 7371/7845, time remaining: 31s
Rendered 7372/7845, time remaining: 31s
Rendered 7373/7845, time remaining: 31s
Rendered 7374/7845, time remaining: 31s
Rendered 7375/7845, time remaining: 31s
Rendered 7376/7845, time remaining: 31s
Rendered 7377/7845, time remaining: 31s
Rendered 7378/7845, time remaining: 31s
Rendered 7379/7845, time remaining: 31s
Rendered 7380/7845, time remaining: 30s
Rendered 7381/7845, time remaining: 30s
Rendered 7382/7845, time remaining: 30s
Rendered 7383/7845, time remaining: 30s
Rendered 7384/7845, time remaining: 30s
Rendered 7385/7845, time remaining: 30s
Rendered 7386/7845, time remaining: 30s
Rendered 7387/7845, time remaining: 30s
Rendered 7388/7845, time remaining: 30s
Rendered 7389/7845, time remaining: 30s
Rendered 7390/7845, time remaining: 30s
Rendered 7391/7845, time remaining: 30s
Rendered 7392/7845, time remaining: 30s
Rendered 7393/7845, time remaining: 30s
Rendered 7394/7845, time remaining: 30s
Rendered 7395/7845, time remaining: 29s
Rendered 7396/7845, time remaining: 29s
Rendered 7397/7845, time remaining: 29s
Rendered 7398/7845, time remaining: 29s
Rendered 7399/7845, time remaining: 29s
Rendered 7400/7845, time remaining: 29s
Rendered 7401/7845, time remaining: 29s
Rendered 7402/7845, time remaining: 29s
Rendered 7403/7845, time remaining: 29s
Rendered 7404/7845, time remaining: 29s
Rendered 7405/7845, time remaining: 29s
Rendered 7406/7845, time remaining: 29s
Rendered 7407/7845, time remaining: 29s
Rendered 7408/7845, time remaining: 29s
Rendered 7409/7845, time remaining: 29s
Rendered 7410/7845, time remaining: 28s
Rendered 7411/7845, time remaining: 28s
Rendered 7412/7845, time remaining: 28s
Rendered 7413/7845, time remaining: 28s
Rendered 7414/7845, time remaining: 28s
Rendered 7415/7845, time remaining: 28s
Rendered 7416/7845, time remaining: 28s
Rendered 7417/7845, time remaining: 28s
Rendered 7418/7845, time remaining: 28s
Rendered 7419/7845, time remaining: 28s
Rendered 7420/7845, time remaining: 28s
Rendered 7421/7845, time remaining: 28s
Rendered 7422/7845, time remaining: 28s
Rendered 7423/7845, time remaining: 28s
Rendered 7424/7845, time remaining: 28s
Rendered 7425/7845, time remaining: 27s
Rendered 7426/7845, time remaining: 27s
Rendered 7427/7845, time remaining: 27s
Rendered 7428/7845, time remaining: 27s
Rendered 7429/7845, time remaining: 27s
Rendered 7430/7845, time remaining: 27s
Rendered 7431/7845, time remaining: 27s
Rendered 7432/7845, time remaining: 27s
Rendered 7433/7845, time remaining: 27s
Rendered 7434/7845, time remaining: 27s
Rendered 7435/7845, time remaining: 27s
Rendered 7436/7845, time remaining: 27s
Rendered 7437/7845, time remaining: 27s
Rendered 7438/7845, time remaining: 27s
Rendered 7439/7845, time remaining: 27s
Rendered 7440/7845, time remaining: 26s
Rendered 7441/7845, time remaining: 26s
Rendered 7442/7845, time remaining: 26s
Rendered 7443/7845, time remaining: 26s
Rendered 7444/7845, time remaining: 26s
Rendered 7445/7845, time remaining: 26s
Rendered 7446/7845, time remaining: 26s
Rendered 7447/7845, time remaining: 26s
Rendered 7448/7845, time remaining: 26s
Rendered 7449/7845, time remaining: 26s
Rendered 7450/7845, time remaining: 26s
Rendered 7451/7845, time remaining: 26s
Rendered 7452/7845, time remaining: 26s
Rendered 7453/7845, time remaining: 26s
Rendered 7454/7845, time remaining: 26s
Rendered 7455/7845, time remaining: 25s
Rendered 7456/7845, time remaining: 25s
Rendered 7457/7845, time remaining: 25s
Rendered 7458/7845, time remaining: 25s
Rendered 7459/7845, time remaining: 25s
Rendered 7460/7845, time remaining: 25s
Rendered 7461/7845, time remaining: 25s
Rendered 7462/7845, time remaining: 25s
Rendered 7463/7845, time remaining: 25s
Rendered 7464/7845, time remaining: 25s
Rendered 7465/7845, time remaining: 25s
Rendered 7466/7845, time remaining: 25s
Rendered 7467/7845, time remaining: 25s
Rendered 7468/7845, time remaining: 25s
Rendered 7469/7845, time remaining: 25s
Rendered 7470/7845, time remaining: 24s
Rendered 7471/7845, time remaining: 24s
Rendered 7472/7845, time remaining: 24s
Rendered 7473/7845, time remaining: 24s
Rendered 7474/7845, time remaining: 24s
Rendered 7475/7845, time remaining: 24s
Rendered 7476/7845, time remaining: 24s
Rendered 7477/7845, time remaining: 24s
Rendered 7478/7845, time remaining: 24s
Rendered 7479/7845, time remaining: 24s
Rendered 7480/7845, time remaining: 24s
Rendered 7481/7845, time remaining: 24s
Rendered 7482/7845, time remaining: 24s
Rendered 7483/7845, time remaining: 24s
Rendered 7484/7845, time remaining: 24s
Rendered 7485/7845, time remaining: 23s
Rendered 7486/7845, time remaining: 23s
Rendered 7487/7845, time remaining: 23s
Rendered 7488/7845, time remaining: 23s
Rendered 7489/7845, time remaining: 23s
Rendered 7490/7845, time remaining: 23s
Rendered 7491/7845, time remaining: 23s
Rendered 7492/7845, time remaining: 23s
Rendered 7493/7845, time remaining: 23s
Rendered 7494/7845, time remaining: 23s
Rendered 7495/7845, time remaining: 23s
Rendered 7496/7845, time remaining: 23s
Rendered 7497/7845, time remaining: 23s
Rendered 7498/7845, time remaining: 23s
Rendered 7499/7845, time remaining: 23s
Rendered 7500/7845, time remaining: 22s
Rendered 7501/7845, time remaining: 22s
Rendered 7502/7845, time remaining: 22s
Rendered 7503/7845, time remaining: 22s
Rendered 7504/7845, time remaining: 22s
Rendered 7505/7845, time remaining: 22s
Rendered 7506/7845, time remaining: 22s
Rendered 7507/7845, time remaining: 22s
Rendered 7508/7845, time remaining: 22s
Rendered 7509/7845, time remaining: 22s
Rendered 7510/7845, time remaining: 22s
Rendered 7511/7845, time remaining: 22s
Rendered 7512/7845, time remaining: 22s
Rendered 7513/7845, time remaining: 22s
Rendered 7514/7845, time remaining: 22s
Rendered 7515/7845, time remaining: 22s
Rendered 7516/7845, time remaining: 21s
Rendered 7517/7845, time remaining: 21s
Rendered 7518/7845, time remaining: 21s
Rendered 7519/7845, time remaining: 21s
Rendered 7520/7845, time remaining: 21s
Rendered 7521/7845, time remaining: 21s
Rendered 7522/7845, time remaining: 21s
Rendered 7523/7845, time remaining: 21s
Rendered 7524/7845, time remaining: 21s
Rendered 7525/7845, time remaining: 21s
Rendered 7526/7845, time remaining: 21s
Rendered 7527/7845, time remaining: 21s
Rendered 7528/7845, time remaining: 21s
Rendered 7529/7845, time remaining: 21s
Rendered 7530/7845, time remaining: 21s
Rendered 7531/7845, time remaining: 20s
Rendered 7532/7845, time remaining: 20s
Rendered 7533/7845, time remaining: 20s
Rendered 7534/7845, time remaining: 20s
Rendered 7535/7845, time remaining: 20s
Rendered 7536/7845, time remaining: 20s
Rendered 7537/7845, time remaining: 20s
Rendered 7538/7845, time remaining: 20s
Rendered 7539/7845, time remaining: 20s
Rendered 7540/7845, time remaining: 20s
Rendered 7541/7845, time remaining: 20s
Rendered 7542/7845, time remaining: 20s
Rendered 7543/7845, time remaining: 20s
Rendered 7544/7845, time remaining: 20s
Rendered 7545/7845, time remaining: 20s
Rendered 7546/7845, time remaining: 19s
Rendered 7547/7845, time remaining: 19s
Rendered 7548/7845, time remaining: 19s
Rendered 7549/7845, time remaining: 19s
Rendered 7550/7845, time remaining: 19s
Rendered 7551/7845, time remaining: 19s
Rendered 7552/7845, time remaining: 19s
Rendered 7553/7845, time remaining: 19s
Rendered 7554/7845, time remaining: 19s
Rendered 7555/7845, time remaining: 19s
Rendered 7556/7845, time remaining: 19s
Rendered 7557/7845, time remaining: 19s
Rendered 7558/7845, time remaining: 19s
Rendered 7559/7845, time remaining: 19s
Rendered 7560/7845, time remaining: 19s
Rendered 7561/7845, time remaining: 18s
Rendered 7562/7845, time remaining: 18s
Rendered 7563/7845, time remaining: 18s
Rendered 7564/7845, time remaining: 18s
Rendered 7565/7845, time remaining: 18s
Rendered 7566/7845, time remaining: 18s
Rendered 7567/7845, time remaining: 18s
Rendered 7568/7845, time remaining: 18s
Rendered 7569/7845, time remaining: 18s
Rendered 7570/7845, time remaining: 18s
Rendered 7571/7845, time remaining: 18s
Rendered 7572/7845, time remaining: 18s
Rendered 7573/7845, time remaining: 18s
Rendered 7574/7845, time remaining: 18s
Rendered 7575/7845, time remaining: 18s
Rendered 7576/7845, time remaining: 17s
Rendered 7577/7845, time remaining: 17s
Rendered 7578/7845, time remaining: 17s
Rendered 7579/7845, time remaining: 17s
Rendered 7580/7845, time remaining: 17s
Rendered 7581/7845, time remaining: 17s
Rendered 7582/7845, time remaining: 17s
Rendered 7583/7845, time remaining: 17s
Rendered 7584/7845, time remaining: 17s
Rendered 7585/7845, time remaining: 17s
Rendered 7586/7845, time remaining: 17s
Rendered 7587/7845, time remaining: 17s
Rendered 7588/7845, time remaining: 17s
Rendered 7589/7845, time remaining: 17s
Rendered 7590/7845, time remaining: 17s
Rendered 7591/7845, time remaining: 16s
Rendered 7592/7845, time remaining: 16s
Rendered 7593/7845, time remaining: 16s
Rendered 7594/7845, time remaining: 16s
Rendered 7595/7845, time remaining: 16s
Rendered 7596/7845, time remaining: 16s
Rendered 7597/7845, time remaining: 16s
Rendered 7598/7845, time remaining: 16s
Rendered 7599/7845, time remaining: 16s
Rendered 7600/7845, time remaining: 16s
Rendered 7601/7845, time remaining: 16s
Rendered 7602/7845, time remaining: 16s
Rendered 7603/7845, time remaining: 16s
Rendered 7604/7845, time remaining: 16s
Rendered 7605/7845, time remaining: 16s
Rendered 7606/7845, time remaining: 15s
Rendered 7607/7845, time remaining: 15s
Rendered 7608/7845, time remaining: 15s
Rendered 7609/7845, time remaining: 15s
Rendered 7610/7845, time remaining: 15s
Rendered 7611/7845, time remaining: 15s
Rendered 7612/7845, time remaining: 15s
Rendered 7613/7845, time remaining: 15s
Rendered 7614/7845, time remaining: 15s
Rendered 7615/7845, time remaining: 15s
Rendered 7616/7845, time remaining: 15s
Rendered 7617/7845, time remaining: 15s
Rendered 7618/7845, time remaining: 15s
Rendered 7619/7845, time remaining: 15s
Rendered 7620/7845, time remaining: 15s
Rendered 7621/7845, time remaining: 14s
Rendered 7622/7845, time remaining: 14s
Rendered 7623/7845, time remaining: 14s
Rendered 7624/7845, time remaining: 14s
Rendered 7625/7845, time remaining: 14s
Rendered 7626/7845, time remaining: 14s
Rendered 7627/7845, time remaining: 14s
Rendered 7628/7845, time remaining: 14s
Rendered 7629/7845, time remaining: 14s
Rendered 7630/7845, time remaining: 14s
Rendered 7631/7845, time remaining: 14s
Rendered 7632/7845, time remaining: 14s
Rendered 7633/7845, time remaining: 14s
Rendered 7634/7845, time remaining: 14s
Rendered 7635/7845, time remaining: 14s
Rendered 7636/7845, time remaining: 13s
Rendered 7637/7845, time remaining: 13s
Rendered 7638/7845, time remaining: 13s
Rendered 7639/7845, time remaining: 13s
Rendered 7640/7845, time remaining: 13s
Rendered 7641/7845, time remaining: 13s
Rendered 7642/7845, time remaining: 13s
Rendered 7643/7845, time remaining: 13s
Rendered 7644/7845, time remaining: 13s
Rendered 7645/7845, time remaining: 13s
Rendered 7646/7845, time remaining: 13s
Rendered 7647/7845, time remaining: 13s
Rendered 7648/7845, time remaining: 13s
Rendered 7649/7845, time remaining: 13s
Rendered 7650/7845, time remaining: 13s
Rendered 7651/7845, time remaining: 12s
Rendered 7652/7845, time remaining: 12s
Rendered 7653/7845, time remaining: 12s
Rendered 7654/7845, time remaining: 12s
Rendered 7655/7845, time remaining: 12s
Rendered 7656/7845, time remaining: 12s
Rendered 7657/7845, time remaining: 12s
Rendered 7658/7845, time remaining: 12s
Rendered 7659/7845, time remaining: 12s
Rendered 7660/7845, time remaining: 12s
Rendered 7661/7845, time remaining: 12s
Rendered 7662/7845, time remaining: 12s
Rendered 7663/7845, time remaining: 12s
Rendered 7664/7845, time remaining: 12s
Rendered 7665/7845, time remaining: 12s
Rendered 7666/7845, time remaining: 11s
Rendered 7667/7845, time remaining: 11s
Rendered 7668/7845, time remaining: 11s
Rendered 7669/7845, time remaining: 11s
Rendered 7670/7845, time remaining: 11s
Rendered 7671/7845, time remaining: 11s
Rendered 7672/7845, time remaining: 11s
Rendered 7673/7845, time remaining: 11s
Rendered 7674/7845, time remaining: 11s
Rendered 7675/7845, time remaining: 11s
Rendered 7676/7845, time remaining: 11s
Rendered 7677/7845, time remaining: 11s
Rendered 7678/7845, time remaining: 11s
Rendered 7679/7845, time remaining: 11s
Rendered 7680/7845, time remaining: 11s
Rendered 7681/7845, time remaining: 10s
Rendered 7682/7845, time remaining: 10s
Rendered 7683/7845, time remaining: 10s
Rendered 7684/7845, time remaining: 10s
Rendered 7685/7845, time remaining: 10s
Rendered 7686/7845, time remaining: 10s
Rendered 7687/7845, time remaining: 10s
Rendered 7688/7845, time remaining: 10s
Rendered 7689/7845, time remaining: 10s
Rendered 7690/7845, time remaining: 10s
Rendered 7691/7845, time remaining: 10s
Rendered 7692/7845, time remaining: 10s
Rendered 7693/7845, time remaining: 10s
Rendered 7694/7845, time remaining: 10s
Rendered 7695/7845, time remaining: 10s
Rendered 7696/7845, time remaining: 9s
Rendered 7697/7845, time remaining: 9s
Rendered 7698/7845, time remaining: 9s
Rendered 7699/7845, time remaining: 9s
Rendered 7700/7845, time remaining: 9s
Rendered 7701/7845, time remaining: 9s
Rendered 7702/7845, time remaining: 9s
Rendered 7703/7845, time remaining: 9s
Rendered 7704/7845, time remaining: 9s
Rendered 7705/7845, time remaining: 9s
Rendered 7706/7845, time remaining: 9s
Rendered 7707/7845, time remaining: 9s
Rendered 7708/7845, time remaining: 9s
Rendered 7709/7845, time remaining: 9s
Rendered 7710/7845, time remaining: 9s
Rendered 7711/7845, time remaining: 8s
Rendered 7712/7845, time remaining: 8s
Rendered 7713/7845, time remaining: 8s
Rendered 7714/7845, time remaining: 8s
Rendered 7715/7845, time remaining: 8s
Rendered 7716/7845, time remaining: 8s
Rendered 7717/7845, time remaining: 8s
Rendered 7718/7845, time remaining: 8s
Rendered 7719/7845, time remaining: 8s
Rendered 7720/7845, time remaining: 8s
Rendered 7721/7845, time remaining: 8s
Rendered 7722/7845, time remaining: 8s
Rendered 7723/7845, time remaining: 8s
Rendered 7724/7845, time remaining: 8s
Rendered 7725/7845, time remaining: 8s
Rendered 7726/7845, time remaining: 7s
Rendered 7727/7845, time remaining: 7s
Rendered 7728/7845, time remaining: 7s
Rendered 7729/7845, time remaining: 7s
Rendered 7730/7845, time remaining: 7s
Rendered 7731/7845, time remaining: 7s
Rendered 7732/7845, time remaining: 7s
Rendered 7733/7845, time remaining: 7s
Rendered 7734/7845, time remaining: 7s
Rendered 7735/7845, time remaining: 7s
Rendered 7736/7845, time remaining: 7s
Rendered 7737/7845, time remaining: 7s
Rendered 7738/7845, time remaining: 7s
Rendered 7739/7845, time remaining: 7s
Rendered 7740/7845, time remaining: 7s
Rendered 7741/7845, time remaining: 6s
Rendered 7742/7845, time remaining: 6s
Rendered 7743/7845, time remaining: 6s
Rendered 7744/7845, time remaining: 6s
Rendered 7745/7845, time remaining: 6s
Rendered 7746/7845, time remaining: 6s
Rendered 7747/7845, time remaining: 6s
Rendered 7748/7845, time remaining: 6s
Rendered 7749/7845, time remaining: 6s
Rendered 7750/7845, time remaining: 6s
Rendered 7751/7845, time remaining: 6s
Rendered 7752/7845, time remaining: 6s
Rendered 7753/7845, time remaining: 6s
Rendered 7754/7845, time remaining: 6s
Rendered 7755/7845, time remaining: 6s
Rendered 7756/7845, time remaining: 5s
Rendered 7757/7845, time remaining: 5s
Rendered 7758/7845, time remaining: 5s
Rendered 7759/7845, time remaining: 5s
Rendered 7760/7845, time remaining: 5s
Rendered 7761/7845, time remaining: 5s
Rendered 7762/7845, time remaining: 5s
Rendered 7763/7845, time remaining: 5s
Rendered 7764/7845, time remaining: 5s
Rendered 7765/7845, time remaining: 5s
Rendered 7766/7845, time remaining: 5s
Rendered 7767/7845, time remaining: 5s
Rendered 7768/7845, time remaining: 5s
Rendered 7769/7845, time remaining: 5s
Rendered 7770/7845, time remaining: 5s
Rendered 7771/7845, time remaining: 4s
Rendered 7772/7845, time remaining: 4s
Rendered 7773/7845, time remaining: 4s
Rendered 7774/7845, time remaining: 4s
Rendered 7775/7845, time remaining: 4s
Rendered 7776/7845, time remaining: 4s
Rendered 7777/7845, time remaining: 4s
Rendered 7778/7845, time remaining: 4s
Rendered 7779/7845, time remaining: 4s
Rendered 7780/7845, time remaining: 4s
Rendered 7781/7845, time remaining: 4s
Rendered 7782/7845, time remaining: 4s
Rendered 7783/7845, time remaining: 4s
Rendered 7784/7845, time remaining: 4s
Rendered 7785/7845, time remaining: 4s
Rendered 7786/7845, time remaining: 3s
Rendered 7787/7845, time remaining: 3s
Rendered 7788/7845, time remaining: 3s
Rendered 7789/7845, time remaining: 3s
Rendered 7790/7845, time remaining: 3s
Rendered 7791/7845, time remaining: 3s
Rendered 7792/7845, time remaining: 3s
Rendered 7793/7845, time remaining: 3s
Rendered 7794/7845, time remaining: 3s
Rendered 7795/7845, time remaining: 3s
Rendered 7796/7845, time remaining: 3s
Rendered 7797/7845, time remaining: 3s
Rendered 7798/7845, time remaining: 3s
Rendered 7799/7845, time remaining: 3s
Rendered 7800/7845, time remaining: 3s
Rendered 7801/7845, time remaining: 2s
Rendered 7802/7845, time remaining: 2s
Rendered 7803/7845, time remaining: 2s
Rendered 7804/7845, time remaining: 2s
Rendered 7805/7845, time remaining: 2s
Rendered 7806/7845, time remaining: 2s
Rendered 7807/7845, time remaining: 2s
Rendered 7808/7845, time remaining: 2s
Rendered 7809/7845, time remaining: 2s
Rendered 7810/7845, time remaining: 2s
Rendered 7811/7845, time remaining: 2s
Rendered 7812/7845, time remaining: 2s
Rendered 7813/7845, time remaining: 2s
Rendered 7814/7845, time remaining: 2s
Rendered 7815/7845, time remaining: 2s
Rendered 7816/7845, time remaining: 1s
Rendered 7817/7845, time remaining: 1s
Rendered 7818/7845, time remaining: 1s
Rendered 7819/7845, time remaining: 1s
Rendered 7820/7845, time remaining: 1s
Rendered 7821/7845, time remaining: 1s
Rendered 7822/7845, time remaining: 1s
Rendered 7823/7845, time remaining: 1s
Rendered 7824/7845, time remaining: 1s
Rendered 7825/7845, time remaining: 1s
Rendered 7826/7845, time remaining: 1s
Rendered 7827/7845, time remaining: 1s
Rendered 7828/7845, time remaining: 1s
Rendered 7829/7845, time remaining: 1s
Rendered 7830/7845, time remaining: 1s
Rendered 7831/7845, time remaining: 0s
Rendered 7832/7845, time remaining: 0s
Rendered 7833/7845, time remaining: 0s
Rendered 7834/7845, time remaining: 0s
Rendered 7835/7845, time remaining: 0s
Rendered 7836/7845, time remaining: 0s
Rendered 7837/7845, time remaining: 0s
Rendered 7838/7845, time remaining: 0s
Rendered 7839/7845, time remaining: 0s
Rendered 7840/7845, time remaining: 0s
Rendered 7841/7845, time remaining: 0s
Rendered 7842/7845, time remaining: 0s
Rendered 7843/7845, time remaining: 0s
Rendered 7844/7845, time remaining: 0s
Rendered 7845/7845
Stitched 175/7845
Stitched 414/7845
Stitched 613/7845
Stitched 886/7845
Stitched 1192/7845
Stitched 1410/7845
Stitched 1637/7845
Stitched 1938/7845
Stitched 2282/7845
Stitched 2626/7845
Stitched 2897/7845
Stitched 3181/7845
Stitched 3503/7845
Stitched 3805/7845
Stitched 4123/7845
Stitched 4421/7845
Stitched 4739/7845
Stitched 5053/7845
Stitched 5369/7845
Stitched 5687/7845
Stitched 5997/7845
Stitched 6319/7845
Stitched 6606/7845
Stitched 6952/7845
Stitched 7282/7845
Stitched 7599/7845
Stitched 7845/7845
+                    ../out_icons.mp4 9.6 MB
