Bundling 6%
Bundling 16%
Bundling 58%
Bundling 64%
Bundling 70%
Bundling 75%
Bundling 80%
Bundling 85%
Bundling 91%
Bundling 98%
Bundling 100%
Copying public dir 14.7 MB
Copying public dir 25.2 MB
Copying public dir 36.7 MB
Getting compositions
Getting compositions
Composition          film
Codec                h264
Output               ../out_animated.mp4
Concurrency          7x
Rendered 0/16242
Rendered 1/16242, time remaining: 13m 53s
Rendered 2/16242, time remaining: 14m 34s
Rendered 3/16242, time remaining: 15m 14s
Rendered 4/16242, time remaining: 15m 58s
Rendered 5/16242, time remaining: 16m 42s
Rendered 6/16242, time remaining: 17m 28s
Rendered 7/16242, time remaining: 18m 24s
Rendered 8/16242, time remaining: 18m 37s
Rendered 9/16242, time remaining: 18m 52s
Rendered 10/16242, time remaining: 18m 19s
Rendered 11/16242, time remaining: 18m 33s
Rendered 12/16242, time remaining: 18m 43s
Rendered 13/16242, time remaining: 18m 50s
Rendered 14/16242, time remaining: 19m 29s
Rendered 15/16242, time remaining: 19m 15s
Rendered 16/16242, time remaining: 19m 15s
Rendered 17/16242, time remaining: 18m 59s
Rendered 18/16242, time remaining: 19m 0s
Rendered 19/16242, time remaining: 19m 4s
Rendered 20/16242, time remaining: 19m 4s
Rendered 21/16242, time remaining: 19m 2s
Rendered 22/16242, time remaining: 18m 55s
Rendered 23/16242, time remaining: 18m 56s
Rendered 24/16242, time remaining: 18m 54s
Rendered 25/16242, time remaining: 18m 51s
Rendered 26/16242, time remaining: 18m 41s
Rendered 27/16242, time remaining: 18m 38s
Rendered 28/16242, time remaining: 18m 44s
Rendered 29/16242, time remaining: 18m 39s
Rendered 30/16242, time remaining: 18m 41s
Rendered 31/16242, time remaining: 18m 29s
Rendered 32/16242, time remaining: 18m 30s
Rendered 33/16242, time remaining: 18m 31s
Rendered 34/16242, time remaining: 18m 31s
Rendered 35/16242, time remaining: 18m 29s
Rendered 36/16242, time remaining: 18m 26s
Rendered 37/16242, time remaining: 18m 24s
Rendered 38/16242, time remaining: 18m 21s
Rendered 39/16242, time remaining: 18m 28s
Rendered 40/16242, time remaining: 18m 28s
Rendered 41/16242, time remaining: 18m 25s
Rendered 42/16242, time remaining: 18m 31s
Rendered 43/16242, time remaining: 18m 26s
Rendered 44/16242, time remaining: 18m 25s
Rendered 45/16242, time remaining: 18m 22s
Rendered 46/16242, time remaining: 18m 27s
Rendered 47/16242, time remaining: 18m 21s
Rendered 48/16242, time remaining: 18m 22s
Rendered 49/16242, time remaining: 18m 24s
Rendered 50/16242, time remaining: 18m 18s
Rendered 51/16242, time remaining: 18m 17s
Rendered 52/16242, time remaining: 18m 17s
Rendered 53/16242, time remaining: 18m 21s
Rendered 54/16242, time remaining: 18m 17s
Rendered 55/16242, time remaining: 18m 17s
Rendered 56/16242, time remaining: 18m 20s
Rendered 57/16242, time remaining: 18m 18s
Rendered 58/16242, time remaining: 18m 14s
Rendered 59/16242, time remaining: 18m 17s
Rendered 60/16242, time remaining: 18m 19s
Rendered 61/16242, time remaining: 18m 17s
Rendered 62/16242, time remaining: 18m 19s
Rendered 63/16242, time remaining: 18m 19s
Rendered 64/16242, time remaining: 18m 19s
Rendered 65/16242, time remaining: 18m 17s
Rendered 66/16242, time remaining: 18m 18s
Rendered 67/16242, time remaining: 18m 13s
Rendered 68/16242, time remaining: 18m 11s
Rendered 69/16242, time remaining: 18m 11s
Rendered 70/16242, time remaining: 18m 16s
Rendered 71/16242, time remaining: 18m 15s
Rendered 72/16242, time remaining: 18m 16s
Rendered 73/16242, time remaining: 18m 15s
Rendered 74/16242, time remaining: 18m 15s
Rendered 75/16242, time remaining: 18m 15s
Rendered 76/16242, time remaining: 18m 15s
Rendered 77/16242, time remaining: 18m 15s
Rendered 78/16242, time remaining: 18m 14s
Rendered 79/16242, time remaining: 18m 14s
Rendered 80/16242, time remaining: 18m 13s
Rendered 81/16242, time remaining: 18m 9s
Rendered 82/16242, time remaining: 18m 9s
Rendered 83/16242, time remaining: 18m 10s
Rendered 84/16242, time remaining: 18m 11s
Rendered 85/16242, time remaining: 18m 10s
Rendered 86/16242, time remaining: 18m 11s
Rendered 87/16242, time remaining: 18m 11s
Rendered 88/16242, time remaining: 18m 11s
Rendered 89/16242, time remaining: 18m 10s
Rendered 90/16242, time remaining: 18m 10s
Rendered 91/16242, time remaining: 18m 10s
Rendered 92/16242, time remaining: 18m 9s
Rendered 93/16242, time remaining: 18m 9s
Rendered 94/16242, time remaining: 18m 9s
Rendered 95/16242, time remaining: 18m 7s
Rendered 96/16242, time remaining: 18m 7s
Rendered 97/16242, time remaining: 18m 8s
Rendered 98/16242, time remaining: 18m 8s
Rendered 99/16242, time remaining: 18m 8s
Rendered 100/16242, time remaining: 18m 7s
Rendered 101/16242, time remaining: 18m 7s
Rendered 102/16242, time remaining: 18m 6s
Rendered 103/16242, time remaining: 18m 7s
Rendered 104/16242, time remaining: 18m 6s
Rendered 105/16242, time remaining: 18m 6s
Rendered 106/16242, time remaining: 18m 5s
Rendered 107/16242, time remaining: 18m 4s
Rendered 108/16242, time remaining: 18m 6s
Rendered 109/16242, time remaining: 18m 6s
Rendered 110/16242, time remaining: 18m 5s
Rendered 111/16242, time remaining: 18m 4s
Rendered 112/16242, time remaining: 18m 5s
Rendered 113/16242, time remaining: 18m 4s
Rendered 114/16242, time remaining: 18m 5s
Rendered 115/16242, time remaining: 18m 5s
Rendered 116/16242, time remaining: 18m 4s
Rendered 117/16242, time remaining: 18m 2s
Rendered 118/16242, time remaining: 18m 4s
Rendered 119/16242, time remaining: 18m 5s
Rendered 120/16242, time remaining: 18m 5s
Rendered 121/16242, time remaining: 18m 3s
Rendered 122/16242, time remaining: 18m 4s
Rendered 123/16242, time remaining: 18m 1s
Rendered 124/16242, time remaining: 18m 2s
Rendered 125/16242, time remaining: 18m 2s
Rendered 126/16242, time remaining: 18m 3s
Rendered 127/16242, time remaining: 18m 1s
Rendered 128/16242, time remaining: 18m 1s
Rendered 129/16242, time remaining: 18m 3s
Rendered 130/16242, time remaining: 18m 0s
Rendered 131/16242, time remaining: 17m 59s
Rendered 132/16242, time remaining: 18m 0s
Rendered 133/16242, time remaining: 18m 2s
Rendered 134/16242, time remaining: 18m 2s
Rendered 135/16242, time remaining: 18m 1s
Rendered 136/16242, time remaining: 18m 1s
Rendered 137/16242, time remaining: 18m 1s
Rendered 138/16242, time remaining: 18m 1s
Rendered 139/16242, time remaining: 18m 0s
Rendered 140/16242, time remaining: 18m 1s
Rendered 141/16242, time remaining: 18m 0s
Rendered 142/16242, time remaining: 17m 59s
Rendered 143/16242, time remaining: 18m 0s
Rendered 144/16242, time remaining: 18m 0s
Rendered 145/16242, time remaining: 18m 0s
Rendered 146/16242, time remaining: 18m 0s
Rendered 147/16242, time remaining: 18m 0s
Rendered 148/16242, time remaining: 17m 58s
Rendered 149/16242, time remaining: 17m 58s
Rendered 150/16242, time remaining: 17m 59s
Rendered 151/16242, time remaining: 17m 59s
Rendered 152/16242, time remaining: 17m 59s
Rendered 153/16242, time remaining: 17m 59s
Rendered 154/16242, time remaining: 17m 59s
Rendered 155/16242, time remaining: 17m 59s
Rendered 156/16242, time remaining: 17m 59s
Rendered 157/16242, time remaining: 17m 59s
Rendered 158/16242, time remaining: 17m 58s
Rendered 159/16242, time remaining: 17m 58s
Rendered 160/16242, time remaining: 17m 58s
Rendered 161/16242, time remaining: 17m 58s
Rendered 162/16242, time remaining: 17m 58s
Rendered 163/16242, time remaining: 17m 58s
Rendered 164/16242, time remaining: 17m 56s
Rendered 165/16242, time remaining: 17m 56s
Rendered 166/16242, time remaining: 17m 57s
Rendered 167/16242, time remaining: 17m 57s
Rendered 168/16242, time remaining: 17m 57s
Rendered 169/16242, time remaining: 17m 55s
Rendered 170/16242, time remaining: 17m 54s
Rendered 171/16242, time remaining: 17m 54s
Rendered 172/16242, time remaining: 17m 55s
Rendered 173/16242, time remaining: 17m 57s
Rendered 174/16242, time remaining: 17m 57s
Rendered 175/16242, time remaining: 17m 56s
Rendered 176/16242, time remaining: 17m 55s
Rendered 177/16242, time remaining: 17m 54s
Rendered 178/16242, time remaining: 17m 55s
Rendered 179/16242, time remaining: 17m 54s
Rendered 180/16242, time remaining: 17m 56s
Rendered 181/16242, time remaining: 17m 55s
Rendered 182/16242, time remaining: 17m 55s
Rendered 183/16242, time remaining: 17m 53s
Rendered 184/16242, time remaining: 17m 53s
Rendered 185/16242, time remaining: 17m 54s
Rendered 186/16242, time remaining: 17m 54s
Rendered 187/16242, time remaining: 17m 55s
Rendered 188/16242, time remaining: 17m 54s
Rendered 189/16242, time remaining: 17m 55s
Rendered 190/16242, time remaining: 17m 53s
Rendered 191/16242, time remaining: 17m 53s
Rendered 192/16242, time remaining: 17m 52s
Rendered 193/16242, time remaining: 17m 52s
Rendered 194/16242, time remaining: 17m 54s
Rendered 195/16242, time remaining: 17m 54s
Rendered 196/16242, time remaining: 17m 54s
Rendered 197/16242, time remaining: 17m 54s
Rendered 198/16242, time remaining: 17m 53s
Rendered 199/16242, time remaining: 17m 54s
Rendered 200/16242, time remaining: 17m 53s
Rendered 201/16242, time remaining: 17m 54s
Rendered 202/16242, time remaining: 17m 54s
Rendered 203/16242, time remaining: 17m 53s
Rendered 204/16242, time remaining: 17m 53s
Rendered 205/16242, time remaining: 17m 53s
Rendered 206/16242, time remaining: 17m 53s
Rendered 207/16242, time remaining: 17m 53s
Rendered 208/16242, time remaining: 17m 53s
Rendered 209/16242, time remaining: 17m 52s
Rendered 210/16242, time remaining: 17m 52s
Rendered 211/16242, time remaining: 17m 52s
Rendered 212/16242, time remaining: 17m 51s
Rendered 213/16242, time remaining: 17m 50s
Rendered 214/16242, time remaining: 17m 50s
Rendered 215/16242, time remaining: 17m 51s
Rendered 216/16242, time remaining: 17m 52s
Rendered 217/16242, time remaining: 17m 53s
Rendered 218/16242, time remaining: 17m 52s
Rendered 219/16242, time remaining: 17m 52s
Rendered 220/16242, time remaining: 17m 52s
Rendered 221/16242, time remaining: 17m 52s
Rendered 222/16242, time remaining: 17m 52s
Rendered 223/16242, time remaining: 17m 51s
Rendered 224/16242, time remaining: 17m 52s
Rendered 225/16242, time remaining: 17m 50s
Rendered 226/16242, time remaining: 17m 50s
Rendered 227/16242, time remaining: 17m 51s
Rendered 228/16242, time remaining: 17m 50s
Rendered 229/16242, time remaining: 17m 51s
Rendered 230/16242, time remaining: 17m 51s
Rendered 231/16242, time remaining: 17m 51s
Rendered 232/16242, time remaining: 17m 50s
Rendered 233/16242, time remaining: 17m 50s
Rendered 234/16242, time remaining: 17m 50s
Rendered 235/16242, time remaining: 17m 51s
Rendered 236/16242, time remaining: 17m 51s
Rendered 237/16242, time remaining: 17m 51s
Rendered 238/16242, time remaining: 17m 51s
Rendered 239/16242, time remaining: 17m 51s
Rendered 240/16242, time remaining: 17m 51s
Rendered 241/16242, time remaining: 17m 51s
Rendered 242/16242, time remaining: 17m 51s
Rendered 243/16242, time remaining: 17m 50s
Rendered 244/16242, time remaining: 17m 50s
Rendered 245/16242, time remaining: 17m 51s
Rendered 246/16242, time remaining: 17m 50s
Rendered 247/16242, time remaining: 17m 50s
Rendered 248/16242, time remaining: 17m 50s
Rendered 249/16242, time remaining: 17m 51s
Rendered 250/16242, time remaining: 17m 49s
Rendered 251/16242, time remaining: 17m 49s
Rendered 252/16242, time remaining: 17m 49s
Rendered 253/16242, time remaining: 17m 49s
Rendered 254/16242, time remaining: 17m 49s
Rendered 255/16242, time remaining: 17m 49s
Rendered 256/16242, time remaining: 17m 49s
Rendered 257/16242, time remaining: 17m 49s
Rendered 258/16242, time remaining: 17m 49s
Rendered 259/16242, time remaining: 17m 49s
Rendered 260/16242, time remaining: 17m 49s
Rendered 261/16242, time remaining: 17m 49s
Rendered 262/16242, time remaining: 17m 49s
Rendered 263/16242, time remaining: 17m 48s
Rendered 264/16242, time remaining: 17m 48s
Rendered 265/16242, time remaining: 17m 48s
Rendered 266/16242, time remaining: 17m 50s
Rendered 267/16242, time remaining: 17m 49s
Rendered 268/16242, time remaining: 17m 49s
Rendered 269/16242, time remaining: 17m 49s
Rendered 270/16242, time remaining: 17m 48s
Rendered 271/16242, time remaining: 17m 48s
Rendered 272/16242, time remaining: 17m 47s
Rendered 273/16242, time remaining: 17m 48s
Rendered 274/16242, time remaining: 17m 48s
Rendered 275/16242, time remaining: 17m 48s
Rendered 276/16242, time remaining: 17m 48s
Rendered 277/16242, time remaining: 17m 48s
Rendered 278/16242, time remaining: 17m 48s
Rendered 279/16242, time remaining: 17m 48s
Rendered 280/16242, time remaining: 17m 47s
Rendered 281/16242, time remaining: 17m 47s
Rendered 282/16242, time remaining: 17m 47s
Rendered 283/16242, time remaining: 17m 47s
Rendered 284/16242, time remaining: 17m 46s
Rendered 285/16242, time remaining: 17m 46s
Rendered 286/16242, time remaining: 17m 46s
Rendered 287/16242, time remaining: 17m 46s
Rendered 288/16242, time remaining: 17m 46s
Rendered 289/16242, time remaining: 17m 46s
Rendered 290/16242, time remaining: 17m 46s
Rendered 291/16242, time remaining: 17m 45s
Rendered 292/16242, time remaining: 17m 45s
Rendered 293/16242, time remaining: 17m 45s
Rendered 294/16242, time remaining: 17m 45s
Rendered 295/16242, time remaining: 17m 45s
Rendered 296/16242, time remaining: 17m 45s
Rendered 297/16242, time remaining: 17m 45s
Rendered 298/16242, time remaining: 17m 45s
Rendered 299/16242, time remaining: 17m 45s
Rendered 300/16242, time remaining: 17m 45s
Rendered 301/16242, time remaining: 17m 45s
Rendered 302/16242, time remaining: 17m 45s
Rendered 303/16242, time remaining: 17m 45s
Rendered 304/16242, time remaining: 17m 45s
Rendered 305/16242, time remaining: 17m 45s
Rendered 306/16242, time remaining: 17m 44s
Rendered 307/16242, time remaining: 17m 44s
Rendered 308/16242, time remaining: 17m 44s
Rendered 309/16242, time remaining: 17m 44s
Rendered 310/16242, time remaining: 17m 44s
Rendered 311/16242, time remaining: 17m 44s
Rendered 312/16242, time remaining: 17m 43s
Rendered 313/16242, time remaining: 17m 43s
Rendered 314/16242, time remaining: 17m 43s
Rendered 315/16242, time remaining: 17m 44s
Rendered 316/16242, time remaining: 17m 44s
Rendered 317/16242, time remaining: 17m 44s
Rendered 318/16242, time remaining: 17m 44s
Rendered 319/16242, time remaining: 17m 43s
Rendered 320/16242, time remaining: 17m 44s
Rendered 321/16242, time remaining: 17m 44s
Rendered 322/16242, time remaining: 17m 44s
Rendered 323/16242, time remaining: 17m 43s
Rendered 324/16242, time remaining: 17m 43s
Rendered 325/16242, time remaining: 17m 43s
Rendered 326/16242, time remaining: 17m 43s
Rendered 327/16242, time remaining: 17m 42s
Rendered 328/16242, time remaining: 17m 42s
Rendered 329/16242, time remaining: 17m 43s
Rendered 330/16242, time remaining: 17m 43s
Rendered 331/16242, time remaining: 17m 43s
Rendered 332/16242, time remaining: 17m 43s
Rendered 333/16242, time remaining: 17m 42s
Rendered 334/16242, time remaining: 17m 42s
Rendered 335/16242, time remaining: 17m 41s
Rendered 336/16242, time remaining: 17m 42s
Rendered 337/16242, time remaining: 17m 42s
Rendered 338/16242, time remaining: 17m 42s
Rendered 339/16242, time remaining: 17m 42s
Rendered 340/16242, time remaining: 17m 42s
Rendered 341/16242, time remaining: 17m 42s
Rendered 342/16242, time remaining: 17m 42s
Rendered 343/16242, time remaining: 17m 42s
Rendered 344/16242, time remaining: 17m 42s
Rendered 345/16242, time remaining: 17m 42s
Rendered 346/16242, time remaining: 17m 41s
Rendered 347/16242, time remaining: 17m 41s
Rendered 348/16242, time remaining: 17m 41s
Rendered 349/16242, time remaining: 17m 40s
Rendered 350/16242, time remaining: 17m 41s
Rendered 351/16242, time remaining: 17m 41s
Rendered 352/16242, time remaining: 17m 41s
Rendered 353/16242, time remaining: 17m 41s
Rendered 354/16242, time remaining: 17m 41s
Rendered 355/16242, time remaining: 17m 41s
Rendered 356/16242, time remaining: 17m 41s
Rendered 357/16242, time remaining: 17m 41s
Rendered 358/16242, time remaining: 17m 41s
Rendered 359/16242, time remaining: 17m 41s
Rendered 360/16242, time remaining: 17m 41s
Rendered 361/16242, time remaining: 17m 40s
Rendered 362/16242, time remaining: 17m 40s
Rendered 363/16242, time remaining: 17m 40s
Rendered 364/16242, time remaining: 17m 40s
Rendered 365/16242, time remaining: 17m 40s
Rendered 366/16242, time remaining: 17m 40s
Rendered 367/16242, time remaining: 17m 40s
Rendered 368/16242, time remaining: 17m 40s
Rendered 369/16242, time remaining: 17m 39s
Rendered 370/16242, time remaining: 17m 39s
Rendered 371/16242, time remaining: 17m 39s
Rendered 372/16242, time remaining: 17m 39s
Rendered 373/16242, time remaining: 17m 39s
Rendered 374/16242, time remaining: 17m 39s
Rendered 375/16242, time remaining: 17m 39s
Rendered 376/16242, time remaining: 17m 39s
Rendered 377/16242, time remaining: 17m 39s
Rendered 378/16242, time remaining: 17m 39s
Rendered 379/16242, time remaining: 17m 39s
Rendered 380/16242, time remaining: 17m 39s
Rendered 381/16242, time remaining: 17m 38s
Rendered 382/16242, time remaining: 17m 39s
Rendered 383/16242, time remaining: 17m 38s
Rendered 384/16242, time remaining: 17m 39s
Rendered 385/16242, time remaining: 17m 39s
Rendered 386/16242, time remaining: 17m 38s
Rendered 387/16242, time remaining: 17m 38s
Rendered 388/16242, time remaining: 17m 37s
Rendered 389/16242, time remaining: 17m 37s
Rendered 390/16242, time remaining: 17m 37s
Rendered 391/16242, time remaining: 17m 38s
Rendered 392/16242, time remaining: 17m 38s
Rendered 393/16242, time remaining: 17m 38s
Rendered 394/16242, time remaining: 17m 37s
Rendered 395/16242, time remaining: 17m 37s
Rendered 396/16242, time remaining: 17m 36s
Rendered 397/16242, time remaining: 17m 36s
Rendered 398/16242, time remaining: 17m 36s
Rendered 399/16242, time remaining: 17m 37s
Rendered 400/16242, time remaining: 17m 37s
Rendered 401/16242, time remaining: 17m 37s
Rendered 402/16242, time remaining: 17m 36s
Rendered 403/16242, time remaining: 17m 37s
Rendered 404/16242, time remaining: 17m 36s
Rendered 405/16242, time remaining: 17m 37s
Rendered 406/16242, time remaining: 17m 37s
Rendered 407/16242, time remaining: 17m 37s
Rendered 408/16242, time remaining: 17m 37s
Rendered 409/16242, time remaining: 17m 37s
Rendered 410/16242, time remaining: 17m 36s
Rendered 411/16242, time remaining: 17m 36s
Rendered 412/16242, time remaining: 17m 36s
Rendered 413/16242, time remaining: 17m 36s
Rendered 414/16242, time remaining: 17m 36s
Rendered 415/16242, time remaining: 17m 36s
Rendered 416/16242, time remaining: 17m 35s
Rendered 417/16242, time remaining: 17m 35s
Rendered 418/16242, time remaining: 17m 35s
Rendered 419/16242, time remaining: 17m 35s
Rendered 420/16242, time remaining: 17m 35s
Rendered 421/16242, time remaining: 17m 35s
Rendered 422/16242, time remaining: 17m 35s
Rendered 423/16242, time remaining: 17m 35s
Rendered 424/16242, time remaining: 17m 35s
Rendered 425/16242, time remaining: 17m 35s
Rendered 426/16242, time remaining: 17m 34s
Rendered 427/16242, time remaining: 17m 34s
Rendered 428/16242, time remaining: 17m 34s
Rendered 429/16242, time remaining: 17m 34s
Rendered 430/16242, time remaining: 17m 33s
Rendered 431/16242, time remaining: 17m 34s
Rendered 432/16242, time remaining: 17m 33s
Rendered 433/16242, time remaining: 17m 34s
Rendered 434/16242, time remaining: 17m 33s
Rendered 435/16242, time remaining: 17m 33s
Rendered 436/16242, time remaining: 17m 33s
Rendered 437/16242, time remaining: 17m 33s
Rendered 438/16242, time remaining: 17m 33s
Rendered 439/16242, time remaining: 17m 33s
Rendered 440/16242, time remaining: 17m 33s
Rendered 441/16242, time remaining: 17m 33s
Rendered 442/16242, time remaining: 17m 33s
Rendered 443/16242, time remaining: 17m 33s
Rendered 444/16242, time remaining: 17m 33s
Rendered 445/16242, time remaining: 17m 33s
Rendered 446/16242, time remaining: 17m 33s
Rendered 447/16242, time remaining: 17m 32s
Rendered 448/16242, time remaining: 17m 32s
Rendered 449/16242, time remaining: 17m 32s
Rendered 450/16242, time remaining: 17m 32s
Rendered 451/16242, time remaining: 17m 32s
Rendered 452/16242, time remaining: 17m 32s
Rendered 453/16242, time remaining: 17m 31s
Rendered 454/16242, time remaining: 17m 31s
Rendered 455/16242, time remaining: 17m 32s
Rendered 456/16242, time remaining: 17m 31s
Rendered 457/16242, time remaining: 17m 32s
Rendered 458/16242, time remaining: 17m 32s
Rendered 459/16242, time remaining: 17m 32s
Rendered 460/16242, time remaining: 17m 32s
Rendered 461/16242, time remaining: 17m 31s
Rendered 462/16242, time remaining: 17m 31s
Rendered 463/16242, time remaining: 17m 31s
Rendered 464/16242, time remaining: 17m 31s
Rendered 465/16242, time remaining: 17m 31s
Rendered 466/16242, time remaining: 17m 31s
Rendered 467/16242, time remaining: 17m 30s
Rendered 468/16242, time remaining: 17m 30s
Rendered 469/16242, time remaining: 17m 30s
Rendered 470/16242, time remaining: 17m 30s
Rendered 471/16242, time remaining: 17m 31s
Rendered 472/16242, time remaining: 17m 30s
Rendered 473/16242, time remaining: 17m 31s
Rendered 474/16242, time remaining: 17m 31s
Rendered 475/16242, time remaining: 17m 31s
Rendered 476/16242, time remaining: 17m 31s
Rendered 477/16242, time remaining: 17m 31s
Rendered 478/16242, time remaining: 17m 31s
Rendered 479/16242, time remaining: 17m 30s
Rendered 480/16242, time remaining: 17m 30s
Rendered 481/16242, time remaining: 17m 30s
Rendered 482/16242, time remaining: 17m 30s
Rendered 483/16242, time remaining: 17m 30s
Rendered 484/16242, time remaining: 17m 30s
Rendered 485/16242, time remaining: 17m 29s
Rendered 486/16242, time remaining: 17m 29s
Rendered 487/16242, time remaining: 17m 30s
Rendered 488/16242, time remaining: 17m 30s
Rendered 489/16242, time remaining: 17m 29s
Rendered 490/16242, time remaining: 17m 30s
Rendered 491/16242, time remaining: 17m 30s
Rendered 492/16242, time remaining: 17m 29s
Rendered 493/16242, time remaining: 17m 29s
Rendered 494/16242, time remaining: 17m 30s
Rendered 495/16242, time remaining: 17m 29s
Rendered 496/16242, time remaining: 17m 29s
Rendered 497/16242, time remaining: 17m 30s
Rendered 498/16242, time remaining: 17m 29s
Rendered 499/16242, time remaining: 17m 29s
Rendered 500/16242, time remaining: 17m 30s
Rendered 501/16242, time remaining: 17m 29s
Rendered 502/16242, time remaining: 17m 29s
Rendered 503/16242, time remaining: 17m 29s
Rendered 504/16242, time remaining: 17m 28s
Rendered 505/16242, time remaining: 17m 29s
Rendered 506/16242, time remaining: 17m 28s
Rendered 507/16242, time remaining: 17m 28s
Rendered 508/16242, time remaining: 17m 28s
Rendered 509/16242, time remaining: 17m 28s
Rendered 510/16242, time remaining: 17m 28s
Rendered 511/16242, time remaining: 17m 28s
Rendered 512/16242, time remaining: 17m 28s
Rendered 513/16242, time remaining: 17m 28s
Rendered 514/16242, time remaining: 17m 28s
Rendered 515/16242, time remaining: 17m 28s
Rendered 516/16242, time remaining: 17m 27s
Rendered 517/16242, time remaining: 17m 28s
Rendered 518/16242, time remaining: 17m 27s
Rendered 519/16242, time remaining: 17m 27s
Rendered 520/16242, time remaining: 17m 27s
Rendered 521/16242, time remaining: 17m 27s
Rendered 522/16242, time remaining: 17m 27s
Rendered 523/16242, time remaining: 17m 27s
Rendered 524/16242, time remaining: 17m 27s
Rendered 525/16242, time remaining: 17m 27s
Rendered 526/16242, time remaining: 17m 27s
Rendered 527/16242, time remaining: 17m 26s
Rendered 528/16242, time remaining: 17m 26s
Rendered 529/16242, time remaining: 17m 26s
Rendered 530/16242, time remaining: 17m 26s
Rendered 531/16242, time remaining: 17m 26s
Rendered 532/16242, time remaining: 17m 26s
Rendered 533/16242, time remaining: 17m 26s
Rendered 534/16242, time remaining: 17m 26s
Rendered 535/16242, time remaining: 17m 26s
Rendered 536/16242, time remaining: 17m 26s
Rendered 537/16242, time remaining: 17m 26s
Rendered 538/16242, time remaining: 17m 26s
Rendered 539/16242, time remaining: 17m 26s
Rendered 540/16242, time remaining: 17m 26s
Rendered 541/16242, time remaining: 17m 26s
Rendered 542/16242, time remaining: 17m 26s
Rendered 543/16242, time remaining: 17m 26s
Rendered 544/16242, time remaining: 17m 26s
Rendered 545/16242, time remaining: 17m 25s
Rendered 546/16242, time remaining: 17m 26s
Rendered 547/16242, time remaining: 17m 26s
Rendered 548/16242, time remaining: 17m 25s
Rendered 549/16242, time remaining: 17m 25s
Rendered 550/16242, time remaining: 17m 25s
Rendered 551/16242, time remaining: 17m 25s
Rendered 552/16242, time remaining: 17m 25s
Rendered 553/16242, time remaining: 17m 25s
Rendered 554/16242, time remaining: 17m 25s
Rendered 555/16242, time remaining: 17m 25s
Rendered 556/16242, time remaining: 17m 25s
Rendered 557/16242, time remaining: 17m 25s
Rendered 558/16242, time remaining: 17m 25s
Rendered 559/16242, time remaining: 17m 25s
Rendered 560/16242, time remaining: 17m 25s
Rendered 561/16242, time remaining: 17m 25s
Rendered 562/16242, time remaining: 17m 24s
Rendered 563/16242, time remaining: 17m 24s
Rendered 564/16242, time remaining: 17m 24s
Rendered 565/16242, time remaining: 17m 24s
Rendered 566/16242, time remaining: 17m 24s
Rendered 567/16242, time remaining: 17m 24s
Rendered 568/16242, time remaining: 17m 24s
Rendered 569/16242, time remaining: 17m 24s
Rendered 570/16242, time remaining: 17m 24s
Rendered 571/16242, time remaining: 17m 24s
Rendered 572/16242, time remaining: 17m 24s
Rendered 573/16242, time remaining: 17m 24s
Rendered 574/16242, time remaining: 17m 24s
Rendered 575/16242, time remaining: 17m 24s
Rendered 576/16242, time remaining: 17m 24s
Rendered 577/16242, time remaining: 17m 23s
Rendered 578/16242, time remaining: 17m 23s
Rendered 579/16242, time remaining: 17m 23s
Rendered 580/16242, time remaining: 17m 23s
Rendered 581/16242, time remaining: 17m 23s
Rendered 582/16242, time remaining: 17m 23s
Rendered 583/16242, time remaining: 17m 23s
Rendered 584/16242, time remaining: 17m 23s
Rendered 585/16242, time remaining: 17m 23s
Rendered 586/16242, time remaining: 17m 23s
Rendered 587/16242, time remaining: 17m 23s
Rendered 588/16242, time remaining: 17m 23s
Rendered 589/16242, time remaining: 17m 23s
Rendered 590/16242, time remaining: 17m 23s
Rendered 591/16242, time remaining: 17m 23s
Rendered 592/16242, time remaining: 17m 23s
Rendered 593/16242, time remaining: 17m 22s
Rendered 594/16242, time remaining: 17m 22s
Rendered 595/16242, time remaining: 17m 22s
Rendered 596/16242, time remaining: 17m 22s
Rendered 597/16242, time remaining: 17m 22s
Rendered 598/16242, time remaining: 17m 22s
Rendered 599/16242, time remaining: 17m 22s
Rendered 600/16242, time remaining: 17m 22s
Rendered 601/16242, time remaining: 17m 22s
Rendered 602/16242, time remaining: 17m 22s
Rendered 603/16242, time remaining: 17m 22s
Rendered 604/16242, time remaining: 17m 21s
Rendered 605/16242, time remaining: 17m 22s
Rendered 606/16242, time remaining: 17m 22s
Rendered 607/16242, time remaining: 17m 21s
Rendered 608/16242, time remaining: 17m 22s
Rendered 609/16242, time remaining: 17m 22s
Rendered 610/16242, time remaining: 17m 21s
Rendered 611/16242, time remaining: 17m 21s
Rendered 612/16242, time remaining: 17m 21s
Rendered 613/16242, time remaining: 17m 21s
Rendered 614/16242, time remaining: 17m 21s
Rendered 615/16242, time remaining: 17m 21s
Rendered 616/16242, time remaining: 17m 21s
Rendered 617/16242, time remaining: 17m 21s
Rendered 618/16242, time remaining: 17m 21s
Rendered 619/16242, time remaining: 17m 21s
Rendered 620/16242, time remaining: 17m 21s
Rendered 621/16242, time remaining: 17m 21s
Rendered 622/16242, time remaining: 17m 20s
Rendered 623/16242, time remaining: 17m 20s
Rendered 624/16242, time remaining: 17m 20s
Rendered 625/16242, time remaining: 17m 20s
Rendered 626/16242, time remaining: 17m 20s
Rendered 627/16242, time remaining: 17m 21s
Rendered 628/16242, time remaining: 17m 20s
Rendered 629/16242, time remaining: 17m 20s
Rendered 630/16242, time remaining: 17m 20s
Rendered 631/16242, time remaining: 17m 21s
Rendered 632/16242, time remaining: 17m 20s
Rendered 633/16242, time remaining: 17m 19s
Rendered 634/16242, time remaining: 17m 20s
Rendered 635/16242, time remaining: 17m 19s
Rendered 636/16242, time remaining: 17m 20s
Rendered 637/16242, time remaining: 17m 20s
Rendered 638/16242, time remaining: 17m 20s
Rendered 639/16242, time remaining: 17m 20s
Rendered 640/16242, time remaining: 17m 20s
Rendered 641/16242, time remaining: 17m 21s
Rendered 642/16242, time remaining: 17m 20s
Rendered 643/16242, time remaining: 17m 20s
Rendered 644/16242, time remaining: 17m 20s
Rendered 645/16242, time remaining: 17m 20s
Rendered 646/16242, time remaining: 17m 20s
Rendered 647/16242, time remaining: 17m 20s
Rendered 648/16242, time remaining: 17m 20s
Rendered 649/16242, time remaining: 17m 20s
Rendered 650/16242, time remaining: 17m 19s
Rendered 651/16242, time remaining: 17m 19s
Rendered 652/16242, time remaining: 17m 19s
Rendered 653/16242, time remaining: 17m 19s
Rendered 654/16242, time remaining: 17m 19s
Rendered 655/16242, time remaining: 17m 19s
Rendered 656/16242, time remaining: 17m 19s
Rendered 657/16242, time remaining: 17m 19s
Rendered 658/16242, time remaining: 17m 19s
Rendered 659/16242, time remaining: 17m 19s
Rendered 660/16242, time remaining: 17m 19s
Rendered 661/16242, time remaining: 17m 20s
Rendered 662/16242, time remaining: 17m 20s
Rendered 663/16242, time remaining: 17m 19s
Rendered 664/16242, time remaining: 17m 19s
Rendered 665/16242, time remaining: 17m 19s
Rendered 666/16242, time remaining: 17m 19s
Rendered 667/16242, time remaining: 17m 19s
Rendered 668/16242, time remaining: 17m 19s
Rendered 669/16242, time remaining: 17m 20s
Rendered 670/16242, time remaining: 17m 21s
Rendered 671/16242, time remaining: 17m 21s
Rendered 672/16242, time remaining: 17m 21s
Rendered 673/16242, time remaining: 17m 21s
Rendered 674/16242, time remaining: 17m 21s
Rendered 675/16242, time remaining: 17m 22s
Rendered 676/16242, time remaining: 17m 23s
Rendered 677/16242, time remaining: 17m 24s
Rendered 678/16242, time remaining: 17m 23s
Rendered 679/16242, time remaining: 17m 24s
Rendered 680/16242, time remaining: 17m 24s
Rendered 681/16242, time remaining: 17m 24s
Rendered 682/16242, time remaining: 17m 24s
Rendered 683/16242, time remaining: 17m 25s
Rendered 684/16242, time remaining: 17m 25s
Rendered 685/16242, time remaining: 17m 25s
Rendered 686/16242, time remaining: 17m 25s
Rendered 687/16242, time remaining: 17m 25s
Rendered 688/16242, time remaining: 17m 25s
Rendered 689/16242, time remaining: 17m 25s
Rendered 690/16242, time remaining: 17m 26s
Rendered 691/16242, time remaining: 17m 26s
Rendered 692/16242, time remaining: 17m 26s
Rendered 693/16242, time remaining: 17m 26s
Rendered 694/16242, time remaining: 17m 25s
Rendered 695/16242, time remaining: 17m 25s
Rendered 696/16242, time remaining: 17m 25s
Rendered 697/16242, time remaining: 17m 25s
Rendered 698/16242, time remaining: 17m 25s
Rendered 699/16242, time remaining: 17m 25s
Rendered 700/16242, time remaining: 17m 25s
Rendered 701/16242, time remaining: 17m 25s
Rendered 702/16242, time remaining: 17m 25s
Rendered 703/16242, time remaining: 17m 25s
Rendered 704/16242, time remaining: 17m 25s
Rendered 705/16242, time remaining: 17m 25s
Rendered 706/16242, time remaining: 17m 25s
Rendered 707/16242, time remaining: 17m 25s
Rendered 708/16242, time remaining: 17m 24s
Rendered 709/16242, time remaining: 17m 24s
Rendered 710/16242, time remaining: 17m 24s
Rendered 711/16242, time remaining: 17m 25s
Rendered 712/16242, time remaining: 17m 25s
Rendered 713/16242, time remaining: 17m 25s
Rendered 714/16242, time remaining: 17m 25s
Rendered 715/16242, time remaining: 17m 25s
Rendered 716/16242, time remaining: 17m 24s
Rendered 717/16242, time remaining: 17m 24s
Rendered 718/16242, time remaining: 17m 24s
Rendered 719/16242, time remaining: 17m 24s
Rendered 720/16242, time remaining: 17m 24s
Rendered 721/16242, time remaining: 17m 24s
Rendered 722/16242, time remaining: 17m 23s
Rendered 723/16242, time remaining: 17m 23s
Rendered 724/16242, time remaining: 17m 23s
Rendered 725/16242, time remaining: 17m 23s
Rendered 726/16242, time remaining: 17m 23s
Rendered 727/16242, time remaining: 17m 23s
Rendered 728/16242, time remaining: 17m 23s
Rendered 729/16242, time remaining: 17m 23s
Rendered 730/16242, time remaining: 17m 23s
Rendered 731/16242, time remaining: 17m 23s
Rendered 732/16242, time remaining: 17m 22s
Rendered 733/16242, time remaining: 17m 22s
Rendered 734/16242, time remaining: 17m 22s
Rendered 735/16242, time remaining: 17m 22s
Rendered 736/16242, time remaining: 17m 22s
Rendered 737/16242, time remaining: 17m 22s
Rendered 738/16242, time remaining: 17m 22s
Rendered 739/16242, time remaining: 17m 22s
Rendered 740/16242, time remaining: 17m 22s
Rendered 741/16242, time remaining: 17m 22s
Rendered 742/16242, time remaining: 17m 21s
Rendered 743/16242, time remaining: 17m 21s
Rendered 744/16242, time remaining: 17m 21s
Rendered 745/16242, time remaining: 17m 21s
Rendered 746/16242, time remaining: 17m 21s
Rendered 747/16242, time remaining: 17m 21s
Rendered 748/16242, time remaining: 17m 20s
Rendered 749/16242, time remaining: 17m 20s
Rendered 750/16242, time remaining: 17m 20s
Rendered 751/16242, time remaining: 17m 19s
Rendered 752/16242, time remaining: 17m 20s
Rendered 753/16242, time remaining: 17m 20s
Rendered 754/16242, time remaining: 17m 19s
Rendered 755/16242, time remaining: 17m 19s
Rendered 756/16242, time remaining: 17m 19s
Rendered 757/16242, time remaining: 17m 19s
Rendered 758/16242, time remaining: 17m 19s
Rendered 759/16242, time remaining: 17m 19s
Rendered 760/16242, time remaining: 17m 19s
Rendered 761/16242, time remaining: 17m 19s
Rendered 762/16242, time remaining: 17m 19s
Rendered 763/16242, time remaining: 17m 19s
Rendered 764/16242, time remaining: 17m 18s
Rendered 765/16242, time remaining: 17m 18s
Rendered 766/16242, time remaining: 17m 18s
Rendered 767/16242, time remaining: 17m 18s
Rendered 768/16242, time remaining: 17m 18s
Rendered 769/16242, time remaining: 17m 18s
Rendered 770/16242, time remaining: 17m 18s
Rendered 771/16242, time remaining: 17m 18s
Rendered 772/16242, time remaining: 17m 17s
Rendered 773/16242, time remaining: 17m 17s
Rendered 774/16242, time remaining: 17m 18s
Rendered 775/16242, time remaining: 17m 18s
Rendered 776/16242, time remaining: 17m 18s
Rendered 777/16242, time remaining: 17m 17s
Rendered 778/16242, time remaining: 17m 17s
Rendered 779/16242, time remaining: 17m 17s
Rendered 780/16242, time remaining: 17m 17s
Rendered 781/16242, time remaining: 17m 17s
Rendered 782/16242, time remaining: 17m 17s
Rendered 783/16242, time remaining: 17m 17s
Rendered 784/16242, time remaining: 17m 17s
Rendered 785/16242, time remaining: 17m 17s
Rendered 786/16242, time remaining: 17m 17s
Rendered 787/16242, time remaining: 17m 17s
Rendered 788/16242, time remaining: 17m 17s
Rendered 789/16242, time remaining: 17m 17s
Rendered 790/16242, time remaining: 17m 17s
Rendered 791/16242, time remaining: 17m 17s
Rendered 792/16242, time remaining: 17m 16s
Rendered 793/16242, time remaining: 17m 16s
Rendered 794/16242, time remaining: 17m 16s
Rendered 795/16242, time remaining: 17m 16s
Rendered 796/16242, time remaining: 17m 16s
Rendered 797/16242, time remaining: 17m 16s
Rendered 798/16242, time remaining: 17m 16s
Rendered 799/16242, time remaining: 17m 16s
Rendered 800/16242, time remaining: 17m 16s
Rendered 801/16242, time remaining: 17m 16s
Rendered 802/16242, time remaining: 17m 15s
Rendered 803/16242, time remaining: 17m 15s
Rendered 804/16242, time remaining: 17m 15s
Rendered 805/16242, time remaining: 17m 15s
Rendered 806/16242, time remaining: 17m 15s
Rendered 807/16242, time remaining: 17m 15s
Rendered 808/16242, time remaining: 17m 15s
Rendered 809/16242, time remaining: 17m 15s
Rendered 810/16242, time remaining: 17m 15s
Rendered 811/16242, time remaining: 17m 15s
Rendered 812/16242, time remaining: 17m 15s
Rendered 813/16242, time remaining: 17m 15s
Rendered 814/16242, time remaining: 17m 15s
Rendered 815/16242, time remaining: 17m 15s
Rendered 816/16242, time remaining: 17m 14s
Rendered 817/16242, time remaining: 17m 14s
Rendered 818/16242, time remaining: 17m 14s
Rendered 819/16242, time remaining: 17m 14s
Rendered 820/16242, time remaining: 17m 14s
Rendered 821/16242, time remaining: 17m 14s
Rendered 822/16242, time remaining: 17m 14s
Rendered 823/16242, time remaining: 17m 14s
Rendered 824/16242, time remaining: 17m 14s
Rendered 825/16242, time remaining: 17m 14s
Rendered 826/16242, time remaining: 17m 14s
Rendered 827/16242, time remaining: 17m 13s
Rendered 828/16242, time remaining: 17m 13s
Rendered 829/16242, time remaining: 17m 13s
Rendered 830/16242, time remaining: 17m 13s
Rendered 831/16242, time remaining: 17m 13s
Rendered 832/16242, time remaining: 17m 13s
Rendered 833/16242, time remaining: 17m 13s
Rendered 834/16242, time remaining: 17m 13s
Rendered 835/16242, time remaining: 17m 13s
Rendered 836/16242, time remaining: 17m 13s
Rendered 837/16242, time remaining: 17m 13s
Rendered 838/16242, time remaining: 17m 13s
Rendered 839/16242, time remaining: 17m 13s
Rendered 840/16242, time remaining: 17m 13s
Rendered 841/16242, time remaining: 17m 12s
Rendered 842/16242, time remaining: 17m 12s
Rendered 843/16242, time remaining: 17m 12s
Rendered 844/16242, time remaining: 17m 12s
Rendered 845/16242, time remaining: 17m 12s
Rendered 846/16242, time remaining: 17m 12s
Rendered 847/16242, time remaining: 17m 12s
Rendered 848/16242, time remaining: 17m 12s
Rendered 849/16242, time remaining: 17m 12s
Rendered 850/16242, time remaining: 17m 12s
Rendered 851/16242, time remaining: 17m 12s
Rendered 852/16242, time remaining: 17m 11s
Rendered 853/16242, time remaining: 17m 11s
Rendered 854/16242, time remaining: 17m 12s
Rendered 855/16242, time remaining: 17m 11s
Rendered 856/16242, time remaining: 17m 11s
Rendered 857/16242, time remaining: 17m 11s
Rendered 858/16242, time remaining: 17m 11s
Rendered 859/16242, time remaining: 17m 11s
Rendered 860/16242, time remaining: 17m 11s
Rendered 861/16242, time remaining: 17m 11s
Rendered 862/16242, time remaining: 17m 11s
Rendered 863/16242, time remaining: 17m 11s
Rendered 864/16242, time remaining: 17m 11s
Rendered 865/16242, time remaining: 17m 10s
Rendered 866/16242, time remaining: 17m 10s
Rendered 867/16242, time remaining: 17m 10s
Rendered 868/16242, time remaining: 17m 10s
Rendered 869/16242, time remaining: 17m 10s
Rendered 870/16242, time remaining: 17m 10s
Rendered 871/16242, time remaining: 17m 10s
Rendered 872/16242, time remaining: 17m 10s
Rendered 873/16242, time remaining: 17m 10s
Rendered 874/16242, time remaining: 17m 10s
Rendered 875/16242, time remaining: 17m 10s
Rendered 876/16242, time remaining: 17m 9s
Rendered 877/16242, time remaining: 17m 9s
Rendered 878/16242, time remaining: 17m 9s
Rendered 879/16242, time remaining: 17m 9s
Rendered 880/16242, time remaining: 17m 9s
Rendered 881/16242, time remaining: 17m 9s
Rendered 882/16242, time remaining: 17m 9s
Rendered 883/16242, time remaining: 17m 9s
Rendered 884/16242, time remaining: 17m 9s
Rendered 885/16242, time remaining: 17m 9s
Rendered 886/16242, time remaining: 17m 9s
Rendered 887/16242, time remaining: 17m 9s
Rendered 888/16242, time remaining: 17m 9s
Rendered 889/16242, time remaining: 17m 9s
Rendered 890/16242, time remaining: 17m 9s
Rendered 891/16242, time remaining: 17m 8s
Rendered 892/16242, time remaining: 17m 8s
Rendered 893/16242, time remaining: 17m 9s
Rendered 894/16242, time remaining: 17m 8s
Rendered 895/16242, time remaining: 17m 8s
Rendered 896/16242, time remaining: 17m 8s
Rendered 897/16242, time remaining: 17m 8s
Rendered 898/16242, time remaining: 17m 8s
Rendered 899/16242, time remaining: 17m 8s
Rendered 900/16242, time remaining: 17m 8s
Rendered 901/16242, time remaining: 17m 8s
Rendered 902/16242, time remaining: 17m 8s
Rendered 903/16242, time remaining: 17m 8s
Rendered 904/16242, time remaining: 17m 8s
Rendered 905/16242, time remaining: 17m 7s
Rendered 906/16242, time remaining: 17m 7s
Rendered 907/16242, time remaining: 17m 7s
Rendered 908/16242, time remaining: 17m 7s
Rendered 909/16242, time remaining: 17m 7s
Rendered 910/16242, time remaining: 17m 7s
Rendered 911/16242, time remaining: 17m 7s
Rendered 912/16242, time remaining: 17m 7s
Rendered 913/16242, time remaining: 17m 7s
Rendered 914/16242, time remaining: 17m 7s
Rendered 915/16242, time remaining: 17m 7s
Rendered 916/16242, time remaining: 17m 7s
Rendered 917/16242, time remaining: 17m 7s
Rendered 918/16242, time remaining: 17m 7s
Rendered 919/16242, time remaining: 17m 7s
Rendered 920/16242, time remaining: 17m 7s
Rendered 921/16242, time remaining: 17m 7s
Rendered 922/16242, time remaining: 17m 6s
Rendered 923/16242, time remaining: 17m 6s
Rendered 924/16242, time remaining: 17m 6s
Rendered 925/16242, time remaining: 17m 6s
Rendered 926/16242, time remaining: 17m 6s
Rendered 927/16242, time remaining: 17m 6s
Rendered 928/16242, time remaining: 17m 6s
Rendered 929/16242, time remaining: 17m 6s
Rendered 930/16242, time remaining: 17m 6s
Rendered 931/16242, time remaining: 17m 6s
Rendered 932/16242, time remaining: 17m 6s
Rendered 933/16242, time remaining: 17m 6s
Rendered 934/16242, time remaining: 17m 5s
Rendered 935/16242, time remaining: 17m 5s
Rendered 936/16242, time remaining: 17m 5s
Rendered 937/16242, time remaining: 17m 5s
Rendered 938/16242, time remaining: 17m 5s
Rendered 939/16242, time remaining: 17m 5s
Rendered 940/16242, time remaining: 17m 5s
Rendered 941/16242, time remaining: 17m 5s
Rendered 942/16242, time remaining: 17m 5s
Rendered 943/16242, time remaining: 17m 5s
Rendered 944/16242, time remaining: 17m 5s
Rendered 945/16242, time remaining: 17m 5s
Rendered 946/16242, time remaining: 17m 5s
Rendered 947/16242, time remaining: 17m 4s
Rendered 948/16242, time remaining: 17m 4s
Rendered 949/16242, time remaining: 17m 4s
Rendered 950/16242, time remaining: 17m 4s
Rendered 951/16242, time remaining: 17m 4s
Rendered 952/16242, time remaining: 17m 4s
Rendered 953/16242, time remaining: 17m 4s
Rendered 954/16242, time remaining: 17m 4s
Rendered 955/16242, time remaining: 17m 4s
Rendered 956/16242, time remaining: 17m 4s
Rendered 957/16242, time remaining: 17m 4s
Rendered 958/16242, time remaining: 17m 4s
Rendered 959/16242, time remaining: 17m 4s
Rendered 960/16242, time remaining: 17m 3s
Rendered 961/16242, time remaining: 17m 3s
Rendered 962/16242, time remaining: 17m 3s
Rendered 963/16242, time remaining: 17m 3s
Rendered 964/16242, time remaining: 17m 3s
Rendered 965/16242, time remaining: 17m 3s
Rendered 966/16242, time remaining: 17m 3s
Rendered 967/16242, time remaining: 17m 3s
Rendered 968/16242, time remaining: 17m 3s
Rendered 969/16242, time remaining: 17m 3s
Rendered 970/16242, time remaining: 17m 3s
Rendered 971/16242, time remaining: 17m 3s
Rendered 972/16242, time remaining: 17m 3s
Rendered 973/16242, time remaining: 17m 3s
Rendered 974/16242, time remaining: 17m 2s
Rendered 975/16242, time remaining: 17m 2s
Rendered 976/16242, time remaining: 17m 2s
Rendered 977/16242, time remaining: 17m 2s
Rendered 978/16242, time remaining: 17m 2s
Rendered 979/16242, time remaining: 17m 2s
Rendered 980/16242, time remaining: 17m 2s
Rendered 981/16242, time remaining: 17m 2s
Rendered 982/16242, time remaining: 17m 2s
Rendered 983/16242, time remaining: 17m 2s
Rendered 984/16242, time remaining: 17m 2s
Rendered 985/16242, time remaining: 17m 2s
Rendered 986/16242, time remaining: 17m 2s
Rendered 987/16242, time remaining: 17m 2s
Rendered 988/16242, time remaining: 17m 1s
Rendered 989/16242, time remaining: 17m 1s
Rendered 990/16242, time remaining: 17m 1s
Rendered 991/16242, time remaining: 17m 1s
Rendered 992/16242, time remaining: 17m 1s
Rendered 993/16242, time remaining: 17m 1s
Rendered 994/16242, time remaining: 17m 1s
Rendered 995/16242, time remaining: 17m 1s
Rendered 996/16242, time remaining: 17m 1s
Rendered 997/16242, time remaining: 17m 1s
Rendered 998/16242, time remaining: 17m 1s
Rendered 999/16242, time remaining: 17m 1s
Rendered 1000/16242, time remaining: 17m 1s
Rendered 1001/16242, time remaining: 17m 1s
Rendered 1002/16242, time remaining: 17m 0s
Rendered 1003/16242, time remaining: 17m 0s
Rendered 1004/16242, time remaining: 17m 0s
Rendered 1005/16242, time remaining: 17m 0s
Rendered 1006/16242, time remaining: 17m 0s
Rendered 1007/16242, time remaining: 17m 0s
Rendered 1008/16242, time remaining: 17m 0s
Rendered 1009/16242, time remaining: 17m 0s
Rendered 1010/16242, time remaining: 17m 0s
Rendered 1011/16242, time remaining: 17m 0s
Rendered 1012/16242, time remaining: 17m 0s
Rendered 1013/16242, time remaining: 17m 0s
Rendered 1014/16242, time remaining: 17m 0s
Rendered 1015/16242, time remaining: 16m 59s
Rendered 1016/16242, time remaining: 16m 59s
Rendered 1017/16242, time remaining: 16m 59s
Rendered 1018/16242, time remaining: 16m 59s
Rendered 1019/16242, time remaining: 16m 59s
Rendered 1020/16242, time remaining: 16m 59s
Rendered 1021/16242, time remaining: 16m 59s
Rendered 1022/16242, time remaining: 16m 59s
Rendered 1023/16242, time remaining: 16m 59s
Rendered 1024/16242, time remaining: 16m 59s
Rendered 1025/16242, time remaining: 16m 59s
Rendered 1026/16242, time remaining: 16m 59s
Rendered 1027/16242, time remaining: 16m 59s
Rendered 1028/16242, time remaining: 16m 59s
Rendered 1029/16242, time remaining: 16m 59s
Rendered 1030/16242, time remaining: 16m 59s
Rendered 1031/16242, time remaining: 16m 59s
Rendered 1032/16242, time remaining: 16m 59s
Rendered 1033/16242, time remaining: 16m 58s
Rendered 1034/16242, time remaining: 16m 58s
Rendered 1035/16242, time remaining: 16m 58s
Rendered 1036/16242, time remaining: 16m 58s
Rendered 1037/16242, time remaining: 16m 58s
Rendered 1038/16242, time remaining: 16m 58s
Rendered 1039/16242, time remaining: 16m 58s
Rendered 1040/16242, time remaining: 16m 58s
Rendered 1041/16242, time remaining: 16m 58s
Rendered 1042/16242, time remaining: 16m 58s
Rendered 1043/16242, time remaining: 16m 58s
Rendered 1044/16242, time remaining: 16m 58s
Rendered 1045/16242, time remaining: 16m 58s
Rendered 1046/16242, time remaining: 16m 57s
Rendered 1047/16242, time remaining: 16m 57s
Rendered 1048/16242, time remaining: 16m 57s
Rendered 1049/16242, time remaining: 16m 57s
Rendered 1050/16242, time remaining: 16m 57s
Rendered 1051/16242, time remaining: 16m 57s
Rendered 1052/16242, time remaining: 16m 57s
Rendered 1053/16242, time remaining: 16m 57s
Rendered 1054/16242, time remaining: 16m 57s
Rendered 1055/16242, time remaining: 16m 57s
Rendered 1056/16242, time remaining: 16m 57s
Rendered 1057/16242, time remaining: 16m 57s
Rendered 1058/16242, time remaining: 16m 56s
Rendered 1059/16242, time remaining: 16m 56s
Rendered 1060/16242, time remaining: 16m 56s
Rendered 1061/16242, time remaining: 16m 56s
Rendered 1062/16242, time remaining: 16m 56s
Rendered 1063/16242, time remaining: 16m 56s
Rendered 1064/16242, time remaining: 16m 56s
Rendered 1065/16242, time remaining: 16m 56s
Rendered 1066/16242, time remaining: 16m 56s
Rendered 1067/16242, time remaining: 16m 56s
Rendered 1068/16242, time remaining: 16m 56s
Rendered 1069/16242, time remaining: 16m 56s
Rendered 1070/16242, time remaining: 16m 55s
Rendered 1071/16242, time remaining: 16m 55s
Rendered 1072/16242, time remaining: 16m 55s
Rendered 1073/16242, time remaining: 16m 55s
Rendered 1074/16242, time remaining: 16m 55s
Rendered 1075/16242, time remaining: 16m 55s
Rendered 1076/16242, time remaining: 16m 55s
Rendered 1077/16242, time remaining: 16m 55s
Rendered 1078/16242, time remaining: 16m 55s
Rendered 1079/16242, time remaining: 16m 55s
Rendered 1080/16242, time remaining: 16m 55s
Rendered 1081/16242, time remaining: 16m 54s
Rendered 1082/16242, time remaining: 16m 54s
Rendered 1083/16242, time remaining: 16m 55s
Rendered 1084/16242, time remaining: 16m 54s
Rendered 1085/16242, time remaining: 16m 55s
Rendered 1086/16242, time remaining: 16m 54s
Rendered 1087/16242, time remaining: 16m 54s
Rendered 1088/16242, time remaining: 16m 54s
Rendered 1089/16242, time remaining: 16m 54s
Rendered 1090/16242, time remaining: 16m 54s
Rendered 1091/16242, time remaining: 16m 54s
Rendered 1092/16242, time remaining: 16m 54s
Rendered 1093/16242, time remaining: 16m 54s
Rendered 1094/16242, time remaining: 16m 54s
Rendered 1095/16242, time remaining: 16m 54s
Rendered 1096/16242, time remaining: 16m 54s
Rendered 1097/16242, time remaining: 16m 54s
Rendered 1098/16242, time remaining: 16m 53s
Rendered 1099/16242, time remaining: 16m 53s
Rendered 1100/16242, time remaining: 16m 53s
Rendered 1101/16242, time remaining: 16m 53s
Rendered 1102/16242, time remaining: 16m 53s
Rendered 1103/16242, time remaining: 16m 53s
Rendered 1104/16242, time remaining: 16m 53s
Rendered 1105/16242, time remaining: 16m 53s
Rendered 1106/16242, time remaining: 16m 53s
Rendered 1107/16242, time remaining: 16m 53s
Rendered 1108/16242, time remaining: 16m 53s
Rendered 1109/16242, time remaining: 16m 52s
Rendered 1110/16242, time remaining: 16m 52s
Rendered 1111/16242, time remaining: 16m 52s
Rendered 1112/16242, time remaining: 16m 52s
Rendered 1113/16242, time remaining: 16m 52s
Rendered 1114/16242, time remaining: 16m 52s
Rendered 1115/16242, time remaining: 16m 52s
Rendered 1116/16242, time remaining: 16m 52s
Rendered 1117/16242, time remaining: 16m 52s
Rendered 1118/16242, time remaining: 16m 52s
Rendered 1119/16242, time remaining: 16m 52s
Rendered 1120/16242, time remaining: 16m 52s
Rendered 1121/16242, time remaining: 16m 51s
Rendered 1122/16242, time remaining: 16m 51s
Rendered 1123/16242, time remaining: 16m 51s
Rendered 1124/16242, time remaining: 16m 51s
Rendered 1125/16242, time remaining: 16m 51s
Rendered 1126/16242, time remaining: 16m 51s
Rendered 1127/16242, time remaining: 16m 51s
Rendered 1128/16242, time remaining: 16m 51s
Rendered 1129/16242, time remaining: 16m 51s
Rendered 1130/16242, time remaining: 16m 51s
Rendered 1131/16242, time remaining: 16m 51s
Rendered 1132/16242, time remaining: 16m 51s
Rendered 1133/16242, time remaining: 16m 51s
Rendered 1134/16242, time remaining: 16m 51s
Rendered 1135/16242, time remaining: 16m 50s
Rendered 1136/16242, time remaining: 16m 50s
Rendered 1137/16242, time remaining: 16m 50s
Rendered 1138/16242, time remaining: 16m 50s
Rendered 1139/16242, time remaining: 16m 50s
Rendered 1140/16242, time remaining: 16m 50s
Rendered 1141/16242, time remaining: 16m 50s
Rendered 1142/16242, time remaining: 16m 50s
Rendered 1143/16242, time remaining: 16m 50s
Rendered 1144/16242, time remaining: 16m 50s
Rendered 1145/16242, time remaining: 16m 50s
Rendered 1146/16242, time remaining: 16m 50s
Rendered 1147/16242, time remaining: 16m 50s
Rendered 1148/16242, time remaining: 16m 50s
Rendered 1149/16242, time remaining: 16m 50s
Rendered 1150/16242, time remaining: 16m 50s
Rendered 1151/16242, time remaining: 16m 49s
Rendered 1152/16242, time remaining: 16m 49s
Rendered 1153/16242, time remaining: 16m 49s
Rendered 1154/16242, time remaining: 16m 49s
Rendered 1155/16242, time remaining: 16m 49s
Rendered 1156/16242, time remaining: 16m 49s
Rendered 1157/16242, time remaining: 16m 49s
Rendered 1158/16242, time remaining: 16m 49s
Rendered 1159/16242, time remaining: 16m 49s
Rendered 1160/16242, time remaining: 16m 49s
Rendered 1161/16242, time remaining: 16m 49s
Rendered 1162/16242, time remaining: 16m 49s
Rendered 1163/16242, time remaining: 16m 49s
Rendered 1164/16242, time remaining: 16m 49s
Rendered 1165/16242, time remaining: 16m 49s
Rendered 1166/16242, time remaining: 16m 48s
Rendered 1167/16242, time remaining: 16m 48s
Rendered 1168/16242, time remaining: 16m 48s
Rendered 1169/16242, time remaining: 16m 48s
Rendered 1170/16242, time remaining: 16m 48s
Rendered 1171/16242, time remaining: 16m 48s
Rendered 1172/16242, time remaining: 16m 48s
Rendered 1173/16242, time remaining: 16m 48s
Rendered 1174/16242, time remaining: 16m 48s
Rendered 1175/16242, time remaining: 16m 48s
Rendered 1176/16242, time remaining: 16m 48s
Rendered 1177/16242, time remaining: 16m 47s
Rendered 1178/16242, time remaining: 16m 47s
Rendered 1179/16242, time remaining: 16m 47s
Rendered 1180/16242, time remaining: 16m 47s
Rendered 1181/16242, time remaining: 16m 47s
Rendered 1182/16242, time remaining: 16m 48s
Rendered 1183/16242, time remaining: 16m 48s
Rendered 1184/16242, time remaining: 16m 47s
Rendered 1185/16242, time remaining: 16m 47s
Rendered 1186/16242, time remaining: 16m 47s
Rendered 1187/16242, time remaining: 16m 47s
Rendered 1188/16242, time remaining: 16m 47s
Rendered 1189/16242, time remaining: 16m 47s
Rendered 1190/16242, time remaining: 16m 47s
Rendered 1191/16242, time remaining: 16m 47s
Rendered 1192/16242, time remaining: 16m 47s
Rendered 1193/16242, time remaining: 16m 46s
Rendered 1194/16242, time remaining: 16m 46s
Rendered 1195/16242, time remaining: 16m 46s
Rendered 1196/16242, time remaining: 16m 46s
Rendered 1197/16242, time remaining: 16m 46s
Rendered 1198/16242, time remaining: 16m 46s
Rendered 1199/16242, time remaining: 16m 46s
Rendered 1200/16242, time remaining: 16m 46s
Rendered 1201/16242, time remaining: 16m 46s
Rendered 1202/16242, time remaining: 16m 46s
Rendered 1203/16242, time remaining: 16m 46s
Rendered 1204/16242, time remaining: 16m 46s
Rendered 1205/16242, time remaining: 16m 46s
Rendered 1206/16242, time remaining: 16m 46s
Rendered 1207/16242, time remaining: 16m 46s
Rendered 1208/16242, time remaining: 16m 45s
Rendered 1209/16242, time remaining: 16m 45s
Rendered 1210/16242, time remaining: 16m 45s
Rendered 1211/16242, time remaining: 16m 46s
Rendered 1212/16242, time remaining: 16m 45s
Rendered 1213/16242, time remaining: 16m 45s
Rendered 1214/16242, time remaining: 16m 45s
Rendered 1215/16242, time remaining: 16m 45s
Rendered 1216/16242, time remaining: 16m 45s
Rendered 1217/16242, time remaining: 16m 45s
Rendered 1218/16242, time remaining: 16m 45s
Rendered 1219/16242, time remaining: 16m 45s
Rendered 1220/16242, time remaining: 16m 45s
Rendered 1221/16242, time remaining: 16m 45s
Rendered 1222/16242, time remaining: 16m 45s
Rendered 1223/16242, time remaining: 16m 45s
Rendered 1224/16242, time remaining: 16m 45s
Rendered 1225/16242, time remaining: 16m 45s
Rendered 1226/16242, time remaining: 16m 45s
Rendered 1227/16242, time remaining: 16m 45s
Rendered 1228/16242, time remaining: 16m 44s
Rendered 1229/16242, time remaining: 16m 44s
Rendered 1230/16242, time remaining: 16m 44s
Rendered 1231/16242, time remaining: 16m 44s
Rendered 1232/16242, time remaining: 16m 44s
Rendered 1233/16242, time remaining: 16m 44s
Rendered 1234/16242, time remaining: 16m 44s
Rendered 1235/16242, time remaining: 16m 44s
Rendered 1236/16242, time remaining: 16m 44s
Rendered 1237/16242, time remaining: 16m 44s
Rendered 1238/16242, time remaining: 16m 44s
Rendered 1239/16242, time remaining: 16m 44s
Rendered 1240/16242, time remaining: 16m 44s
Rendered 1241/16242, time remaining: 16m 44s
Rendered 1242/16242, time remaining: 16m 44s
Rendered 1243/16242, time remaining: 16m 43s
Rendered 1244/16242, time remaining: 16m 43s
Rendered 1245/16242, time remaining: 16m 43s
Rendered 1246/16242, time remaining: 16m 43s
Rendered 1247/16242, time remaining: 16m 43s
Rendered 1248/16242, time remaining: 16m 43s
Rendered 1249/16242, time remaining: 16m 43s
Rendered 1250/16242, time remaining: 16m 43s
Rendered 1251/16242, time remaining: 16m 43s
Rendered 1252/16242, time remaining: 16m 43s
Rendered 1253/16242, time remaining: 16m 43s
Rendered 1254/16242, time remaining: 16m 43s
Rendered 1255/16242, time remaining: 16m 43s
Rendered 1256/16242, time remaining: 16m 42s
Rendered 1257/16242, time remaining: 16m 42s
Rendered 1258/16242, time remaining: 16m 42s
Rendered 1259/16242, time remaining: 16m 42s
Rendered 1260/16242, time remaining: 16m 42s
Rendered 1261/16242, time remaining: 16m 42s
Rendered 1262/16242, time remaining: 16m 42s
Rendered 1263/16242, time remaining: 16m 42s
Rendered 1264/16242, time remaining: 16m 42s
Rendered 1265/16242, time remaining: 16m 42s
Rendered 1266/16242, time remaining: 16m 42s
Rendered 1267/16242, time remaining: 16m 42s
Rendered 1268/16242, time remaining: 16m 42s
Rendered 1269/16242, time remaining: 16m 42s
Rendered 1270/16242, time remaining: 16m 41s
Rendered 1271/16242, time remaining: 16m 41s
Rendered 1272/16242, time remaining: 16m 41s
Rendered 1273/16242, time remaining: 16m 41s
Rendered 1274/16242, time remaining: 16m 41s
Rendered 1275/16242, time remaining: 16m 41s
Rendered 1276/16242, time remaining: 16m 41s
Rendered 1277/16242, time remaining: 16m 41s
Rendered 1278/16242, time remaining: 16m 41s
Rendered 1279/16242, time remaining: 16m 41s
Rendered 1280/16242, time remaining: 16m 41s
Rendered 1281/16242, time remaining: 16m 41s
Rendered 1282/16242, time remaining: 16m 41s
Rendered 1283/16242, time remaining: 16m 41s
Rendered 1284/16242, time remaining: 16m 40s
Rendered 1285/16242, time remaining: 16m 40s
Rendered 1286/16242, time remaining: 16m 40s
Rendered 1287/16242, time remaining: 16m 40s
Rendered 1288/16242, time remaining: 16m 40s
Rendered 1289/16242, time remaining: 16m 40s
Rendered 1290/16242, time remaining: 16m 40s
Rendered 1291/16242, time remaining: 16m 40s
Rendered 1292/16242, time remaining: 16m 40s
Rendered 1293/16242, time remaining: 16m 40s
Rendered 1294/16242, time remaining: 16m 40s
Rendered 1295/16242, time remaining: 16m 40s
Rendered 1296/16242, time remaining: 16m 40s
Rendered 1297/16242, time remaining: 16m 40s
Rendered 1298/16242, time remaining: 16m 39s
Rendered 1299/16242, time remaining: 16m 40s
Rendered 1300/16242, time remaining: 16m 39s
Rendered 1301/16242, time remaining: 16m 39s
Rendered 1302/16242, time remaining: 16m 39s
Rendered 1303/16242, time remaining: 16m 39s
Rendered 1304/16242, time remaining: 16m 39s
Rendered 1305/16242, time remaining: 16m 39s
Rendered 1306/16242, time remaining: 16m 39s
Rendered 1307/16242, time remaining: 16m 39s
Rendered 1308/16242, time remaining: 16m 39s
Rendered 1309/16242, time remaining: 16m 39s
Rendered 1310/16242, time remaining: 16m 39s
Rendered 1311/16242, time remaining: 16m 39s
Rendered 1312/16242, time remaining: 16m 38s
Rendered 1313/16242, time remaining: 16m 38s
Rendered 1314/16242, time remaining: 16m 38s
Rendered 1315/16242, time remaining: 16m 38s
Rendered 1316/16242, time remaining: 16m 38s
Rendered 1317/16242, time remaining: 16m 38s
Rendered 1318/16242, time remaining: 16m 38s
Rendered 1319/16242, time remaining: 16m 38s
Rendered 1320/16242, time remaining: 16m 38s
Rendered 1321/16242, time remaining: 16m 38s
Rendered 1322/16242, time remaining: 16m 38s
Rendered 1323/16242, time remaining: 16m 38s
Rendered 1324/16242, time remaining: 16m 38s
Rendered 1325/16242, time remaining: 16m 38s
Rendered 1326/16242, time remaining: 16m 37s
Rendered 1327/16242, time remaining: 16m 37s
Rendered 1328/16242, time remaining: 16m 37s
Rendered 1329/16242, time remaining: 16m 37s
Rendered 1330/16242, time remaining: 16m 37s
Rendered 1331/16242, time remaining: 16m 37s
Rendered 1332/16242, time remaining: 16m 37s
Rendered 1333/16242, time remaining: 16m 37s
Rendered 1334/16242, time remaining: 16m 37s
Rendered 1335/16242, time remaining: 16m 37s
Rendered 1336/16242, time remaining: 16m 37s
Rendered 1337/16242, time remaining: 16m 37s
Rendered 1338/16242, time remaining: 16m 37s
Rendered 1339/16242, time remaining: 16m 37s
Rendered 1340/16242, time remaining: 16m 36s
Rendered 1341/16242, time remaining: 16m 36s
Rendered 1342/16242, time remaining: 16m 36s
Rendered 1343/16242, time remaining: 16m 36s
Rendered 1344/16242, time remaining: 16m 36s
Rendered 1345/16242, time remaining: 16m 36s
Rendered 1346/16242, time remaining: 16m 36s
Rendered 1347/16242, time remaining: 16m 36s
Rendered 1348/16242, time remaining: 16m 36s
Rendered 1349/16242, time remaining: 16m 36s
Rendered 1350/16242, time remaining: 16m 36s
Rendered 1351/16242, time remaining: 16m 36s
Rendered 1352/16242, time remaining: 16m 36s
Rendered 1353/16242, time remaining: 16m 36s
Rendered 1354/16242, time remaining: 16m 35s
Rendered 1355/16242, time remaining: 16m 35s
Rendered 1356/16242, time remaining: 16m 35s
Rendered 1357/16242, time remaining: 16m 35s
Rendered 1358/16242, time remaining: 16m 35s
Rendered 1359/16242, time remaining: 16m 35s
Rendered 1360/16242, time remaining: 16m 35s
Rendered 1361/16242, time remaining: 16m 35s
Rendered 1362/16242, time remaining: 16m 35s
Rendered 1363/16242, time remaining: 16m 35s
Rendered 1364/16242, time remaining: 16m 35s
Rendered 1365/16242, time remaining: 16m 36s
Rendered 1366/16242, time remaining: 16m 35s
Rendered 1367/16242, time remaining: 16m 36s
Rendered 1368/16242, time remaining: 16m 36s
Rendered 1369/16242, time remaining: 16m 35s
Rendered 1370/16242, time remaining: 16m 35s
Rendered 1371/16242, time remaining: 16m 36s
Rendered 1372/16242, time remaining: 16m 36s
Rendered 1373/16242, time remaining: 16m 36s
Rendered 1374/16242, time remaining: 16m 36s
Rendered 1375/16242, time remaining: 16m 36s
Rendered 1376/16242, time remaining: 16m 36s
Rendered 1377/16242, time remaining: 16m 36s
Rendered 1378/16242, time remaining: 16m 36s
Rendered 1379/16242, time remaining: 16m 37s
Rendered 1380/16242, time remaining: 16m 37s
Rendered 1381/16242, time remaining: 16m 37s
Rendered 1382/16242, time remaining: 16m 37s
Rendered 1383/16242, time remaining: 16m 37s
Rendered 1384/16242, time remaining: 16m 37s
Rendered 1385/16242, time remaining: 16m 37s
Rendered 1386/16242, time remaining: 16m 37s
Rendered 1387/16242, time remaining: 16m 38s
Rendered 1388/16242, time remaining: 16m 38s
Rendered 1389/16242, time remaining: 16m 37s
Rendered 1390/16242, time remaining: 16m 38s
Rendered 1391/16242, time remaining: 16m 37s
Rendered 1392/16242, time remaining: 16m 38s
Rendered 1393/16242, time remaining: 16m 38s
Rendered 1394/16242, time remaining: 16m 38s
Rendered 1395/16242, time remaining: 16m 38s
Rendered 1396/16242, time remaining: 16m 38s
Rendered 1397/16242, time remaining: 16m 39s
Rendered 1398/16242, time remaining: 16m 38s
Rendered 1399/16242, time remaining: 16m 39s
Rendered 1400/16242, time remaining: 16m 39s
Rendered 1401/16242, time remaining: 16m 39s
Rendered 1402/16242, time remaining: 16m 39s
Rendered 1403/16242, time remaining: 16m 39s
Rendered 1404/16242, time remaining: 16m 39s
Rendered 1405/16242, time remaining: 16m 39s
Rendered 1406/16242, time remaining: 16m 39s
Rendered 1407/16242, time remaining: 16m 40s
Rendered 1408/16242, time remaining: 16m 40s
Rendered 1409/16242, time remaining: 16m 40s
Rendered 1410/16242, time remaining: 16m 40s
Rendered 1411/16242, time remaining: 16m 40s
Rendered 1412/16242, time remaining: 16m 40s
Rendered 1413/16242, time remaining: 16m 40s
Rendered 1414/16242, time remaining: 16m 40s
Rendered 1415/16242, time remaining: 16m 41s
Rendered 1416/16242, time remaining: 16m 41s
Rendered 1417/16242, time remaining: 16m 41s
Rendered 1418/16242, time remaining: 16m 41s
Rendered 1419/16242, time remaining: 16m 41s
Rendered 1420/16242, time remaining: 16m 41s
Rendered 1421/16242, time remaining: 16m 41s
Rendered 1422/16242, time remaining: 16m 41s
Rendered 1423/16242, time remaining: 16m 41s
Rendered 1424/16242, time remaining: 16m 41s
Rendered 1425/16242, time remaining: 16m 41s
Rendered 1426/16242, time remaining: 16m 41s
Rendered 1427/16242, time remaining: 16m 41s
Rendered 1428/16242, time remaining: 16m 42s
Rendered 1429/16242, time remaining: 16m 42s
Rendered 1430/16242, time remaining: 16m 42s
Rendered 1431/16242, time remaining: 16m 42s
Rendered 1432/16242, time remaining: 16m 42s
Rendered 1433/16242, time remaining: 16m 42s
Rendered 1434/16242, time remaining: 16m 42s
Rendered 1435/16242, time remaining: 16m 42s
Rendered 1436/16242, time remaining: 16m 42s
Rendered 1437/16242, time remaining: 16m 43s
Rendered 1438/16242, time remaining: 16m 43s
Rendered 1439/16242, time remaining: 16m 43s
Rendered 1440/16242, time remaining: 16m 43s
Rendered 1441/16242, time remaining: 16m 43s
Rendered 1442/16242, time remaining: 16m 43s
Rendered 1443/16242, time remaining: 16m 43s
Rendered 1444/16242, time remaining: 16m 43s
Rendered 1445/16242, time remaining: 16m 43s
Rendered 1446/16242, time remaining: 16m 43s
Rendered 1447/16242, time remaining: 16m 43s
Rendered 1448/16242, time remaining: 16m 43s
Rendered 1449/16242, time remaining: 16m 43s
Rendered 1450/16242, time remaining: 16m 44s
Rendered 1451/16242, time remaining: 16m 44s
Rendered 1452/16242, time remaining: 16m 44s
Rendered 1453/16242, time remaining: 16m 44s
Rendered 1454/16242, time remaining: 16m 44s
Rendered 1455/16242, time remaining: 16m 44s
Rendered 1456/16242, time remaining: 16m 44s
Rendered 1457/16242, time remaining: 16m 44s
Rendered 1458/16242, time remaining: 16m 44s
Rendered 1459/16242, time remaining: 16m 45s
Rendered 1460/16242, time remaining: 16m 44s
Rendered 1461/16242, time remaining: 16m 44s
Rendered 1462/16242, time remaining: 16m 45s
Rendered 1463/16242, time remaining: 16m 45s
Rendered 1464/16242, time remaining: 16m 45s
Rendered 1465/16242, time remaining: 16m 45s
Rendered 1466/16242, time remaining: 16m 45s
Rendered 1467/16242, time remaining: 16m 45s
Rendered 1468/16242, time remaining: 16m 45s
Rendered 1469/16242, time remaining: 16m 45s
Rendered 1470/16242, time remaining: 16m 45s
Rendered 1471/16242, time remaining: 16m 45s
Rendered 1472/16242, time remaining: 16m 46s
Rendered 1473/16242, time remaining: 16m 46s
Rendered 1474/16242, time remaining: 16m 46s
Rendered 1475/16242, time remaining: 16m 46s
Rendered 1476/16242, time remaining: 16m 46s
Rendered 1477/16242, time remaining: 16m 46s
Rendered 1478/16242, time remaining: 16m 46s
Rendered 1479/16242, time remaining: 16m 46s
Rendered 1480/16242, time remaining: 16m 46s
Rendered 1481/16242, time remaining: 16m 46s
Rendered 1482/16242, time remaining: 16m 46s
Rendered 1483/16242, time remaining: 16m 46s
Rendered 1484/16242, time remaining: 16m 46s
Rendered 1485/16242, time remaining: 16m 46s
Rendered 1486/16242, time remaining: 16m 47s
Rendered 1487/16242, time remaining: 16m 47s
Rendered 1488/16242, time remaining: 16m 47s
Rendered 1489/16242, time remaining: 16m 47s
Rendered 1490/16242, time remaining: 16m 47s
Rendered 1491/16242, time remaining: 16m 47s
Rendered 1492/16242, time remaining: 16m 47s
Rendered 1493/16242, time remaining: 16m 47s
Rendered 1494/16242, time remaining: 16m 47s
Rendered 1495/16242, time remaining: 16m 47s
Rendered 1496/16242, time remaining: 16m 47s
Rendered 1497/16242, time remaining: 16m 47s
Rendered 1498/16242, time remaining: 16m 47s
Rendered 1499/16242, time remaining: 16m 47s
Rendered 1500/16242, time remaining: 16m 48s
Rendered 1501/16242, time remaining: 16m 48s
Rendered 1502/16242, time remaining: 16m 48s
Rendered 1503/16242, time remaining: 16m 48s
Rendered 1504/16242, time remaining: 16m 48s
Rendered 1505/16242, time remaining: 16m 48s
Rendered 1506/16242, time remaining: 16m 48s
Rendered 1507/16242, time remaining: 16m 48s
Rendered 1508/16242, time remaining: 16m 48s
Rendered 1509/16242, time remaining: 16m 48s
Rendered 1510/16242, time remaining: 16m 48s
Rendered 1511/16242, time remaining: 16m 48s
Rendered 1512/16242, time remaining: 16m 48s
Rendered 1513/16242, time remaining: 16m 49s
Rendered 1514/16242, time remaining: 16m 49s
Rendered 1515/16242, time remaining: 16m 49s
Rendered 1516/16242, time remaining: 16m 49s
Rendered 1517/16242, time remaining: 16m 49s
Rendered 1518/16242, time remaining: 16m 49s
Rendered 1519/16242, time remaining: 16m 49s
Rendered 1520/16242, time remaining: 16m 49s
Rendered 1521/16242, time remaining: 16m 50s
Rendered 1522/16242, time remaining: 16m 49s
Rendered 1523/16242, time remaining: 16m 50s
Rendered 1524/16242, time remaining: 16m 50s
Rendered 1525/16242, time remaining: 16m 50s
Rendered 1526/16242, time remaining: 16m 50s
Rendered 1527/16242, time remaining: 16m 50s
Rendered 1528/16242, time remaining: 16m 50s
Rendered 1529/16242, time remaining: 16m 50s
Rendered 1530/16242, time remaining: 16m 50s
Rendered 1531/16242, time remaining: 16m 50s
Rendered 1532/16242, time remaining: 16m 50s
Rendered 1533/16242, time remaining: 16m 50s
Rendered 1534/16242, time remaining: 16m 50s
Rendered 1535/16242, time remaining: 16m 50s
Rendered 1536/16242, time remaining: 16m 50s
Rendered 1537/16242, time remaining: 16m 50s
Rendered 1538/16242, time remaining: 16m 50s
Rendered 1539/16242, time remaining: 16m 50s
Rendered 1540/16242, time remaining: 16m 51s
Rendered 1541/16242, time remaining: 16m 51s
Rendered 1542/16242, time remaining: 16m 51s
Rendered 1543/16242, time remaining: 16m 51s
Rendered 1544/16242, time remaining: 16m 51s
Rendered 1545/16242, time remaining: 16m 51s
Rendered 1546/16242, time remaining: 16m 51s
Rendered 1547/16242, time remaining: 16m 51s
Rendered 1548/16242, time remaining: 16m 51s
Rendered 1549/16242, time remaining: 16m 51s
Rendered 1550/16242, time remaining: 16m 51s
Rendered 1551/16242, time remaining: 16m 51s
Rendered 1552/16242, time remaining: 16m 51s
Rendered 1553/16242, time remaining: 16m 51s
Rendered 1554/16242, time remaining: 16m 52s
Rendered 1555/16242, time remaining: 16m 52s
Rendered 1556/16242, time remaining: 16m 52s
Rendered 1557/16242, time remaining: 16m 52s
Rendered 1558/16242, time remaining: 16m 52s
Rendered 1559/16242, time remaining: 16m 52s
Rendered 1560/16242, time remaining: 16m 52s
Rendered 1561/16242, time remaining: 16m 52s
Rendered 1562/16242, time remaining: 16m 52s
Rendered 1563/16242, time remaining: 16m 52s
Rendered 1564/16242, time remaining: 16m 52s
Rendered 1565/16242, time remaining: 16m 52s
Rendered 1566/16242, time remaining: 16m 52s
Rendered 1567/16242, time remaining: 16m 52s
Rendered 1568/16242, time remaining: 16m 52s
Rendered 1569/16242, time remaining: 16m 53s
Rendered 1570/16242, time remaining: 16m 53s
Rendered 1571/16242, time remaining: 16m 52s
Rendered 1572/16242, time remaining: 16m 52s
Rendered 1573/16242, time remaining: 16m 52s
Rendered 1574/16242, time remaining: 16m 52s
Rendered 1575/16242, time remaining: 16m 53s
Rendered 1576/16242, time remaining: 16m 53s
Rendered 1577/16242, time remaining: 16m 53s
Rendered 1578/16242, time remaining: 16m 53s
Rendered 1579/16242, time remaining: 16m 53s
Rendered 1580/16242, time remaining: 16m 53s
Rendered 1581/16242, time remaining: 16m 53s
Rendered 1582/16242, time remaining: 16m 53s
Rendered 1583/16242, time remaining: 16m 53s
Rendered 1584/16242, time remaining: 16m 54s
Rendered 1585/16242, time remaining: 16m 54s
Rendered 1586/16242, time remaining: 16m 54s
Rendered 1587/16242, time remaining: 16m 53s
Rendered 1588/16242, time remaining: 16m 54s
Rendered 1589/16242, time remaining: 16m 54s
Rendered 1590/16242, time remaining: 16m 54s
Rendered 1591/16242, time remaining: 16m 54s
Rendered 1592/16242, time remaining: 16m 54s
Rendered 1593/16242, time remaining: 16m 54s
Rendered 1594/16242, time remaining: 16m 54s
Rendered 1595/16242, time remaining: 16m 54s
Rendered 1596/16242, time remaining: 16m 54s
Rendered 1597/16242, time remaining: 16m 54s
Rendered 1598/16242, time remaining: 16m 55s
Rendered 1599/16242, time remaining: 16m 54s
Rendered 1600/16242, time remaining: 16m 54s
Rendered 1601/16242, time remaining: 16m 54s
Rendered 1602/16242, time remaining: 16m 54s
Rendered 1603/16242, time remaining: 16m 55s
Rendered 1604/16242, time remaining: 16m 55s
Rendered 1605/16242, time remaining: 16m 55s
Rendered 1606/16242, time remaining: 16m 55s
Rendered 1607/16242, time remaining: 16m 55s
Rendered 1608/16242, time remaining: 16m 55s
Rendered 1609/16242, time remaining: 16m 55s
Rendered 1610/16242, time remaining: 16m 55s
Rendered 1611/16242, time remaining: 16m 55s
Rendered 1612/16242, time remaining: 16m 55s
Rendered 1613/16242, time remaining: 16m 55s
Rendered 1614/16242, time remaining: 16m 55s
Rendered 1615/16242, time remaining: 16m 55s
Rendered 1616/16242, time remaining: 16m 55s
Rendered 1617/16242, time remaining: 16m 55s
Rendered 1618/16242, time remaining: 16m 55s
Rendered 1619/16242, time remaining: 16m 56s
Rendered 1620/16242, time remaining: 16m 56s
Rendered 1621/16242, time remaining: 16m 55s
Rendered 1622/16242, time remaining: 16m 55s
Rendered 1623/16242, time remaining: 16m 55s
Rendered 1624/16242, time remaining: 16m 56s
Rendered 1625/16242, time remaining: 16m 56s
Rendered 1626/16242, time remaining: 16m 56s
Rendered 1627/16242, time remaining: 16m 56s
Rendered 1628/16242, time remaining: 16m 56s
Rendered 1629/16242, time remaining: 16m 56s
Rendered 1630/16242, time remaining: 16m 56s
Rendered 1631/16242, time remaining: 16m 56s
Rendered 1632/16242, time remaining: 16m 57s
Rendered 1633/16242, time remaining: 16m 57s
Rendered 1634/16242, time remaining: 16m 57s
Rendered 1635/16242, time remaining: 16m 57s
Rendered 1636/16242, time remaining: 16m 56s
Rendered 1637/16242, time remaining: 16m 56s
Rendered 1638/16242, time remaining: 16m 56s
Rendered 1639/16242, time remaining: 16m 56s
Rendered 1640/16242, time remaining: 16m 56s
Rendered 1641/16242, time remaining: 16m 55s
Rendered 1642/16242, time remaining: 16m 55s
Rendered 1643/16242, time remaining: 16m 55s
Rendered 1644/16242, time remaining: 16m 55s
Rendered 1645/16242, time remaining: 16m 55s
Rendered 1646/16242, time remaining: 16m 55s
Rendered 1647/16242, time remaining: 16m 55s
Rendered 1648/16242, time remaining: 16m 55s
Rendered 1649/16242, time remaining: 16m 55s
Rendered 1650/16242, time remaining: 16m 55s
Rendered 1651/16242, time remaining: 16m 54s
Rendered 1652/16242, time remaining: 16m 54s
Rendered 1653/16242, time remaining: 16m 54s
Rendered 1654/16242, time remaining: 16m 54s
Rendered 1655/16242, time remaining: 16m 54s
Rendered 1656/16242, time remaining: 16m 54s
Rendered 1657/16242, time remaining: 16m 54s
Rendered 1658/16242, time remaining: 16m 54s
Rendered 1659/16242, time remaining: 16m 54s
Rendered 1660/16242, time remaining: 16m 54s
Rendered 1661/16242, time remaining: 16m 54s
Rendered 1662/16242, time remaining: 16m 54s
Rendered 1663/16242, time remaining: 16m 53s
Rendered 1664/16242, time remaining: 16m 53s
Rendered 1665/16242, time remaining: 16m 53s
Rendered 1666/16242, time remaining: 16m 53s
Rendered 1667/16242, time remaining: 16m 53s
Rendered 1668/16242, time remaining: 16m 53s
Rendered 1669/16242, time remaining: 16m 53s
Rendered 1670/16242, time remaining: 16m 53s
Rendered 1671/16242, time remaining: 16m 53s
Rendered 1672/16242, time remaining: 16m 52s
Rendered 1673/16242, time remaining: 16m 52s
Rendered 1674/16242, time remaining: 16m 52s
Rendered 1675/16242, time remaining: 16m 52s
Rendered 1676/16242, time remaining: 16m 52s
Rendered 1677/16242, time remaining: 16m 52s
Rendered 1678/16242, time remaining: 16m 52s
Rendered 1679/16242, time remaining: 16m 52s
Rendered 1680/16242, time remaining: 16m 52s
Rendered 1681/16242, time remaining: 16m 52s
Rendered 1682/16242, time remaining: 16m 52s
Rendered 1683/16242, time remaining: 16m 51s
Rendered 1684/16242, time remaining: 16m 51s
Rendered 1685/16242, time remaining: 16m 51s
Rendered 1686/16242, time remaining: 16m 51s
Rendered 1687/16242, time remaining: 16m 51s
Rendered 1688/16242, time remaining: 16m 51s
Rendered 1689/16242, time remaining: 16m 51s
Rendered 1690/16242, time remaining: 16m 51s
Rendered 1691/16242, time remaining: 16m 51s
Rendered 1692/16242, time remaining: 16m 51s
Rendered 1693/16242, time remaining: 16m 50s
Rendered 1694/16242, time remaining: 16m 50s
Rendered 1695/16242, time remaining: 16m 50s
Rendered 1696/16242, time remaining: 16m 50s
Rendered 1697/16242, time remaining: 16m 50s
Rendered 1698/16242, time remaining: 16m 50s
Rendered 1699/16242, time remaining: 16m 50s
Rendered 1700/16242, time remaining: 16m 50s
Rendered 1701/16242, time remaining: 16m 50s
Rendered 1702/16242, time remaining: 16m 50s
Rendered 1703/16242, time remaining: 16m 50s
Rendered 1704/16242, time remaining: 16m 49s
Rendered 1705/16242, time remaining: 16m 49s
Rendered 1706/16242, time remaining: 16m 49s
Rendered 1707/16242, time remaining: 16m 49s
Rendered 1708/16242, time remaining: 16m 49s
Rendered 1709/16242, time remaining: 16m 49s
Rendered 1710/16242, time remaining: 16m 49s
Rendered 1711/16242, time remaining: 16m 49s
Rendered 1712/16242, time remaining: 16m 49s
Rendered 1713/16242, time remaining: 16m 49s
Rendered 1714/16242, time remaining: 16m 49s
Rendered 1715/16242, time remaining: 16m 49s
Rendered 1716/16242, time remaining: 16m 48s
Rendered 1717/16242, time remaining: 16m 48s
Rendered 1718/16242, time remaining: 16m 48s
Rendered 1719/16242, time remaining: 16m 48s
Rendered 1720/16242, time remaining: 16m 48s
Rendered 1721/16242, time remaining: 16m 48s
Rendered 1722/16242, time remaining: 16m 48s
Rendered 1723/16242, time remaining: 16m 48s
Rendered 1724/16242, time remaining: 16m 48s
Rendered 1725/16242, time remaining: 16m 47s
Rendered 1726/16242, time remaining: 16m 47s
Rendered 1727/16242, time remaining: 16m 47s
Rendered 1728/16242, time remaining: 16m 47s
Rendered 1729/16242, time remaining: 16m 47s
Rendered 1730/16242, time remaining: 16m 47s
Rendered 1731/16242, time remaining: 16m 47s
Rendered 1732/16242, time remaining: 16m 47s
Rendered 1733/16242, time remaining: 16m 46s
Rendered 1734/16242, time remaining: 16m 46s
Rendered 1735/16242, time remaining: 16m 46s
Rendered 1736/16242, time remaining: 16m 46s
Rendered 1737/16242, time remaining: 16m 46s
Rendered 1738/16242, time remaining: 16m 46s
Rendered 1739/16242, time remaining: 16m 46s
Rendered 1740/16242, time remaining: 16m 46s
Rendered 1741/16242, time remaining: 16m 46s
Rendered 1742/16242, time remaining: 16m 46s
Rendered 1743/16242, time remaining: 16m 46s
Rendered 1744/16242, time remaining: 16m 46s
Rendered 1745/16242, time remaining: 16m 46s
Rendered 1746/16242, time remaining: 16m 46s
Rendered 1747/16242, time remaining: 16m 45s
Rendered 1748/16242, time remaining: 16m 45s
Rendered 1749/16242, time remaining: 16m 45s
Rendered 1750/16242, time remaining: 16m 45s
Rendered 1751/16242, time remaining: 16m 45s
Rendered 1752/16242, time remaining: 16m 45s
Rendered 1753/16242, time remaining: 16m 45s
Rendered 1754/16242, time remaining: 16m 45s
Rendered 1755/16242, time remaining: 16m 45s
Rendered 1756/16242, time remaining: 16m 44s
Rendered 1757/16242, time remaining: 16m 44s
Rendered 1758/16242, time remaining: 16m 44s
Rendered 1759/16242, time remaining: 16m 44s
Rendered 1760/16242, time remaining: 16m 44s
Rendered 1761/16242, time remaining: 16m 44s
Rendered 1762/16242, time remaining: 16m 44s
Rendered 1763/16242, time remaining: 16m 44s
Rendered 1764/16242, time remaining: 16m 44s
Rendered 1765/16242, time remaining: 16m 44s
Rendered 1766/16242, time remaining: 16m 44s
Rendered 1767/16242, time remaining: 16m 43s
Rendered 1768/16242, time remaining: 16m 43s
Rendered 1769/16242, time remaining: 16m 43s
Rendered 1770/16242, time remaining: 16m 43s
Rendered 1771/16242, time remaining: 16m 43s
Rendered 1772/16242, time remaining: 16m 43s
Rendered 1773/16242, time remaining: 16m 43s
Rendered 1774/16242, time remaining: 16m 43s
Rendered 1775/16242, time remaining: 16m 43s
Rendered 1776/16242, time remaining: 16m 43s
Rendered 1777/16242, time remaining: 16m 43s
Rendered 1778/16242, time remaining: 16m 43s
Rendered 1779/16242, time remaining: 16m 43s
Rendered 1780/16242, time remaining: 16m 43s
Rendered 1781/16242, time remaining: 16m 42s
Rendered 1782/16242, time remaining: 16m 42s
Rendered 1783/16242, time remaining: 16m 42s
Rendered 1784/16242, time remaining: 16m 42s
Rendered 1785/16242, time remaining: 16m 42s
Rendered 1786/16242, time remaining: 16m 42s
Rendered 1787/16242, time remaining: 16m 42s
Rendered 1788/16242, time remaining: 16m 42s
Rendered 1789/16242, time remaining: 16m 41s
Rendered 1790/16242, time remaining: 16m 41s
Rendered 1791/16242, time remaining: 16m 41s
Rendered 1792/16242, time remaining: 16m 41s
Rendered 1793/16242, time remaining: 16m 42s
Rendered 1794/16242, time remaining: 16m 42s
Rendered 1795/16242, time remaining: 16m 42s
Rendered 1796/16242, time remaining: 16m 41s
Rendered 1797/16242, time remaining: 16m 41s
Rendered 1798/16242, time remaining: 16m 41s
Rendered 1799/16242, time remaining: 16m 41s
Rendered 1800/16242, time remaining: 16m 41s
Rendered 1801/16242, time remaining: 16m 41s
Rendered 1802/16242, time remaining: 16m 41s
Rendered 1803/16242, time remaining: 16m 41s
Rendered 1804/16242, time remaining: 16m 40s
Rendered 1805/16242, time remaining: 16m 40s
Rendered 1806/16242, time remaining: 16m 40s
Rendered 1807/16242, time remaining: 16m 40s
Rendered 1808/16242, time remaining: 16m 40s
Rendered 1809/16242, time remaining: 16m 40s
Rendered 1810/16242, time remaining: 16m 40s
Rendered 1811/16242, time remaining: 16m 40s
Rendered 1812/16242, time remaining: 16m 40s
Rendered 1813/16242, time remaining: 16m 40s
Rendered 1814/16242, time remaining: 16m 40s
Rendered 1815/16242, time remaining: 16m 40s
Rendered 1816/16242, time remaining: 16m 40s
Rendered 1817/16242, time remaining: 16m 40s
Rendered 1818/16242, time remaining: 16m 39s
Rendered 1819/16242, time remaining: 16m 39s
Rendered 1820/16242, time remaining: 16m 39s
Rendered 1821/16242, time remaining: 16m 39s
Rendered 1822/16242, time remaining: 16m 39s
Rendered 1823/16242, time remaining: 16m 39s
Rendered 1824/16242, time remaining: 16m 39s
Rendered 1825/16242, time remaining: 16m 39s
Rendered 1826/16242, time remaining: 16m 39s
Rendered 1827/16242, time remaining: 16m 39s
Rendered 1828/16242, time remaining: 16m 39s
Rendered 1829/16242, time remaining: 16m 38s
Rendered 1830/16242, time remaining: 16m 38s
Rendered 1831/16242, time remaining: 16m 38s
Rendered 1832/16242, time remaining: 16m 38s
Rendered 1833/16242, time remaining: 16m 38s
Rendered 1834/16242, time remaining: 16m 38s
Rendered 1835/16242, time remaining: 16m 38s
Rendered 1836/16242, time remaining: 16m 38s
Rendered 1837/16242, time remaining: 16m 38s
Rendered 1838/16242, time remaining: 16m 38s
Rendered 1839/16242, time remaining: 16m 37s
Rendered 1840/16242, time remaining: 16m 37s
Rendered 1841/16242, time remaining: 16m 37s
Rendered 1842/16242, time remaining: 16m 37s
Rendered 1843/16242, time remaining: 16m 37s
Rendered 1844/16242, time remaining: 16m 37s
Rendered 1845/16242, time remaining: 16m 37s
Rendered 1846/16242, time remaining: 16m 37s
Rendered 1847/16242, time remaining: 16m 37s
Rendered 1848/16242, time remaining: 16m 37s
Rendered 1849/16242, time remaining: 16m 37s
Rendered 1850/16242, time remaining: 16m 36s
Rendered 1851/16242, time remaining: 16m 36s
Rendered 1852/16242, time remaining: 16m 36s
Rendered 1853/16242, time remaining: 16m 36s
Rendered 1854/16242, time remaining: 16m 36s
Rendered 1855/16242, time remaining: 16m 36s
Rendered 1856/16242, time remaining: 16m 36s
Rendered 1857/16242, time remaining: 16m 36s
Rendered 1858/16242, time remaining: 16m 36s
Rendered 1859/16242, time remaining: 16m 36s
Rendered 1860/16242, time remaining: 16m 36s
Rendered 1861/16242, time remaining: 16m 35s
Rendered 1862/16242, time remaining: 16m 35s
Rendered 1863/16242, time remaining: 16m 35s
Rendered 1864/16242, time remaining: 16m 35s
Rendered 1865/16242, time remaining: 16m 35s
Rendered 1866/16242, time remaining: 16m 35s
Rendered 1867/16242, time remaining: 16m 35s
Rendered 1868/16242, time remaining: 16m 35s
Rendered 1869/16242, time remaining: 16m 35s
Rendered 1870/16242, time remaining: 16m 35s
Rendered 1871/16242, time remaining: 16m 35s
Rendered 1872/16242, time remaining: 16m 35s
Rendered 1873/16242, time remaining: 16m 34s
Rendered 1874/16242, time remaining: 16m 34s
Rendered 1875/16242, time remaining: 16m 34s
Rendered 1876/16242, time remaining: 16m 34s
Rendered 1877/16242, time remaining: 16m 34s
Rendered 1878/16242, time remaining: 16m 34s
Rendered 1879/16242, time remaining: 16m 34s
Rendered 1880/16242, time remaining: 16m 34s
Rendered 1881/16242, time remaining: 16m 34s
Rendered 1882/16242, time remaining: 16m 34s
Rendered 1883/16242, time remaining: 16m 34s
Rendered 1884/16242, time remaining: 16m 33s
Rendered 1885/16242, time remaining: 16m 33s
Rendered 1886/16242, time remaining: 16m 33s
Rendered 1887/16242, time remaining: 16m 33s
Rendered 1888/16242, time remaining: 16m 33s
Rendered 1889/16242, time remaining: 16m 33s
Rendered 1890/16242, time remaining: 16m 33s
Rendered 1891/16242, time remaining: 16m 33s
Rendered 1892/16242, time remaining: 16m 33s
Rendered 1893/16242, time remaining: 16m 33s
Rendered 1894/16242, time remaining: 16m 33s
Rendered 1895/16242, time remaining: 16m 32s
Rendered 1896/16242, time remaining: 16m 32s
Rendered 1897/16242, time remaining: 16m 32s
Rendered 1898/16242, time remaining: 16m 32s
Rendered 1899/16242, time remaining: 16m 32s
Rendered 1900/16242, time remaining: 16m 32s
Rendered 1901/16242, time remaining: 16m 32s
Rendered 1902/16242, time remaining: 16m 32s
Rendered 1903/16242, time remaining: 16m 32s
Rendered 1904/16242, time remaining: 16m 32s
Rendered 1905/16242, time remaining: 16m 32s
Rendered 1906/16242, time remaining: 16m 31s
Rendered 1907/16242, time remaining: 16m 31s
Rendered 1908/16242, time remaining: 16m 31s
Rendered 1909/16242, time remaining: 16m 31s
Rendered 1910/16242, time remaining: 16m 31s
Rendered 1911/16242, time remaining: 16m 31s
Rendered 1912/16242, time remaining: 16m 31s
Rendered 1913/16242, time remaining: 16m 31s
Rendered 1914/16242, time remaining: 16m 31s
Rendered 1915/16242, time remaining: 16m 31s
Rendered 1916/16242, time remaining: 16m 31s
Rendered 1917/16242, time remaining: 16m 31s
Rendered 1918/16242, time remaining: 16m 30s
Rendered 1919/16242, time remaining: 16m 30s
Rendered 1920/16242, time remaining: 16m 30s
Rendered 1921/16242, time remaining: 16m 30s
Rendered 1922/16242, time remaining: 16m 30s
Rendered 1923/16242, time remaining: 16m 30s
Rendered 1924/16242, time remaining: 16m 30s
Rendered 1925/16242, time remaining: 16m 30s
Rendered 1926/16242, time remaining: 16m 30s
Rendered 1927/16242, time remaining: 16m 30s
Rendered 1928/16242, time remaining: 16m 30s
Rendered 1929/16242, time remaining: 16m 30s
Rendered 1930/16242, time remaining: 16m 29s
Rendered 1931/16242, time remaining: 16m 29s
Rendered 1932/16242, time remaining: 16m 29s
Rendered 1933/16242, time remaining: 16m 29s
Rendered 1934/16242, time remaining: 16m 29s
Rendered 1935/16242, time remaining: 16m 29s
Rendered 1936/16242, time remaining: 16m 29s
Rendered 1937/16242, time remaining: 16m 29s
Rendered 1938/16242, time remaining: 16m 29s
Rendered 1939/16242, time remaining: 16m 29s
Rendered 1940/16242, time remaining: 16m 29s
Rendered 1941/16242, time remaining: 16m 29s
Rendered 1942/16242, time remaining: 16m 29s
Rendered 1943/16242, time remaining: 16m 28s
Rendered 1944/16242, time remaining: 16m 28s
Rendered 1945/16242, time remaining: 16m 28s
Rendered 1946/16242, time remaining: 16m 28s
Rendered 1947/16242, time remaining: 16m 28s
Rendered 1948/16242, time remaining: 16m 28s
Rendered 1949/16242, time remaining: 16m 28s
Rendered 1950/16242, time remaining: 16m 28s
Rendered 1951/16242, time remaining: 16m 28s
Rendered 1952/16242, time remaining: 16m 27s
Rendered 1953/16242, time remaining: 16m 27s
Rendered 1954/16242, time remaining: 16m 27s
Rendered 1955/16242, time remaining: 16m 27s
Rendered 1956/16242, time remaining: 16m 27s
Rendered 1957/16242, time remaining: 16m 27s
Rendered 1958/16242, time remaining: 16m 27s
Rendered 1959/16242, time remaining: 16m 27s
Rendered 1960/16242, time remaining: 16m 27s
Rendered 1961/16242, time remaining: 16m 27s
Rendered 1962/16242, time remaining: 16m 27s
Rendered 1963/16242, time remaining: 16m 27s
Rendered 1964/16242, time remaining: 16m 26s
Rendered 1965/16242, time remaining: 16m 26s
Rendered 1966/16242, time remaining: 16m 26s
Rendered 1967/16242, time remaining: 16m 26s
Rendered 1968/16242, time remaining: 16m 26s
Rendered 1969/16242, time remaining: 16m 26s
Rendered 1970/16242, time remaining: 16m 26s
Rendered 1971/16242, time remaining: 16m 26s
Rendered 1972/16242, time remaining: 16m 26s
Rendered 1973/16242, time remaining: 16m 26s
Rendered 1974/16242, time remaining: 16m 25s
Rendered 1975/16242, time remaining: 16m 25s
Rendered 1976/16242, time remaining: 16m 25s
Rendered 1977/16242, time remaining: 16m 25s
Rendered 1978/16242, time remaining: 16m 25s
Rendered 1979/16242, time remaining: 16m 25s
Rendered 1980/16242, time remaining: 16m 25s
Rendered 1981/16242, time remaining: 16m 25s
Rendered 1982/16242, time remaining: 16m 25s
Rendered 1983/16242, time remaining: 16m 25s
Rendered 1984/16242, time remaining: 16m 25s
Rendered 1985/16242, time remaining: 16m 25s
Rendered 1986/16242, time remaining: 16m 25s
Rendered 1987/16242, time remaining: 16m 24s
Rendered 1988/16242, time remaining: 16m 24s
Rendered 1989/16242, time remaining: 16m 24s
Rendered 1990/16242, time remaining: 16m 24s
Rendered 1991/16242, time remaining: 16m 24s
Rendered 1992/16242, time remaining: 16m 24s
Rendered 1993/16242, time remaining: 16m 24s
Rendered 1994/16242, time remaining: 16m 24s
Rendered 1995/16242, time remaining: 16m 24s
Rendered 1996/16242, time remaining: 16m 24s
Rendered 1997/16242, time remaining: 16m 24s
Rendered 1998/16242, time remaining: 16m 23s
Rendered 1999/16242, time remaining: 16m 23s
Rendered 2000/16242, time remaining: 16m 23s
Rendered 2001/16242, time remaining: 16m 23s
Rendered 2002/16242, time remaining: 16m 23s
Rendered 2003/16242, time remaining: 16m 23s
Rendered 2004/16242, time remaining: 16m 23s
Rendered 2005/16242, time remaining: 16m 23s
Rendered 2006/16242, time remaining: 16m 23s
Rendered 2007/16242, time remaining: 16m 23s
Rendered 2008/16242, time remaining: 16m 23s
Rendered 2009/16242, time remaining: 16m 22s
Rendered 2010/16242, time remaining: 16m 22s
Rendered 2011/16242, time remaining: 16m 22s
Rendered 2012/16242, time remaining: 16m 22s
Rendered 2013/16242, time remaining: 16m 22s
Rendered 2014/16242, time remaining: 16m 22s
Rendered 2015/16242, time remaining: 16m 22s
Rendered 2016/16242, time remaining: 16m 22s
Rendered 2017/16242, time remaining: 16m 22s
Rendered 2018/16242, time remaining: 16m 22s
Rendered 2019/16242, time remaining: 16m 22s
Rendered 2020/16242, time remaining: 16m 22s
Rendered 2021/16242, time remaining: 16m 21s
Rendered 2022/16242, time remaining: 16m 21s
Rendered 2023/16242, time remaining: 16m 21s
Rendered 2024/16242, time remaining: 16m 21s
Rendered 2025/16242, time remaining: 16m 21s
Rendered 2026/16242, time remaining: 16m 21s
Rendered 2027/16242, time remaining: 16m 21s
Rendered 2028/16242, time remaining: 16m 21s
Rendered 2029/16242, time remaining: 16m 21s
Rendered 2030/16242, time remaining: 16m 21s
Rendered 2031/16242, time remaining: 16m 21s
Rendered 2032/16242, time remaining: 16m 21s
Rendered 2033/16242, time remaining: 16m 20s
Rendered 2034/16242, time remaining: 16m 20s
Rendered 2035/16242, time remaining: 16m 20s
Rendered 2036/16242, time remaining: 16m 20s
Rendered 2037/16242, time remaining: 16m 20s
Rendered 2038/16242, time remaining: 16m 20s
Rendered 2039/16242, time remaining: 16m 20s
Rendered 2040/16242, time remaining: 16m 20s
Rendered 2041/16242, time remaining: 16m 20s
Rendered 2042/16242, time remaining: 16m 20s
Rendered 2043/16242, time remaining: 16m 20s
Rendered 2044/16242, time remaining: 16m 19s
Rendered 2045/16242, time remaining: 16m 19s
Rendered 2046/16242, time remaining: 16m 19s
Rendered 2047/16242, time remaining: 16m 19s
Rendered 2048/16242, time remaining: 16m 19s
Rendered 2049/16242, time remaining: 16m 19s
Rendered 2050/16242, time remaining: 16m 19s
Rendered 2051/16242, time remaining: 16m 19s
Rendered 2052/16242, time remaining: 16m 19s
Rendered 2053/16242, time remaining: 16m 19s
Rendered 2054/16242, time remaining: 16m 19s
Rendered 2055/16242, time remaining: 16m 19s
Rendered 2056/16242, time remaining: 16m 18s
Rendered 2057/16242, time remaining: 16m 18s
Rendered 2058/16242, time remaining: 16m 18s
Rendered 2059/16242, time remaining: 16m 18s
Rendered 2060/16242, time remaining: 16m 18s
Rendered 2061/16242, time remaining: 16m 18s
Rendered 2062/16242, time remaining: 16m 18s
Rendered 2063/16242, time remaining: 16m 18s
Rendered 2064/16242, time remaining: 16m 18s
Rendered 2065/16242, time remaining: 16m 18s
Rendered 2066/16242, time remaining: 16m 18s
Rendered 2067/16242, time remaining: 16m 17s
Rendered 2068/16242, time remaining: 16m 17s
Rendered 2069/16242, time remaining: 16m 17s
Rendered 2070/16242, time remaining: 16m 17s
Rendered 2071/16242, time remaining: 16m 17s
Rendered 2072/16242, time remaining: 16m 17s
Rendered 2073/16242, time remaining: 16m 17s
Rendered 2074/16242, time remaining: 16m 17s
Rendered 2075/16242, time remaining: 16m 17s
Rendered 2076/16242, time remaining: 16m 17s
Rendered 2077/16242, time remaining: 16m 17s
Rendered 2078/16242, time remaining: 16m 16s
Rendered 2079/16242, time remaining: 16m 16s
Rendered 2080/16242, time remaining: 16m 16s
Rendered 2081/16242, time remaining: 16m 16s
Rendered 2082/16242, time remaining: 16m 16s
Rendered 2083/16242, time remaining: 16m 16s
Rendered 2084/16242, time remaining: 16m 16s
Rendered 2085/16242, time remaining: 16m 16s
Rendered 2086/16242, time remaining: 16m 16s
Rendered 2087/16242, time remaining: 16m 16s
Rendered 2088/16242, time remaining: 16m 16s
Rendered 2089/16242, time remaining: 16m 16s
Rendered 2090/16242, time remaining: 16m 16s
Rendered 2091/16242, time remaining: 16m 15s
Rendered 2092/16242, time remaining: 16m 15s
Rendered 2093/16242, time remaining: 16m 15s
Rendered 2094/16242, time remaining: 16m 15s
Rendered 2095/16242, time remaining: 16m 15s
Rendered 2096/16242, time remaining: 16m 15s
Rendered 2097/16242, time remaining: 16m 15s
Rendered 2098/16242, time remaining: 16m 15s
Rendered 2099/16242, time remaining: 16m 15s
Rendered 2100/16242, time remaining: 16m 15s
Rendered 2101/16242, time remaining: 16m 15s
Rendered 2102/16242, time remaining: 16m 15s
Rendered 2103/16242, time remaining: 16m 14s
Rendered 2104/16242, time remaining: 16m 14s
Rendered 2105/16242, time remaining: 16m 14s
Rendered 2106/16242, time remaining: 16m 14s
Rendered 2107/16242, time remaining: 16m 14s
Rendered 2108/16242, time remaining: 16m 14s
Rendered 2109/16242, time remaining: 16m 14s
Rendered 2110/16242, time remaining: 16m 14s
Rendered 2111/16242, time remaining: 16m 13s
Rendered 2112/16242, time remaining: 16m 13s
Rendered 2113/16242, time remaining: 16m 13s
Rendered 2114/16242, time remaining: 16m 13s
Rendered 2115/16242, time remaining: 16m 13s
Rendered 2116/16242, time remaining: 16m 13s
Rendered 2117/16242, time remaining: 16m 13s
Rendered 2118/16242, time remaining: 16m 12s
Rendered 2119/16242, time remaining: 16m 12s
Rendered 2120/16242, time remaining: 16m 12s
Rendered 2121/16242, time remaining: 16m 12s
Rendered 2122/16242, time remaining: 16m 12s
Rendered 2123/16242, time remaining: 16m 12s
Rendered 2124/16242, time remaining: 16m 12s
Rendered 2125/16242, time remaining: 16m 12s
Rendered 2126/16242, time remaining: 16m 12s
Rendered 2127/16242, time remaining: 16m 12s
Rendered 2128/16242, time remaining: 16m 12s
Rendered 2129/16242, time remaining: 16m 11s
Rendered 2130/16242, time remaining: 16m 11s
Rendered 2131/16242, time remaining: 16m 11s
Rendered 2132/16242, time remaining: 16m 11s
Rendered 2133/16242, time remaining: 16m 11s
Rendered 2134/16242, time remaining: 16m 11s
Rendered 2135/16242, time remaining: 16m 11s
Rendered 2136/16242, time remaining: 16m 11s
Rendered 2137/16242, time remaining: 16m 11s
Rendered 2138/16242, time remaining: 16m 11s
Rendered 2139/16242, time remaining: 16m 11s
Rendered 2140/16242, time remaining: 16m 10s
Rendered 2141/16242, time remaining: 16m 10s
Rendered 2142/16242, time remaining: 16m 10s
Rendered 2143/16242, time remaining: 16m 10s
Rendered 2144/16242, time remaining: 16m 10s
Rendered 2145/16242, time remaining: 16m 10s
Rendered 2146/16242, time remaining: 16m 10s
Rendered 2147/16242, time remaining: 16m 10s
Rendered 2148/16242, time remaining: 16m 10s
Rendered 2149/16242, time remaining: 16m 10s
Rendered 2150/16242, time remaining: 16m 10s
Rendered 2151/16242, time remaining: 16m 10s
Rendered 2152/16242, time remaining: 16m 9s
Rendered 2153/16242, time remaining: 16m 9s
Rendered 2154/16242, time remaining: 16m 9s
Rendered 2155/16242, time remaining: 16m 9s
Rendered 2156/16242, time remaining: 16m 9s
Rendered 2157/16242, time remaining: 16m 9s
Rendered 2158/16242, time remaining: 16m 9s
Rendered 2159/16242, time remaining: 16m 9s
Rendered 2160/16242, time remaining: 16m 9s
Rendered 2161/16242, time remaining: 16m 9s
Rendered 2162/16242, time remaining: 16m 9s
Rendered 2163/16242, time remaining: 16m 9s
Rendered 2164/16242, time remaining: 16m 9s
Rendered 2165/16242, time remaining: 16m 8s
Rendered 2166/16242, time remaining: 16m 8s
Rendered 2167/16242, time remaining: 16m 8s
Rendered 2168/16242, time remaining: 16m 8s
Rendered 2169/16242, time remaining: 16m 8s
Rendered 2170/16242, time remaining: 16m 8s
Rendered 2171/16242, time remaining: 16m 8s
Rendered 2172/16242, time remaining: 16m 8s
Rendered 2173/16242, time remaining: 16m 8s
Rendered 2174/16242, time remaining: 16m 8s
Rendered 2175/16242, time remaining: 16m 8s
Rendered 2176/16242, time remaining: 16m 7s
Rendered 2177/16242, time remaining: 16m 7s
Rendered 2178/16242, time remaining: 16m 7s
Rendered 2179/16242, time remaining: 16m 7s
Rendered 2180/16242, time remaining: 16m 7s
Rendered 2181/16242, time remaining: 16m 7s
Rendered 2182/16242, time remaining: 16m 7s
Rendered 2183/16242, time remaining: 16m 7s
Rendered 2184/16242, time remaining: 16m 7s
Rendered 2185/16242, time remaining: 16m 7s
Rendered 2186/16242, time remaining: 16m 7s
Rendered 2187/16242, time remaining: 16m 7s
Rendered 2188/16242, time remaining: 16m 7s
Rendered 2189/16242, time remaining: 16m 6s
Rendered 2190/16242, time remaining: 16m 6s
Rendered 2191/16242, time remaining: 16m 6s
Rendered 2192/16242, time remaining: 16m 6s
Rendered 2193/16242, time remaining: 16m 6s
Rendered 2194/16242, time remaining: 16m 6s
Rendered 2195/16242, time remaining: 16m 6s
Rendered 2196/16242, time remaining: 16m 6s
Rendered 2197/16242, time remaining: 16m 6s
Rendered 2198/16242, time remaining: 16m 6s
Rendered 2199/16242, time remaining: 16m 6s
Rendered 2200/16242, time remaining: 16m 6s
Rendered 2201/16242, time remaining: 16m 5s
Rendered 2202/16242, time remaining: 16m 5s
Rendered 2203/16242, time remaining: 16m 5s
Rendered 2204/16242, time remaining: 16m 5s
Rendered 2205/16242, time remaining: 16m 5s
Rendered 2206/16242, time remaining: 16m 5s
Rendered 2207/16242, time remaining: 16m 5s
Rendered 2208/16242, time remaining: 16m 5s
Rendered 2209/16242, time remaining: 16m 5s
Rendered 2210/16242, time remaining: 16m 5s
Rendered 2211/16242, time remaining: 16m 5s
Rendered 2212/16242, time remaining: 16m 5s
Rendered 2213/16242, time remaining: 16m 4s
Rendered 2214/16242, time remaining: 16m 4s
Rendered 2215/16242, time remaining: 16m 4s
Rendered 2216/16242, time remaining: 16m 4s
Rendered 2217/16242, time remaining: 16m 4s
Rendered 2218/16242, time remaining: 16m 4s
Rendered 2219/16242, time remaining: 16m 4s
Rendered 2220/16242, time remaining: 16m 4s
Rendered 2221/16242, time remaining: 16m 4s
Rendered 2222/16242, time remaining: 16m 4s
Rendered 2223/16242, time remaining: 16m 4s
Rendered 2224/16242, time remaining: 16m 4s
Rendered 2225/16242, time remaining: 16m 3s
Rendered 2226/16242, time remaining: 16m 3s
Rendered 2227/16242, time remaining: 16m 3s
Rendered 2228/16242, time remaining: 16m 3s
Rendered 2229/16242, time remaining: 16m 3s
Rendered 2230/16242, time remaining: 16m 3s
Rendered 2231/16242, time remaining: 16m 3s
Rendered 2232/16242, time remaining: 16m 3s
Rendered 2233/16242, time remaining: 16m 3s
Rendered 2234/16242, time remaining: 16m 3s
Rendered 2235/16242, time remaining: 16m 3s
Rendered 2236/16242, time remaining: 16m 3s
Rendered 2237/16242, time remaining: 16m 2s
Rendered 2238/16242, time remaining: 16m 2s
Rendered 2239/16242, time remaining: 16m 2s
Rendered 2240/16242, time remaining: 16m 2s
Rendered 2241/16242, time remaining: 16m 2s
Rendered 2242/16242, time remaining: 16m 2s
Rendered 2243/16242, time remaining: 16m 2s
Rendered 2244/16242, time remaining: 16m 2s
Rendered 2245/16242, time remaining: 16m 2s
Rendered 2246/16242, time remaining: 16m 2s
Rendered 2247/16242, time remaining: 16m 2s
Rendered 2248/16242, time remaining: 16m 2s
Rendered 2249/16242, time remaining: 16m 1s
Rendered 2250/16242, time remaining: 16m 1s
Rendered 2251/16242, time remaining: 16m 1s
Rendered 2252/16242, time remaining: 16m 1s
Rendered 2253/16242, time remaining: 16m 1s
Rendered 2254/16242, time remaining: 16m 1s
Rendered 2255/16242, time remaining: 16m 1s
Rendered 2256/16242, time remaining: 16m 1s
Rendered 2257/16242, time remaining: 16m 1s
Rendered 2258/16242, time remaining: 16m 1s
Rendered 2259/16242, time remaining: 16m 1s
Rendered 2260/16242, time remaining: 16m 1s
Rendered 2261/16242, time remaining: 16m 1s
Rendered 2262/16242, time remaining: 16m 0s
Rendered 2263/16242, time remaining: 16m 0s
Rendered 2264/16242, time remaining: 16m 0s
Rendered 2265/16242, time remaining: 16m 0s
Rendered 2266/16242, time remaining: 16m 0s
Rendered 2267/16242, time remaining: 16m 0s
Rendered 2268/16242, time remaining: 16m 0s
Rendered 2269/16242, time remaining: 16m 0s
Rendered 2270/16242, time remaining: 16m 0s
Rendered 2271/16242, time remaining: 16m 0s
Rendered 2272/16242, time remaining: 16m 0s
Rendered 2273/16242, time remaining: 15m 59s
Rendered 2274/16242, time remaining: 15m 59s
Rendered 2275/16242, time remaining: 15m 59s
Rendered 2276/16242, time remaining: 15m 59s
Rendered 2277/16242, time remaining: 15m 59s
Rendered 2278/16242, time remaining: 15m 59s
Rendered 2279/16242, time remaining: 15m 59s
Rendered 2280/16242, time remaining: 15m 59s
Rendered 2281/16242, time remaining: 15m 59s
Rendered 2282/16242, time remaining: 15m 59s
Rendered 2283/16242, time remaining: 15m 59s
Rendered 2284/16242, time remaining: 15m 59s
Rendered 2285/16242, time remaining: 15m 58s
Rendered 2286/16242, time remaining: 15m 58s
Rendered 2287/16242, time remaining: 15m 58s
Rendered 2288/16242, time remaining: 15m 58s
Rendered 2289/16242, time remaining: 15m 58s
Rendered 2290/16242, time remaining: 15m 58s
Rendered 2291/16242, time remaining: 15m 58s
Rendered 2292/16242, time remaining: 15m 58s
Rendered 2293/16242, time remaining: 15m 58s
Rendered 2294/16242, time remaining: 15m 58s
Rendered 2295/16242, time remaining: 15m 58s
Rendered 2296/16242, time remaining: 15m 58s
Rendered 2297/16242, time remaining: 15m 58s
Rendered 2298/16242, time remaining: 15m 57s
Rendered 2299/16242, time remaining: 15m 57s
Rendered 2300/16242, time remaining: 15m 57s
Rendered 2301/16242, time remaining: 15m 57s
Rendered 2302/16242, time remaining: 15m 57s
Rendered 2303/16242, time remaining: 15m 57s
Rendered 2304/16242, time remaining: 15m 57s
Rendered 2305/16242, time remaining: 15m 57s
Rendered 2306/16242, time remaining: 15m 57s
Rendered 2307/16242, time remaining: 15m 57s
Rendered 2308/16242, time remaining: 15m 57s
Rendered 2309/16242, time remaining: 15m 57s
Rendered 2310/16242, time remaining: 15m 56s
Rendered 2311/16242, time remaining: 15m 56s
Rendered 2312/16242, time remaining: 15m 56s
Rendered 2313/16242, time remaining: 15m 56s
Rendered 2314/16242, time remaining: 15m 56s
Rendered 2315/16242, time remaining: 15m 56s
Rendered 2316/16242, time remaining: 15m 56s
Rendered 2317/16242, time remaining: 15m 56s
Rendered 2318/16242, time remaining: 15m 56s
Rendered 2319/16242, time remaining: 15m 56s
Rendered 2320/16242, time remaining: 15m 56s
Rendered 2321/16242, time remaining: 15m 56s
Rendered 2322/16242, time remaining: 15m 56s
Rendered 2323/16242, time remaining: 15m 55s
Rendered 2324/16242, time remaining: 15m 55s
Rendered 2325/16242, time remaining: 15m 55s
Rendered 2326/16242, time remaining: 15m 55s
Rendered 2327/16242, time remaining: 15m 55s
Rendered 2328/16242, time remaining: 15m 55s
Rendered 2329/16242, time remaining: 15m 55s
Rendered 2330/16242, time remaining: 15m 55s
Rendered 2331/16242, time remaining: 15m 55s
Rendered 2332/16242, time remaining: 15m 55s
Rendered 2333/16242, time remaining: 15m 55s
Rendered 2334/16242, time remaining: 15m 55s
Rendered 2335/16242, time remaining: 15m 55s
Rendered 2336/16242, time remaining: 15m 54s
Rendered 2337/16242, time remaining: 15m 54s
Rendered 2338/16242, time remaining: 15m 54s
Rendered 2339/16242, time remaining: 15m 54s
Rendered 2340/16242, time remaining: 15m 54s
Rendered 2341/16242, time remaining: 15m 54s
Rendered 2342/16242, time remaining: 15m 54s
Rendered 2343/16242, time remaining: 15m 54s
Rendered 2344/16242, time remaining: 15m 54s
Rendered 2345/16242, time remaining: 15m 54s
Rendered 2346/16242, time remaining: 15m 54s
Rendered 2347/16242, time remaining: 15m 53s
Rendered 2348/16242, time remaining: 15m 53s
Rendered 2349/16242, time remaining: 15m 53s
Rendered 2350/16242, time remaining: 15m 53s
Rendered 2351/16242, time remaining: 15m 53s
Rendered 2352/16242, time remaining: 15m 53s
Rendered 2353/16242, time remaining: 15m 53s
Rendered 2354/16242, time remaining: 15m 53s
Rendered 2355/16242, time remaining: 15m 53s
Rendered 2356/16242, time remaining: 15m 53s
Rendered 2357/16242, time remaining: 15m 53s
Rendered 2358/16242, time remaining: 15m 53s
Rendered 2359/16242, time remaining: 15m 53s
Rendered 2360/16242, time remaining: 15m 52s
Rendered 2361/16242, time remaining: 15m 52s
Rendered 2362/16242, time remaining: 15m 52s
Rendered 2363/16242, time remaining: 15m 52s
Rendered 2364/16242, time remaining: 15m 52s
Rendered 2365/16242, time remaining: 15m 52s
Rendered 2366/16242, time remaining: 15m 52s
Rendered 2367/16242, time remaining: 15m 52s
Rendered 2368/16242, time remaining: 15m 52s
Rendered 2369/16242, time remaining: 15m 52s
Rendered 2370/16242, time remaining: 15m 52s
Rendered 2371/16242, time remaining: 15m 52s
Rendered 2372/16242, time remaining: 15m 51s
Rendered 2373/16242, time remaining: 15m 51s
Rendered 2374/16242, time remaining: 15m 51s
Rendered 2375/16242, time remaining: 15m 51s
Rendered 2376/16242, time remaining: 15m 51s
Rendered 2377/16242, time remaining: 15m 51s
Rendered 2378/16242, time remaining: 15m 51s
Rendered 2379/16242, time remaining: 15m 51s
Rendered 2380/16242, time remaining: 15m 51s
Rendered 2381/16242, time remaining: 15m 50s
Rendered 2382/16242, time remaining: 15m 50s
Rendered 2383/16242, time remaining: 15m 50s
Rendered 2384/16242, time remaining: 15m 50s
Rendered 2385/16242, time remaining: 15m 50s
Rendered 2386/16242, time remaining: 15m 50s
Rendered 2387/16242, time remaining: 15m 50s
Rendered 2388/16242, time remaining: 15m 50s
Rendered 2389/16242, time remaining: 15m 50s
Rendered 2390/16242, time remaining: 15m 50s
Rendered 2391/16242, time remaining: 15m 50s
Rendered 2392/16242, time remaining: 15m 50s
Rendered 2393/16242, time remaining: 15m 50s
Rendered 2394/16242, time remaining: 15m 49s
Rendered 2395/16242, time remaining: 15m 49s
Rendered 2396/16242, time remaining: 15m 49s
Rendered 2397/16242, time remaining: 15m 49s
Rendered 2398/16242, time remaining: 15m 49s
Rendered 2399/16242, time remaining: 15m 49s
Rendered 2400/16242, time remaining: 15m 49s
Rendered 2401/16242, time remaining: 15m 49s
Rendered 2402/16242, time remaining: 15m 49s
Rendered 2403/16242, time remaining: 15m 49s
Rendered 2404/16242, time remaining: 15m 49s
Rendered 2405/16242, time remaining: 15m 49s
Rendered 2406/16242, time remaining: 15m 48s
Rendered 2407/16242, time remaining: 15m 48s
Rendered 2408/16242, time remaining: 15m 48s
Rendered 2409/16242, time remaining: 15m 48s
Rendered 2410/16242, time remaining: 15m 48s
Rendered 2411/16242, time remaining: 15m 48s
Rendered 2412/16242, time remaining: 15m 48s
Rendered 2413/16242, time remaining: 15m 48s
Rendered 2414/16242, time remaining: 15m 48s
Rendered 2415/16242, time remaining: 15m 48s
Rendered 2416/16242, time remaining: 15m 48s
Rendered 2417/16242, time remaining: 15m 48s
Rendered 2418/16242, time remaining: 15m 48s
Rendered 2419/16242, time remaining: 15m 47s
Rendered 2420/16242, time remaining: 15m 47s
Rendered 2421/16242, time remaining: 15m 47s
Rendered 2422/16242, time remaining: 15m 47s
Rendered 2423/16242, time remaining: 15m 47s
Rendered 2424/16242, time remaining: 15m 47s
Rendered 2425/16242, time remaining: 15m 47s
Rendered 2426/16242, time remaining: 15m 47s
Rendered 2427/16242, time remaining: 15m 47s
Rendered 2428/16242, time remaining: 15m 47s
Rendered 2429/16242, time remaining: 15m 47s
Rendered 2430/16242, time remaining: 15m 47s
Rendered 2431/16242, time remaining: 15m 47s
Rendered 2432/16242, time remaining: 15m 46s
Rendered 2433/16242, time remaining: 15m 46s
Rendered 2434/16242, time remaining: 15m 46s
Rendered 2435/16242, time remaining: 15m 46s
Rendered 2436/16242, time remaining: 15m 46s
Rendered 2437/16242, time remaining: 15m 46s
Rendered 2438/16242, time remaining: 15m 46s
Rendered 2439/16242, time remaining: 15m 46s
Rendered 2440/16242, time remaining: 15m 46s
Rendered 2441/16242, time remaining: 15m 46s
Rendered 2442/16242, time remaining: 15m 46s
Rendered 2443/16242, time remaining: 15m 46s
Rendered 2444/16242, time remaining: 15m 45s
Rendered 2445/16242, time remaining: 15m 45s
Rendered 2446/16242, time remaining: 15m 45s
Rendered 2447/16242, time remaining: 15m 45s
Rendered 2448/16242, time remaining: 15m 45s
Rendered 2449/16242, time remaining: 15m 45s
Rendered 2450/16242, time remaining: 15m 45s
Rendered 2451/16242, time remaining: 15m 45s
Rendered 2452/16242, time remaining: 15m 45s
Rendered 2453/16242, time remaining: 15m 45s
Rendered 2454/16242, time remaining: 15m 45s
Rendered 2455/16242, time remaining: 15m 45s
Rendered 2456/16242, time remaining: 15m 45s
Rendered 2457/16242, time remaining: 15m 44s
Rendered 2458/16242, time remaining: 15m 44s
Rendered 2459/16242, time remaining: 15m 44s
Rendered 2460/16242, time remaining: 15m 44s
Rendered 2461/16242, time remaining: 15m 44s
Rendered 2462/16242, time remaining: 15m 44s
Rendered 2463/16242, time remaining: 15m 44s
Rendered 2464/16242, time remaining: 15m 44s
Rendered 2465/16242, time remaining: 15m 44s
Rendered 2466/16242, time remaining: 15m 44s
Rendered 2467/16242, time remaining: 15m 44s
Rendered 2468/16242, time remaining: 15m 44s
Rendered 2469/16242, time remaining: 15m 43s
Rendered 2470/16242, time remaining: 15m 43s
Rendered 2471/16242, time remaining: 15m 43s
Rendered 2472/16242, time remaining: 15m 43s
Rendered 2473/16242, time remaining: 15m 43s
Rendered 2474/16242, time remaining: 15m 43s
Rendered 2475/16242, time remaining: 15m 43s
Rendered 2476/16242, time remaining: 15m 43s
Rendered 2477/16242, time remaining: 15m 43s
Rendered 2478/16242, time remaining: 15m 43s
Rendered 2479/16242, time remaining: 15m 43s
Rendered 2480/16242, time remaining: 15m 43s
Rendered 2481/16242, time remaining: 15m 43s
Rendered 2482/16242, time remaining: 15m 42s
Rendered 2483/16242, time remaining: 15m 42s
Rendered 2484/16242, time remaining: 15m 42s
Rendered 2485/16242, time remaining: 15m 42s
Rendered 2486/16242, time remaining: 15m 42s
Rendered 2487/16242, time remaining: 15m 42s
Rendered 2488/16242, time remaining: 15m 42s
Rendered 2489/16242, time remaining: 15m 42s
Rendered 2490/16242, time remaining: 15m 42s
Rendered 2491/16242, time remaining: 15m 42s
Rendered 2492/16242, time remaining: 15m 42s
Rendered 2493/16242, time remaining: 15m 42s
Rendered 2494/16242, time remaining: 15m 42s
Rendered 2495/16242, time remaining: 15m 41s
Rendered 2496/16242, time remaining: 15m 41s
Rendered 2497/16242, time remaining: 15m 41s
Rendered 2498/16242, time remaining: 15m 41s
Rendered 2499/16242, time remaining: 15m 41s
Rendered 2500/16242, time remaining: 15m 41s
Rendered 2501/16242, time remaining: 15m 41s
Rendered 2502/16242, time remaining: 15m 41s
Rendered 2503/16242, time remaining: 15m 41s
Rendered 2504/16242, time remaining: 15m 41s
Rendered 2505/16242, time remaining: 15m 41s
Rendered 2506/16242, time remaining: 15m 41s
Rendered 2507/16242, time remaining: 15m 41s
Rendered 2508/16242, time remaining: 15m 40s
Rendered 2509/16242, time remaining: 15m 40s
Rendered 2510/16242, time remaining: 15m 40s
Rendered 2511/16242, time remaining: 15m 40s
Rendered 2512/16242, time remaining: 15m 40s
Rendered 2513/16242, time remaining: 15m 40s
Rendered 2514/16242, time remaining: 15m 40s
Rendered 2515/16242, time remaining: 15m 40s
Rendered 2516/16242, time remaining: 15m 40s
Rendered 2517/16242, time remaining: 15m 40s
Rendered 2518/16242, time remaining: 15m 40s
Rendered 2519/16242, time remaining: 15m 40s
Rendered 2520/16242, time remaining: 15m 39s
Rendered 2521/16242, time remaining: 15m 39s
Rendered 2522/16242, time remaining: 15m 39s
Rendered 2523/16242, time remaining: 15m 39s
Rendered 2524/16242, time remaining: 15m 39s
Rendered 2525/16242, time remaining: 15m 39s
Rendered 2526/16242, time remaining: 15m 39s
Rendered 2527/16242, time remaining: 15m 39s
Rendered 2528/16242, time remaining: 15m 39s
Rendered 2529/16242, time remaining: 15m 39s
Rendered 2530/16242, time remaining: 15m 39s
Rendered 2531/16242, time remaining: 15m 39s
Rendered 2532/16242, time remaining: 15m 38s
Rendered 2533/16242, time remaining: 15m 38s
Rendered 2534/16242, time remaining: 15m 38s
Rendered 2535/16242, time remaining: 15m 38s
Rendered 2536/16242, time remaining: 15m 38s
Rendered 2537/16242, time remaining: 15m 38s
Rendered 2538/16242, time remaining: 15m 38s
Rendered 2539/16242, time remaining: 15m 38s
Rendered 2540/16242, time remaining: 15m 38s
Rendered 2541/16242, time remaining: 15m 38s
Rendered 2542/16242, time remaining: 15m 38s
Rendered 2543/16242, time remaining: 15m 38s
Rendered 2544/16242, time remaining: 15m 38s
Rendered 2545/16242, time remaining: 15m 38s
Rendered 2546/16242, time remaining: 15m 37s
Rendered 2547/16242, time remaining: 15m 37s
Rendered 2548/16242, time remaining: 15m 37s
Rendered 2549/16242, time remaining: 15m 37s
Rendered 2550/16242, time remaining: 15m 37s
Rendered 2551/16242, time remaining: 15m 37s
Rendered 2552/16242, time remaining: 15m 37s
Rendered 2553/16242, time remaining: 15m 37s
Rendered 2554/16242, time remaining: 15m 37s
Rendered 2555/16242, time remaining: 15m 37s
Rendered 2556/16242, time remaining: 15m 37s
Rendered 2557/16242, time remaining: 15m 37s
Rendered 2558/16242, time remaining: 15m 36s
Rendered 2559/16242, time remaining: 15m 36s
Rendered 2560/16242, time remaining: 15m 36s
Rendered 2561/16242, time remaining: 15m 36s
Rendered 2562/16242, time remaining: 15m 36s
Rendered 2563/16242, time remaining: 15m 36s
Rendered 2564/16242, time remaining: 15m 36s
Rendered 2565/16242, time remaining: 15m 36s
Rendered 2566/16242, time remaining: 15m 36s
Rendered 2567/16242, time remaining: 15m 36s
Rendered 2568/16242, time remaining: 15m 36s
Rendered 2569/16242, time remaining: 15m 36s
Rendered 2570/16242, time remaining: 15m 35s
Rendered 2571/16242, time remaining: 15m 35s
Rendered 2572/16242, time remaining: 15m 35s
Rendered 2573/16242, time remaining: 15m 35s
Rendered 2574/16242, time remaining: 15m 35s
Rendered 2575/16242, time remaining: 15m 35s
Rendered 2576/16242, time remaining: 15m 35s
Rendered 2577/16242, time remaining: 15m 35s
Rendered 2578/16242, time remaining: 15m 35s
Rendered 2579/16242, time remaining: 15m 35s
Rendered 2580/16242, time remaining: 15m 35s
Rendered 2581/16242, time remaining: 15m 35s
Rendered 2582/16242, time remaining: 15m 34s
Rendered 2583/16242, time remaining: 15m 34s
Rendered 2584/16242, time remaining: 15m 34s
Rendered 2585/16242, time remaining: 15m 34s
Rendered 2586/16242, time remaining: 15m 34s
Rendered 2587/16242, time remaining: 15m 34s
Rendered 2588/16242, time remaining: 15m 34s
Rendered 2589/16242, time remaining: 15m 34s
Rendered 2590/16242, time remaining: 15m 34s
Rendered 2591/16242, time remaining: 15m 34s
Rendered 2592/16242, time remaining: 15m 34s
Rendered 2593/16242, time remaining: 15m 34s
Rendered 2594/16242, time remaining: 15m 34s
Rendered 2595/16242, time remaining: 15m 34s
Rendered 2596/16242, time remaining: 15m 33s
Rendered 2597/16242, time remaining: 15m 33s
Rendered 2598/16242, time remaining: 15m 33s
Rendered 2599/16242, time remaining: 15m 33s
Rendered 2600/16242, time remaining: 15m 33s
Rendered 2601/16242, time remaining: 15m 33s
Rendered 2602/16242, time remaining: 15m 33s
Rendered 2603/16242, time remaining: 15m 33s
Rendered 2604/16242, time remaining: 15m 33s
Rendered 2605/16242, time remaining: 15m 33s
Rendered 2606/16242, time remaining: 15m 33s
Rendered 2607/16242, time remaining: 15m 33s
Rendered 2608/16242, time remaining: 15m 33s
Rendered 2609/16242, time remaining: 15m 32s
Rendered 2610/16242, time remaining: 15m 32s
Rendered 2611/16242, time remaining: 15m 32s
Rendered 2612/16242, time remaining: 15m 32s
Rendered 2613/16242, time remaining: 15m 32s
Rendered 2614/16242, time remaining: 15m 32s
Rendered 2615/16242, time remaining: 15m 32s
Rendered 2616/16242, time remaining: 15m 32s
Rendered 2617/16242, time remaining: 15m 32s
Rendered 2618/16242, time remaining: 15m 32s
Rendered 2619/16242, time remaining: 15m 32s
Rendered 2620/16242, time remaining: 15m 32s
Rendered 2621/16242, time remaining: 15m 31s
Rendered 2622/16242, time remaining: 15m 31s
Rendered 2623/16242, time remaining: 15m 31s
Rendered 2624/16242, time remaining: 15m 31s
Rendered 2625/16242, time remaining: 15m 31s
Rendered 2626/16242, time remaining: 15m 31s
Rendered 2627/16242, time remaining: 15m 31s
Rendered 2628/16242, time remaining: 15m 31s
Rendered 2629/16242, time remaining: 15m 31s
Rendered 2630/16242, time remaining: 15m 31s
Rendered 2631/16242, time remaining: 15m 31s
Rendered 2632/16242, time remaining: 15m 30s
Rendered 2633/16242, time remaining: 15m 30s
Rendered 2634/16242, time remaining: 15m 30s
Rendered 2635/16242, time remaining: 15m 30s
Rendered 2636/16242, time remaining: 15m 30s
Rendered 2637/16242, time remaining: 15m 30s
Rendered 2638/16242, time remaining: 15m 30s
Rendered 2639/16242, time remaining: 15m 30s
Rendered 2640/16242, time remaining: 15m 30s
Rendered 2641/16242, time remaining: 15m 30s
Rendered 2642/16242, time remaining: 15m 30s
Rendered 2643/16242, time remaining: 15m 30s
Rendered 2644/16242, time remaining: 15m 30s
Rendered 2645/16242, time remaining: 15m 30s
Rendered 2646/16242, time remaining: 15m 29s
Rendered 2647/16242, time remaining: 15m 29s
Rendered 2648/16242, time remaining: 15m 29s
Rendered 2649/16242, time remaining: 15m 29s
Rendered 2650/16242, time remaining: 15m 29s
Rendered 2651/16242, time remaining: 15m 29s
Rendered 2652/16242, time remaining: 15m 29s
Rendered 2653/16242, time remaining: 15m 29s
Rendered 2654/16242, time remaining: 15m 29s
Rendered 2655/16242, time remaining: 15m 29s
Rendered 2656/16242, time remaining: 15m 29s
Rendered 2657/16242, time remaining: 15m 29s
Rendered 2658/16242, time remaining: 15m 28s
Rendered 2659/16242, time remaining: 15m 28s
Rendered 2660/16242, time remaining: 15m 28s
Rendered 2661/16242, time remaining: 15m 28s
Rendered 2662/16242, time remaining: 15m 28s
Rendered 2663/16242, time remaining: 15m 28s
Rendered 2664/16242, time remaining: 15m 28s
Rendered 2665/16242, time remaining: 15m 28s
Rendered 2666/16242, time remaining: 15m 28s
Rendered 2667/16242, time remaining: 15m 28s
Rendered 2668/16242, time remaining: 15m 28s
Rendered 2669/16242, time remaining: 15m 28s
Rendered 2670/16242, time remaining: 15m 27s
Rendered 2671/16242, time remaining: 15m 27s
Rendered 2672/16242, time remaining: 15m 27s
Rendered 2673/16242, time remaining: 15m 27s
Rendered 2674/16242, time remaining: 15m 27s
Rendered 2675/16242, time remaining: 15m 27s
Rendered 2676/16242, time remaining: 15m 27s
Rendered 2677/16242, time remaining: 15m 27s
Rendered 2678/16242, time remaining: 15m 27s
Rendered 2679/16242, time remaining: 15m 27s
Rendered 2680/16242, time remaining: 15m 27s
Rendered 2681/16242, time remaining: 15m 27s
Rendered 2682/16242, time remaining: 15m 27s
Rendered 2683/16242, time remaining: 15m 27s
Rendered 2684/16242, time remaining: 15m 26s
Rendered 2685/16242, time remaining: 15m 26s
Rendered 2686/16242, time remaining: 15m 26s
Rendered 2687/16242, time remaining: 15m 26s
Rendered 2688/16242, time remaining: 15m 26s
Rendered 2689/16242, time remaining: 15m 26s
Rendered 2690/16242, time remaining: 15m 26s
Rendered 2691/16242, time remaining: 15m 26s
Rendered 2692/16242, time remaining: 15m 26s
Rendered 2693/16242, time remaining: 15m 26s
Rendered 2694/16242, time remaining: 15m 26s
Rendered 2695/16242, time remaining: 15m 26s
Rendered 2696/16242, time remaining: 15m 26s
Rendered 2697/16242, time remaining: 15m 25s
Rendered 2698/16242, time remaining: 15m 25s
Rendered 2699/16242, time remaining: 15m 25s
Rendered 2700/16242, time remaining: 15m 25s
Rendered 2701/16242, time remaining: 15m 25s
Rendered 2702/16242, time remaining: 15m 25s
Rendered 2703/16242, time remaining: 15m 25s
Rendered 2704/16242, time remaining: 15m 25s
Rendered 2705/16242, time remaining: 15m 25s
Rendered 2706/16242, time remaining: 15m 25s
Rendered 2707/16242, time remaining: 15m 25s
Rendered 2708/16242, time remaining: 15m 25s
Rendered 2709/16242, time remaining: 15m 25s
Rendered 2710/16242, time remaining: 15m 25s
Rendered 2711/16242, time remaining: 15m 25s
Rendered 2712/16242, time remaining: 15m 24s
Rendered 2713/16242, time remaining: 15m 24s
Rendered 2714/16242, time remaining: 15m 24s
Rendered 2715/16242, time remaining: 15m 24s
Rendered 2716/16242, time remaining: 15m 24s
Rendered 2717/16242, time remaining: 15m 24s
Rendered 2718/16242, time remaining: 15m 24s
Rendered 2719/16242, time remaining: 15m 24s
Rendered 2720/16242, time remaining: 15m 24s
Rendered 2721/16242, time remaining: 15m 24s
Rendered 2722/16242, time remaining: 15m 24s
Rendered 2723/16242, time remaining: 15m 24s
Rendered 2724/16242, time remaining: 15m 23s
Rendered 2725/16242, time remaining: 15m 23s
Rendered 2726/16242, time remaining: 15m 23s
Rendered 2727/16242, time remaining: 15m 23s
Rendered 2728/16242, time remaining: 15m 23s
Rendered 2729/16242, time remaining: 15m 23s
Rendered 2730/16242, time remaining: 15m 23s
Rendered 2731/16242, time remaining: 15m 23s
Rendered 2732/16242, time remaining: 15m 23s
Rendered 2733/16242, time remaining: 15m 23s
Rendered 2734/16242, time remaining: 15m 23s
Rendered 2735/16242, time remaining: 15m 23s
Rendered 2736/16242, time remaining: 15m 23s
Rendered 2737/16242, time remaining: 15m 23s
Rendered 2738/16242, time remaining: 15m 22s
Rendered 2739/16242, time remaining: 15m 22s
Rendered 2740/16242, time remaining: 15m 22s
Rendered 2741/16242, time remaining: 15m 22s
Rendered 2742/16242, time remaining: 15m 22s
Rendered 2743/16242, time remaining: 15m 22s
Rendered 2744/16242, time remaining: 15m 22s
Rendered 2745/16242, time remaining: 15m 22s
Rendered 2746/16242, time remaining: 15m 22s
Rendered 2747/16242, time remaining: 15m 22s
Rendered 2748/16242, time remaining: 15m 22s
Rendered 2749/16242, time remaining: 15m 22s
Rendered 2750/16242, time remaining: 15m 22s
Rendered 2751/16242, time remaining: 15m 21s
Rendered 2752/16242, time remaining: 15m 21s
Rendered 2753/16242, time remaining: 15m 21s
Rendered 2754/16242, time remaining: 15m 21s
Rendered 2755/16242, time remaining: 15m 21s
Rendered 2756/16242, time remaining: 15m 21s
Rendered 2757/16242, time remaining: 15m 21s
Rendered 2758/16242, time remaining: 15m 21s
Rendered 2759/16242, time remaining: 15m 21s
Rendered 2760/16242, time remaining: 15m 21s
Rendered 2761/16242, time remaining: 15m 21s
Rendered 2762/16242, time remaining: 15m 21s
Rendered 2763/16242, time remaining: 15m 20s
Rendered 2764/16242, time remaining: 15m 20s
Rendered 2765/16242, time remaining: 15m 20s
Rendered 2766/16242, time remaining: 15m 20s
Rendered 2767/16242, time remaining: 15m 20s
Rendered 2768/16242, time remaining: 15m 20s
Rendered 2769/16242, time remaining: 15m 20s
Rendered 2770/16242, time remaining: 15m 20s
Rendered 2771/16242, time remaining: 15m 20s
Rendered 2772/16242, time remaining: 15m 20s
Rendered 2773/16242, time remaining: 15m 20s
Rendered 2774/16242, time remaining: 15m 20s
Rendered 2775/16242, time remaining: 15m 20s
Rendered 2776/16242, time remaining: 15m 20s
Rendered 2777/16242, time remaining: 15m 19s
Rendered 2778/16242, time remaining: 15m 19s
Rendered 2779/16242, time remaining: 15m 19s
Rendered 2780/16242, time remaining: 15m 19s
Rendered 2781/16242, time remaining: 15m 19s
Rendered 2782/16242, time remaining: 15m 19s
Rendered 2783/16242, time remaining: 15m 19s
Rendered 2784/16242, time remaining: 15m 19s
Rendered 2785/16242, time remaining: 15m 19s
Rendered 2786/16242, time remaining: 15m 19s
Rendered 2787/16242, time remaining: 15m 19s
Rendered 2788/16242, time remaining: 15m 19s
Rendered 2789/16242, time remaining: 15m 19s
Rendered 2790/16242, time remaining: 15m 19s
Rendered 2791/16242, time remaining: 15m 18s
Rendered 2792/16242, time remaining: 15m 18s
Rendered 2793/16242, time remaining: 15m 18s
Rendered 2794/16242, time remaining: 15m 18s
Rendered 2795/16242, time remaining: 15m 18s
Rendered 2796/16242, time remaining: 15m 18s
Rendered 2797/16242, time remaining: 15m 18s
Rendered 2798/16242, time remaining: 15m 18s
Rendered 2799/16242, time remaining: 15m 18s
Rendered 2800/16242, time remaining: 15m 18s
Rendered 2801/16242, time remaining: 15m 18s
Rendered 2802/16242, time remaining: 15m 18s
Rendered 2803/16242, time remaining: 15m 18s
Rendered 2804/16242, time remaining: 15m 17s
Rendered 2805/16242, time remaining: 15m 17s
Rendered 2806/16242, time remaining: 15m 17s
Rendered 2807/16242, time remaining: 15m 17s
Rendered 2808/16242, time remaining: 15m 17s
Rendered 2809/16242, time remaining: 15m 17s
Rendered 2810/16242, time remaining: 15m 17s
Rendered 2811/16242, time remaining: 15m 17s
Rendered 2812/16242, time remaining: 15m 17s
Rendered 2813/16242, time remaining: 15m 17s
Rendered 2814/16242, time remaining: 15m 17s
Rendered 2815/16242, time remaining: 15m 17s
Rendered 2816/16242, time remaining: 15m 17s
Rendered 2817/16242, time remaining: 15m 16s
Rendered 2818/16242, time remaining: 15m 16s
Rendered 2819/16242, time remaining: 15m 16s
Rendered 2820/16242, time remaining: 15m 16s
Rendered 2821/16242, time remaining: 15m 16s
Rendered 2822/16242, time remaining: 15m 16s
Rendered 2823/16242, time remaining: 15m 16s
Rendered 2824/16242, time remaining: 15m 16s
Rendered 2825/16242, time remaining: 15m 16s
Rendered 2826/16242, time remaining: 15m 16s
Rendered 2827/16242, time remaining: 15m 16s
Rendered 2828/16242, time remaining: 15m 16s
Rendered 2829/16242, time remaining: 15m 16s
Rendered 2830/16242, time remaining: 15m 15s
Rendered 2831/16242, time remaining: 15m 15s
Rendered 2832/16242, time remaining: 15m 15s
Rendered 2833/16242, time remaining: 15m 15s
Rendered 2834/16242, time remaining: 15m 15s
Rendered 2835/16242, time remaining: 15m 15s
Rendered 2836/16242, time remaining: 15m 15s
Rendered 2837/16242, time remaining: 15m 15s
Rendered 2838/16242, time remaining: 15m 15s
Rendered 2839/16242, time remaining: 15m 15s
Rendered 2840/16242, time remaining: 15m 15s
Rendered 2841/16242, time remaining: 15m 15s
Rendered 2842/16242, time remaining: 15m 15s
Rendered 2843/16242, time remaining: 15m 14s
Rendered 2844/16242, time remaining: 15m 14s
Rendered 2845/16242, time remaining: 15m 14s
Rendered 2846/16242, time remaining: 15m 14s
Rendered 2847/16242, time remaining: 15m 14s
Rendered 2848/16242, time remaining: 15m 14s
Rendered 2849/16242, time remaining: 15m 14s
Rendered 2850/16242, time remaining: 15m 14s
Rendered 2851/16242, time remaining: 15m 14s
Rendered 2852/16242, time remaining: 15m 14s
Rendered 2853/16242, time remaining: 15m 14s
Rendered 2854/16242, time remaining: 15m 14s
Rendered 2855/16242, time remaining: 15m 14s
Rendered 2856/16242, time remaining: 15m 14s
Rendered 2857/16242, time remaining: 15m 13s
Rendered 2858/16242, time remaining: 15m 13s
Rendered 2859/16242, time remaining: 15m 13s
Rendered 2860/16242, time remaining: 15m 13s
Rendered 2861/16242, time remaining: 15m 13s
Rendered 2862/16242, time remaining: 15m 13s
Rendered 2863/16242, time remaining: 15m 13s
Rendered 2864/16242, time remaining: 15m 13s
Rendered 2865/16242, time remaining: 15m 13s
Rendered 2866/16242, time remaining: 15m 13s
Rendered 2867/16242, time remaining: 15m 13s
Rendered 2868/16242, time remaining: 15m 12s
Rendered 2869/16242, time remaining: 15m 12s
Rendered 2870/16242, time remaining: 15m 12s
Rendered 2871/16242, time remaining: 15m 12s
Rendered 2872/16242, time remaining: 15m 12s
Rendered 2873/16242, time remaining: 15m 12s
Rendered 2874/16242, time remaining: 15m 12s
Rendered 2875/16242, time remaining: 15m 12s
Rendered 2876/16242, time remaining: 15m 12s
Rendered 2877/16242, time remaining: 15m 12s
Rendered 2878/16242, time remaining: 15m 12s
Rendered 2879/16242, time remaining: 15m 12s
Rendered 2880/16242, time remaining: 15m 12s
Rendered 2881/16242, time remaining: 15m 12s
Rendered 2882/16242, time remaining: 15m 11s
Rendered 2883/16242, time remaining: 15m 11s
Rendered 2884/16242, time remaining: 15m 11s
Rendered 2885/16242, time remaining: 15m 11s
Rendered 2886/16242, time remaining: 15m 11s
Rendered 2887/16242, time remaining: 15m 11s
Rendered 2888/16242, time remaining: 15m 11s
Rendered 2889/16242, time remaining: 15m 11s
Rendered 2890/16242, time remaining: 15m 11s
Rendered 2891/16242, time remaining: 15m 11s
Rendered 2892/16242, time remaining: 15m 11s
Rendered 2893/16242, time remaining: 15m 11s
Rendered 2894/16242, time remaining: 15m 11s
Rendered 2895/16242, time remaining: 15m 10s
Rendered 2896/16242, time remaining: 15m 10s
Rendered 2897/16242, time remaining: 15m 10s
Rendered 2898/16242, time remaining: 15m 10s
Rendered 2899/16242, time remaining: 15m 10s
Rendered 2900/16242, time remaining: 15m 10s
Rendered 2901/16242, time remaining: 15m 10s
Rendered 2902/16242, time remaining: 15m 10s
Rendered 2903/16242, time remaining: 15m 10s
Rendered 2904/16242, time remaining: 15m 10s
Rendered 2905/16242, time remaining: 15m 10s
Rendered 2906/16242, time remaining: 15m 10s
Rendered 2907/16242, time remaining: 15m 10s
Rendered 2908/16242, time remaining: 15m 10s
Rendered 2909/16242, time remaining: 15m 9s
Rendered 2910/16242, time remaining: 15m 9s
Rendered 2911/16242, time remaining: 15m 9s
Rendered 2912/16242, time remaining: 15m 9s
Rendered 2913/16242, time remaining: 15m 9s
Rendered 2914/16242, time remaining: 15m 9s
Rendered 2915/16242, time remaining: 15m 9s
Rendered 2916/16242, time remaining: 15m 9s
Rendered 2917/16242, time remaining: 15m 9s
Rendered 2918/16242, time remaining: 15m 9s
Rendered 2919/16242, time remaining: 15m 9s
Rendered 2920/16242, time remaining: 15m 8s
Rendered 2921/16242, time remaining: 15m 8s
Rendered 2922/16242, time remaining: 15m 8s
Rendered 2923/16242, time remaining: 15m 8s
Rendered 2924/16242, time remaining: 15m 8s
Rendered 2925/16242, time remaining: 15m 8s
Rendered 2926/16242, time remaining: 15m 8s
Rendered 2927/16242, time remaining: 15m 8s
Rendered 2928/16242, time remaining: 15m 8s
Rendered 2929/16242, time remaining: 15m 8s
Rendered 2930/16242, time remaining: 15m 8s
Rendered 2931/16242, time remaining: 15m 8s
Rendered 2932/16242, time remaining: 15m 8s
Rendered 2933/16242, time remaining: 15m 7s
Rendered 2934/16242, time remaining: 15m 7s
Rendered 2935/16242, time remaining: 15m 7s
Rendered 2936/16242, time remaining: 15m 7s
Rendered 2937/16242, time remaining: 15m 7s
Rendered 2938/16242, time remaining: 15m 7s
Rendered 2939/16242, time remaining: 15m 7s
Rendered 2940/16242, time remaining: 15m 7s
Rendered 2941/16242, time remaining: 15m 7s
Rendered 2942/16242, time remaining: 15m 7s
Rendered 2943/16242, time remaining: 15m 7s
Rendered 2944/16242, time remaining: 15m 7s
Rendered 2945/16242, time remaining: 15m 7s
Rendered 2946/16242, time remaining: 15m 6s
Rendered 2947/16242, time remaining: 15m 6s
Rendered 2948/16242, time remaining: 15m 6s
Rendered 2949/16242, time remaining: 15m 6s
Rendered 2950/16242, time remaining: 15m 6s
Rendered 2951/16242, time remaining: 15m 6s
Rendered 2952/16242, time remaining: 15m 6s
Rendered 2953/16242, time remaining: 15m 6s
Rendered 2954/16242, time remaining: 15m 6s
Rendered 2955/16242, time remaining: 15m 6s
Rendered 2956/16242, time remaining: 15m 6s
Rendered 2957/16242, time remaining: 15m 6s
Rendered 2958/16242, time remaining: 15m 6s
Rendered 2959/16242, time remaining: 15m 6s
Rendered 2960/16242, time remaining: 15m 5s
Rendered 2961/16242, time remaining: 15m 5s
Rendered 2962/16242, time remaining: 15m 5s
Rendered 2963/16242, time remaining: 15m 5s
Rendered 2964/16242, time remaining: 15m 5s
Rendered 2965/16242, time remaining: 15m 5s
Rendered 2966/16242, time remaining: 15m 5s
Rendered 2967/16242, time remaining: 15m 5s
Rendered 2968/16242, time remaining: 15m 5s
Rendered 2969/16242, time remaining: 15m 5s
Rendered 2970/16242, time remaining: 15m 5s
Rendered 2971/16242, time remaining: 15m 5s
Rendered 2972/16242, time remaining: 15m 5s
Rendered 2973/16242, time remaining: 15m 4s
Rendered 2974/16242, time remaining: 15m 4s
Rendered 2975/16242, time remaining: 15m 4s
Rendered 2976/16242, time remaining: 15m 4s
Rendered 2977/16242, time remaining: 15m 4s
Rendered 2978/16242, time remaining: 15m 4s
Rendered 2979/16242, time remaining: 15m 4s
Rendered 2980/16242, time remaining: 15m 4s
Rendered 2981/16242, time remaining: 15m 4s
Rendered 2982/16242, time remaining: 15m 4s
Rendered 2983/16242, time remaining: 15m 4s
Rendered 2984/16242, time remaining: 15m 3s
Rendered 2985/16242, time remaining: 15m 3s
Rendered 2986/16242, time remaining: 15m 3s
Rendered 2987/16242, time remaining: 15m 3s
Rendered 2988/16242, time remaining: 15m 3s
Rendered 2989/16242, time remaining: 15m 3s
Rendered 2990/16242, time remaining: 15m 3s
Rendered 2991/16242, time remaining: 15m 3s
Rendered 2992/16242, time remaining: 15m 3s
Rendered 2993/16242, time remaining: 15m 3s
Rendered 2994/16242, time remaining: 15m 2s
Rendered 2995/16242, time remaining: 15m 2s
Rendered 2996/16242, time remaining: 15m 2s
Rendered 2997/16242, time remaining: 15m 2s
Rendered 2998/16242, time remaining: 15m 2s
Rendered 2999/16242, time remaining: 15m 2s
Rendered 3000/16242, time remaining: 15m 2s
Rendered 3001/16242, time remaining: 15m 2s
Rendered 3002/16242, time remaining: 15m 2s
Rendered 3003/16242, time remaining: 15m 2s
Rendered 3004/16242, time remaining: 15m 2s
Rendered 3005/16242, time remaining: 15m 2s
Rendered 3006/16242, time remaining: 15m 1s
Rendered 3007/16242, time remaining: 15m 1s
Rendered 3008/16242, time remaining: 15m 1s
Rendered 3009/16242, time remaining: 15m 1s
Rendered 3010/16242, time remaining: 15m 1s
Rendered 3011/16242, time remaining: 15m 1s
Rendered 3012/16242, time remaining: 15m 1s
Rendered 3013/16242, time remaining: 15m 1s
Rendered 3014/16242, time remaining: 15m 1s
Rendered 3015/16242, time remaining: 15m 1s
Rendered 3016/16242, time remaining: 15m 1s
Rendered 3017/16242, time remaining: 15m 1s
Rendered 3018/16242, time remaining: 15m 1s
Rendered 3019/16242, time remaining: 15m 1s
Rendered 3020/16242, time remaining: 15m 0s
Rendered 3021/16242, time remaining: 15m 0s
Rendered 3022/16242, time remaining: 15m 0s
Rendered 3023/16242, time remaining: 15m 0s
Rendered 3024/16242, time remaining: 15m 0s
Rendered 3025/16242, time remaining: 15m 0s
Rendered 3026/16242, time remaining: 15m 0s
Rendered 3027/16242, time remaining: 15m 0s
Rendered 3028/16242, time remaining: 15m 0s
Rendered 3029/16242, time remaining: 15m 0s
Rendered 3030/16242, time remaining: 15m 0s
Rendered 3031/16242, time remaining: 15m 0s
Rendered 3032/16242, time remaining: 15m 0s
Rendered 3033/16242, time remaining: 15m 0s
Rendered 3034/16242, time remaining: 14m 59s
Rendered 3035/16242, time remaining: 14m 59s
Rendered 3036/16242, time remaining: 14m 59s
Rendered 3037/16242, time remaining: 14m 59s
Rendered 3038/16242, time remaining: 14m 59s
Rendered 3039/16242, time remaining: 14m 59s
Rendered 3040/16242, time remaining: 14m 59s
Rendered 3041/16242, time remaining: 14m 59s
Rendered 3042/16242, time remaining: 14m 59s
Rendered 3043/16242, time remaining: 14m 59s
Rendered 3044/16242, time remaining: 14m 59s
Rendered 3045/16242, time remaining: 14m 59s
Rendered 3046/16242, time remaining: 14m 59s
Rendered 3047/16242, time remaining: 14m 58s
Rendered 3048/16242, time remaining: 14m 58s
Rendered 3049/16242, time remaining: 14m 58s
Rendered 3050/16242, time remaining: 14m 58s
Rendered 3051/16242, time remaining: 14m 58s
Rendered 3052/16242, time remaining: 14m 58s
Rendered 3053/16242, time remaining: 14m 58s
Rendered 3054/16242, time remaining: 14m 58s
Rendered 3055/16242, time remaining: 14m 58s
Rendered 3056/16242, time remaining: 14m 58s
Rendered 3057/16242, time remaining: 14m 58s
Rendered 3058/16242, time remaining: 14m 58s
Rendered 3059/16242, time remaining: 14m 58s
Rendered 3060/16242, time remaining: 14m 57s
Rendered 3061/16242, time remaining: 14m 57s
Rendered 3062/16242, time remaining: 14m 57s
Rendered 3063/16242, time remaining: 14m 57s
Rendered 3064/16242, time remaining: 14m 57s
Rendered 3065/16242, time remaining: 14m 57s
Rendered 3066/16242, time remaining: 14m 57s
Rendered 3067/16242, time remaining: 14m 57s
Rendered 3068/16242, time remaining: 14m 57s
Rendered 3069/16242, time remaining: 14m 57s
Rendered 3070/16242, time remaining: 14m 57s
Rendered 3071/16242, time remaining: 14m 57s
Rendered 3072/16242, time remaining: 14m 57s
Rendered 3073/16242, time remaining: 14m 56s
Rendered 3074/16242, time remaining: 14m 56s
Rendered 3075/16242, time remaining: 14m 56s
Rendered 3076/16242, time remaining: 14m 56s
Rendered 3077/16242, time remaining: 14m 56s
Rendered 3078/16242, time remaining: 14m 56s
Rendered 3079/16242, time remaining: 14m 56s
Rendered 3080/16242, time remaining: 14m 56s
Rendered 3081/16242, time remaining: 14m 56s
Rendered 3082/16242, time remaining: 14m 56s
Rendered 3083/16242, time remaining: 14m 56s
Rendered 3084/16242, time remaining: 14m 56s
Rendered 3085/16242, time remaining: 14m 56s
Rendered 3086/16242, time remaining: 14m 56s
Rendered 3087/16242, time remaining: 14m 55s
Rendered 3088/16242, time remaining: 14m 55s
Rendered 3089/16242, time remaining: 14m 55s
Rendered 3090/16242, time remaining: 14m 55s
Rendered 3091/16242, time remaining: 14m 55s
Rendered 3092/16242, time remaining: 14m 55s
Rendered 3093/16242, time remaining: 14m 55s
Rendered 3094/16242, time remaining: 14m 55s
Rendered 3095/16242, time remaining: 14m 55s
Rendered 3096/16242, time remaining: 14m 55s
Rendered 3097/16242, time remaining: 14m 55s
Rendered 3098/16242, time remaining: 14m 55s
Rendered 3099/16242, time remaining: 14m 55s
Rendered 3100/16242, time remaining: 14m 55s
Rendered 3101/16242, time remaining: 14m 54s
Rendered 3102/16242, time remaining: 14m 54s
Rendered 3103/16242, time remaining: 14m 54s
Rendered 3104/16242, time remaining: 14m 54s
Rendered 3105/16242, time remaining: 14m 54s
Rendered 3106/16242, time remaining: 14m 54s
Rendered 3107/16242, time remaining: 14m 54s
Rendered 3108/16242, time remaining: 14m 54s
Rendered 3109/16242, time remaining: 14m 54s
Rendered 3110/16242, time remaining: 14m 54s
Rendered 3111/16242, time remaining: 14m 54s
Rendered 3112/16242, time remaining: 14m 54s
Rendered 3113/16242, time remaining: 14m 54s
Rendered 3114/16242, time remaining: 14m 53s
Rendered 3115/16242, time remaining: 14m 53s
Rendered 3116/16242, time remaining: 14m 53s
Rendered 3117/16242, time remaining: 14m 53s
Rendered 3118/16242, time remaining: 14m 53s
Rendered 3119/16242, time remaining: 14m 53s
Rendered 3120/16242, time remaining: 14m 53s
Rendered 3121/16242, time remaining: 14m 53s
Rendered 3122/16242, time remaining: 14m 53s
Rendered 3123/16242, time remaining: 14m 53s
Rendered 3124/16242, time remaining: 14m 53s
Rendered 3125/16242, time remaining: 14m 53s
Rendered 3126/16242, time remaining: 14m 52s
Rendered 3127/16242, time remaining: 14m 52s
Rendered 3128/16242, time remaining: 14m 52s
Rendered 3129/16242, time remaining: 14m 52s
Rendered 3130/16242, time remaining: 14m 52s
Rendered 3131/16242, time remaining: 14m 52s
Rendered 3132/16242, time remaining: 14m 52s
Rendered 3133/16242, time remaining: 14m 52s
Rendered 3134/16242, time remaining: 14m 52s
Rendered 3135/16242, time remaining: 14m 52s
Rendered 3136/16242, time remaining: 14m 52s
Rendered 3137/16242, time remaining: 14m 52s
Rendered 3138/16242, time remaining: 14m 52s
Rendered 3139/16242, time remaining: 14m 52s
Rendered 3140/16242, time remaining: 14m 52s
Rendered 3141/16242, time remaining: 14m 51s
Rendered 3142/16242, time remaining: 14m 51s
Rendered 3143/16242, time remaining: 14m 51s
Rendered 3144/16242, time remaining: 14m 51s
Rendered 3145/16242, time remaining: 14m 51s
Rendered 3146/16242, time remaining: 14m 51s
Rendered 3147/16242, time remaining: 14m 51s
Rendered 3148/16242, time remaining: 14m 51s
Rendered 3149/16242, time remaining: 14m 51s
Rendered 3150/16242, time remaining: 14m 51s
Rendered 3151/16242, time remaining: 14m 51s
Rendered 3152/16242, time remaining: 14m 51s
Rendered 3153/16242, time remaining: 14m 51s
Rendered 3154/16242, time remaining: 14m 50s
Rendered 3155/16242, time remaining: 14m 50s
Rendered 3156/16242, time remaining: 14m 50s
Rendered 3157/16242, time remaining: 14m 50s
Rendered 3158/16242, time remaining: 14m 50s
Rendered 3159/16242, time remaining: 14m 50s
Rendered 3160/16242, time remaining: 14m 50s
Rendered 3161/16242, time remaining: 14m 50s
Rendered 3162/16242, time remaining: 14m 50s
Rendered 3163/16242, time remaining: 14m 50s
Rendered 3164/16242, time remaining: 14m 50s
Rendered 3165/16242, time remaining: 14m 50s
Rendered 3166/16242, time remaining: 14m 50s
Rendered 3167/16242, time remaining: 14m 49s
Rendered 3168/16242, time remaining: 14m 49s
Rendered 3169/16242, time remaining: 14m 49s
Rendered 3170/16242, time remaining: 14m 49s
Rendered 3171/16242, time remaining: 14m 49s
Rendered 3172/16242, time remaining: 14m 49s
Rendered 3173/16242, time remaining: 14m 49s
Rendered 3174/16242, time remaining: 14m 49s
Rendered 3175/16242, time remaining: 14m 49s
Rendered 3176/16242, time remaining: 14m 49s
Rendered 3177/16242, time remaining: 14m 49s
Rendered 3178/16242, time remaining: 14m 49s
Rendered 3179/16242, time remaining: 14m 49s
Rendered 3180/16242, time remaining: 14m 49s
Rendered 3181/16242, time remaining: 14m 48s
Rendered 3182/16242, time remaining: 14m 48s
Rendered 3183/16242, time remaining: 14m 48s
Rendered 3184/16242, time remaining: 14m 48s
Rendered 3185/16242, time remaining: 14m 48s
Rendered 3186/16242, time remaining: 14m 48s
Rendered 3187/16242, time remaining: 14m 48s
Rendered 3188/16242, time remaining: 14m 48s
Rendered 3189/16242, time remaining: 14m 48s
Rendered 3190/16242, time remaining: 14m 48s
Rendered 3191/16242, time remaining: 14m 48s
Rendered 3192/16242, time remaining: 14m 48s
Rendered 3193/16242, time remaining: 14m 48s
Rendered 3194/16242, time remaining: 14m 48s
Rendered 3195/16242, time remaining: 14m 47s
Rendered 3196/16242, time remaining: 14m 47s
Rendered 3197/16242, time remaining: 14m 47s
Rendered 3198/16242, time remaining: 14m 47s
Rendered 3199/16242, time remaining: 14m 47s
Rendered 3200/16242, time remaining: 14m 47s
Rendered 3201/16242, time remaining: 14m 47s
Rendered 3202/16242, time remaining: 14m 47s
Rendered 3203/16242, time remaining: 14m 47s
Rendered 3204/16242, time remaining: 14m 47s
Rendered 3205/16242, time remaining: 14m 47s
Rendered 3206/16242, time remaining: 14m 47s
Rendered 3207/16242, time remaining: 14m 47s
Rendered 3208/16242, time remaining: 14m 46s
Rendered 3209/16242, time remaining: 14m 46s
Rendered 3210/16242, time remaining: 14m 46s
Rendered 3211/16242, time remaining: 14m 46s
Rendered 3212/16242, time remaining: 14m 46s
Rendered 3213/16242, time remaining: 14m 46s
Rendered 3214/16242, time remaining: 14m 46s
Rendered 3215/16242, time remaining: 14m 46s
Rendered 3216/16242, time remaining: 14m 46s
Rendered 3217/16242, time remaining: 14m 46s
Rendered 3218/16242, time remaining: 14m 46s
Rendered 3219/16242, time remaining: 14m 46s
Rendered 3220/16242, time remaining: 14m 46s
Rendered 3221/16242, time remaining: 14m 45s
Rendered 3222/16242, time remaining: 14m 45s
Rendered 3223/16242, time remaining: 14m 45s
Rendered 3224/16242, time remaining: 14m 45s
Rendered 3225/16242, time remaining: 14m 45s
Rendered 3226/16242, time remaining: 14m 45s
Rendered 3227/16242, time remaining: 14m 45s
Rendered 3228/16242, time remaining: 14m 45s
Rendered 3229/16242, time remaining: 14m 45s
Rendered 3230/16242, time remaining: 14m 45s
Rendered 3231/16242, time remaining: 14m 45s
Rendered 3232/16242, time remaining: 14m 45s
Rendered 3233/16242, time remaining: 14m 45s
Rendered 3234/16242, time remaining: 14m 45s
Rendered 3235/16242, time remaining: 14m 44s
Rendered 3236/16242, time remaining: 14m 44s
Rendered 3237/16242, time remaining: 14m 44s
Rendered 3238/16242, time remaining: 14m 44s
Rendered 3239/16242, time remaining: 14m 44s
Rendered 3240/16242, time remaining: 14m 44s
Rendered 3241/16242, time remaining: 14m 44s
Rendered 3242/16242, time remaining: 14m 44s
Rendered 3243/16242, time remaining: 14m 44s
Rendered 3244/16242, time remaining: 14m 44s
Rendered 3245/16242, time remaining: 14m 44s
Rendered 3246/16242, time remaining: 14m 44s
Rendered 3247/16242, time remaining: 14m 44s
Rendered 3248/16242, time remaining: 14m 44s
Rendered 3249/16242, time remaining: 14m 43s
Rendered 3250/16242, time remaining: 14m 43s
Rendered 3251/16242, time remaining: 14m 43s
Rendered 3252/16242, time remaining: 14m 43s
Rendered 3253/16242, time remaining: 14m 43s
Rendered 3254/16242, time remaining: 14m 43s
Rendered 3255/16242, time remaining: 14m 43s
Rendered 3256/16242, time remaining: 14m 43s
Rendered 3257/16242, time remaining: 14m 43s
Rendered 3258/16242, time remaining: 14m 43s
Rendered 3259/16242, time remaining: 14m 43s
Rendered 3260/16242, time remaining: 14m 43s
Rendered 3261/16242, time remaining: 14m 42s
Rendered 3262/16242, time remaining: 14m 42s
Rendered 3263/16242, time remaining: 14m 42s
Rendered 3264/16242, time remaining: 14m 42s
Rendered 3265/16242, time remaining: 14m 42s
Rendered 3266/16242, time remaining: 14m 42s
Rendered 3267/16242, time remaining: 14m 42s
Rendered 3268/16242, time remaining: 14m 42s
Rendered 3269/16242, time remaining: 14m 42s
Rendered 3270/16242, time remaining: 14m 42s
Rendered 3271/16242, time remaining: 14m 42s
Rendered 3272/16242, time remaining: 14m 42s
Rendered 3273/16242, time remaining: 14m 42s
Rendered 3274/16242, time remaining: 14m 42s
Rendered 3275/16242, time remaining: 14m 41s
Rendered 3276/16242, time remaining: 14m 41s
Rendered 3277/16242, time remaining: 14m 41s
Rendered 3278/16242, time remaining: 14m 41s
Rendered 3279/16242, time remaining: 14m 41s
Rendered 3280/16242, time remaining: 14m 41s
Rendered 3281/16242, time remaining: 14m 41s
Rendered 3282/16242, time remaining: 14m 41s
Rendered 3283/16242, time remaining: 14m 41s
Rendered 3284/16242, time remaining: 14m 41s
Rendered 3285/16242, time remaining: 14m 41s
Rendered 3286/16242, time remaining: 14m 41s
Rendered 3287/16242, time remaining: 14m 41s
Rendered 3288/16242, time remaining: 14m 41s
Rendered 3289/16242, time remaining: 14m 40s
Rendered 3290/16242, time remaining: 14m 40s
Rendered 3291/16242, time remaining: 14m 40s
Rendered 3292/16242, time remaining: 14m 40s
Rendered 3293/16242, time remaining: 14m 40s
Rendered 3294/16242, time remaining: 14m 40s
Rendered 3295/16242, time remaining: 14m 40s
Rendered 3296/16242, time remaining: 14m 40s
Rendered 3297/16242, time remaining: 14m 40s
Rendered 3298/16242, time remaining: 14m 40s
Rendered 3299/16242, time remaining: 14m 40s
Rendered 3300/16242, time remaining: 14m 40s
Rendered 3301/16242, time remaining: 14m 39s
Rendered 3302/16242, time remaining: 14m 39s
Rendered 3303/16242, time remaining: 14m 39s
Rendered 3304/16242, time remaining: 14m 39s
Rendered 3305/16242, time remaining: 14m 39s
Rendered 3306/16242, time remaining: 14m 39s
Rendered 3307/16242, time remaining: 14m 39s
Rendered 3308/16242, time remaining: 14m 39s
Rendered 3309/16242, time remaining: 14m 39s
Rendered 3310/16242, time remaining: 14m 39s
Rendered 3311/16242, time remaining: 14m 39s
Rendered 3312/16242, time remaining: 14m 39s
Rendered 3313/16242, time remaining: 14m 39s
Rendered 3314/16242, time remaining: 14m 39s
Rendered 3315/16242, time remaining: 14m 39s
Rendered 3316/16242, time remaining: 14m 38s
Rendered 3317/16242, time remaining: 14m 38s
Rendered 3318/16242, time remaining: 14m 38s
Rendered 3319/16242, time remaining: 14m 38s
Rendered 3320/16242, time remaining: 14m 38s
Rendered 3321/16242, time remaining: 14m 38s
Rendered 3322/16242, time remaining: 14m 38s
Rendered 3323/16242, time remaining: 14m 38s
Rendered 3324/16242, time remaining: 14m 38s
Rendered 3325/16242, time remaining: 14m 38s
Rendered 3326/16242, time remaining: 14m 38s
Rendered 3327/16242, time remaining: 14m 38s
Rendered 3328/16242, time remaining: 14m 38s
Rendered 3329/16242, time remaining: 14m 37s
Rendered 3330/16242, time remaining: 14m 37s
Rendered 3331/16242, time remaining: 14m 37s
Rendered 3332/16242, time remaining: 14m 37s
Rendered 3333/16242, time remaining: 14m 37s
Rendered 3334/16242, time remaining: 14m 37s
Rendered 3335/16242, time remaining: 14m 37s
Rendered 3336/16242, time remaining: 14m 37s
Rendered 3337/16242, time remaining: 14m 37s
Rendered 3338/16242, time remaining: 14m 37s
Rendered 3339/16242, time remaining: 14m 37s
Rendered 3340/16242, time remaining: 14m 37s
Rendered 3341/16242, time remaining: 14m 37s
Rendered 3342/16242, time remaining: 14m 37s
Rendered 3343/16242, time remaining: 14m 36s
Rendered 3344/16242, time remaining: 14m 36s
Rendered 3345/16242, time remaining: 14m 36s
Rendered 3346/16242, time remaining: 14m 36s
Rendered 3347/16242, time remaining: 14m 36s
Rendered 3348/16242, time remaining: 14m 36s
Rendered 3349/16242, time remaining: 14m 36s
Rendered 3350/16242, time remaining: 14m 36s
Rendered 3351/16242, time remaining: 14m 36s
Rendered 3352/16242, time remaining: 14m 36s
Rendered 3353/16242, time remaining: 14m 36s
Rendered 3354/16242, time remaining: 14m 36s
Rendered 3355/16242, time remaining: 14m 36s
Rendered 3356/16242, time remaining: 14m 36s
Rendered 3357/16242, time remaining: 14m 35s
Rendered 3358/16242, time remaining: 14m 35s
Rendered 3359/16242, time remaining: 14m 35s
Rendered 3360/16242, time remaining: 14m 35s
Rendered 3361/16242, time remaining: 14m 35s
Rendered 3362/16242, time remaining: 14m 35s
Rendered 3363/16242, time remaining: 14m 35s
Rendered 3364/16242, time remaining: 14m 35s
Rendered 3365/16242, time remaining: 14m 35s
Rendered 3366/16242, time remaining: 14m 35s
Rendered 3367/16242, time remaining: 14m 35s
Rendered 3368/16242, time remaining: 14m 35s
Rendered 3369/16242, time remaining: 14m 35s
Rendered 3370/16242, time remaining: 14m 35s
Rendered 3371/16242, time remaining: 14m 34s
Rendered 3372/16242, time remaining: 14m 34s
Rendered 3373/16242, time remaining: 14m 34s
Rendered 3374/16242, time remaining: 14m 34s
Rendered 3375/16242, time remaining: 14m 34s
Rendered 3376/16242, time remaining: 14m 34s
Rendered 3377/16242, time remaining: 14m 34s
Rendered 3378/16242, time remaining: 14m 34s
Rendered 3379/16242, time remaining: 14m 34s
Rendered 3380/16242, time remaining: 14m 34s
Rendered 3381/16242, time remaining: 14m 34s
Rendered 3382/16242, time remaining: 14m 34s
Rendered 3383/16242, time remaining: 14m 34s
Rendered 3384/16242, time remaining: 14m 33s
Rendered 3385/16242, time remaining: 14m 33s
Rendered 3386/16242, time remaining: 14m 33s
Rendered 3387/16242, time remaining: 14m 33s
Rendered 3388/16242, time remaining: 14m 33s
Rendered 3389/16242, time remaining: 14m 33s
Rendered 3390/16242, time remaining: 14m 33s
Rendered 3391/16242, time remaining: 14m 33s
Rendered 3392/16242, time remaining: 14m 33s
Rendered 3393/16242, time remaining: 14m 33s
Rendered 3394/16242, time remaining: 14m 33s
Rendered 3395/16242, time remaining: 14m 33s
Rendered 3396/16242, time remaining: 14m 33s
Rendered 3397/16242, time remaining: 14m 33s
Rendered 3398/16242, time remaining: 14m 32s
Rendered 3399/16242, time remaining: 14m 32s
Rendered 3400/16242, time remaining: 14m 32s
Rendered 3401/16242, time remaining: 14m 32s
Rendered 3402/16242, time remaining: 14m 32s
Rendered 3403/16242, time remaining: 14m 32s
Rendered 3404/16242, time remaining: 14m 32s
Rendered 3405/16242, time remaining: 14m 32s
Rendered 3406/16242, time remaining: 14m 32s
Rendered 3407/16242, time remaining: 14m 32s
Rendered 3408/16242, time remaining: 14m 32s
Rendered 3409/16242, time remaining: 14m 32s
Rendered 3410/16242, time remaining: 14m 32s
Rendered 3411/16242, time remaining: 14m 32s
Rendered 3412/16242, time remaining: 14m 31s
Rendered 3413/16242, time remaining: 14m 31s
Rendered 3414/16242, time remaining: 14m 31s
Rendered 3415/16242, time remaining: 14m 31s
Rendered 3416/16242, time remaining: 14m 31s
Rendered 3417/16242, time remaining: 14m 31s
Rendered 3418/16242, time remaining: 14m 31s
Rendered 3419/16242, time remaining: 14m 31s
Rendered 3420/16242, time remaining: 14m 31s
Rendered 3421/16242, time remaining: 14m 31s
Rendered 3422/16242, time remaining: 14m 31s
Rendered 3423/16242, time remaining: 14m 31s
Rendered 3424/16242, time remaining: 14m 31s
Rendered 3425/16242, time remaining: 14m 30s
Rendered 3426/16242, time remaining: 14m 30s
Rendered 3427/16242, time remaining: 14m 30s
Rendered 3428/16242, time remaining: 14m 30s
Rendered 3429/16242, time remaining: 14m 30s
Rendered 3430/16242, time remaining: 14m 30s
Rendered 3431/16242, time remaining: 14m 30s
Rendered 3432/16242, time remaining: 14m 30s
Rendered 3433/16242, time remaining: 14m 30s
Rendered 3434/16242, time remaining: 14m 30s
Rendered 3435/16242, time remaining: 14m 30s
Rendered 3436/16242, time remaining: 14m 30s
Rendered 3437/16242, time remaining: 14m 30s
Rendered 3438/16242, time remaining: 14m 30s
Rendered 3439/16242, time remaining: 14m 29s
Rendered 3440/16242, time remaining: 14m 29s
Rendered 3441/16242, time remaining: 14m 29s
Rendered 3442/16242, time remaining: 14m 29s
Rendered 3443/16242, time remaining: 14m 29s
Rendered 3444/16242, time remaining: 14m 29s
Rendered 3445/16242, time remaining: 14m 29s
Rendered 3446/16242, time remaining: 14m 29s
Rendered 3447/16242, time remaining: 14m 29s
Rendered 3448/16242, time remaining: 14m 29s
Rendered 3449/16242, time remaining: 14m 29s
Rendered 3450/16242, time remaining: 14m 29s
Rendered 3451/16242, time remaining: 14m 29s
Rendered 3452/16242, time remaining: 14m 28s
Rendered 3453/16242, time remaining: 14m 28s
Rendered 3454/16242, time remaining: 14m 28s
Rendered 3455/16242, time remaining: 14m 28s
Rendered 3456/16242, time remaining: 14m 28s
Rendered 3457/16242, time remaining: 14m 28s
Rendered 3458/16242, time remaining: 14m 28s
Rendered 3459/16242, time remaining: 14m 28s
Rendered 3460/16242, time remaining: 14m 28s
Rendered 3461/16242, time remaining: 14m 28s
Rendered 3462/16242, time remaining: 14m 28s
Rendered 3463/16242, time remaining: 14m 28s
Rendered 3464/16242, time remaining: 14m 28s
Rendered 3465/16242, time remaining: 14m 28s
Rendered 3466/16242, time remaining: 14m 27s
Rendered 3467/16242, time remaining: 14m 27s
Rendered 3468/16242, time remaining: 14m 27s
Rendered 3469/16242, time remaining: 14m 27s
Rendered 3470/16242, time remaining: 14m 27s
Rendered 3471/16242, time remaining: 14m 27s
Rendered 3472/16242, time remaining: 14m 27s
Rendered 3473/16242, time remaining: 14m 27s
Rendered 3474/16242, time remaining: 14m 27s
Rendered 3475/16242, time remaining: 14m 27s
Rendered 3476/16242, time remaining: 14m 27s
Rendered 3477/16242, time remaining: 14m 27s
Rendered 3478/16242, time remaining: 14m 27s
Rendered 3479/16242, time remaining: 14m 27s
Rendered 3480/16242, time remaining: 14m 26s
Rendered 3481/16242, time remaining: 14m 26s
Rendered 3482/16242, time remaining: 14m 26s
Rendered 3483/16242, time remaining: 14m 26s
Rendered 3484/16242, time remaining: 14m 26s
Rendered 3485/16242, time remaining: 14m 26s
Rendered 3486/16242, time remaining: 14m 26s
Rendered 3487/16242, time remaining: 14m 26s
Rendered 3488/16242, time remaining: 14m 26s
Rendered 3489/16242, time remaining: 14m 26s
Rendered 3490/16242, time remaining: 14m 26s
Rendered 3491/16242, time remaining: 14m 26s
Rendered 3492/16242, time remaining: 14m 26s
Rendered 3493/16242, time remaining: 14m 25s
Rendered 3494/16242, time remaining: 14m 25s
Rendered 3495/16242, time remaining: 14m 25s
Rendered 3496/16242, time remaining: 14m 25s
Rendered 3497/16242, time remaining: 14m 25s
Rendered 3498/16242, time remaining: 14m 25s
Rendered 3499/16242, time remaining: 14m 25s
Rendered 3500/16242, time remaining: 14m 25s
Rendered 3501/16242, time remaining: 14m 25s
Rendered 3502/16242, time remaining: 14m 25s
Rendered 3503/16242, time remaining: 14m 25s
Rendered 3504/16242, time remaining: 14m 25s
Rendered 3505/16242, time remaining: 14m 25s
Rendered 3506/16242, time remaining: 14m 25s
Rendered 3507/16242, time remaining: 14m 24s
Rendered 3508/16242, time remaining: 14m 24s
Rendered 3509/16242, time remaining: 14m 24s
Rendered 3510/16242, time remaining: 14m 24s
Rendered 3511/16242, time remaining: 14m 24s
Rendered 3512/16242, time remaining: 14m 24s
Rendered 3513/16242, time remaining: 14m 24s
Rendered 3514/16242, time remaining: 14m 24s
Rendered 3515/16242, time remaining: 14m 24s
Rendered 3516/16242, time remaining: 14m 24s
Rendered 3517/16242, time remaining: 14m 24s
Rendered 3518/16242, time remaining: 14m 24s
Rendered 3519/16242, time remaining: 14m 24s
Rendered 3520/16242, time remaining: 14m 24s
Rendered 3521/16242, time remaining: 14m 23s
Rendered 3522/16242, time remaining: 14m 23s
Rendered 3523/16242, time remaining: 14m 23s
Rendered 3524/16242, time remaining: 14m 23s
Rendered 3525/16242, time remaining: 14m 23s
Rendered 3526/16242, time remaining: 14m 23s
Rendered 3527/16242, time remaining: 14m 23s
Rendered 3528/16242, time remaining: 14m 23s
Rendered 3529/16242, time remaining: 14m 23s
Rendered 3530/16242, time remaining: 14m 23s
Rendered 3531/16242, time remaining: 14m 23s
Rendered 3532/16242, time remaining: 14m 23s
Rendered 3533/16242, time remaining: 14m 23s
Rendered 3534/16242, time remaining: 14m 23s
Rendered 3535/16242, time remaining: 14m 23s
Rendered 3536/16242, time remaining: 14m 23s
Rendered 3537/16242, time remaining: 14m 22s
Rendered 3538/16242, time remaining: 14m 22s
Rendered 3539/16242, time remaining: 14m 22s
Rendered 3540/16242, time remaining: 14m 22s
Rendered 3541/16242, time remaining: 14m 22s
Rendered 3542/16242, time remaining: 14m 22s
Rendered 3543/16242, time remaining: 14m 22s
Rendered 3544/16242, time remaining: 14m 22s
Rendered 3545/16242, time remaining: 14m 22s
Rendered 3546/16242, time remaining: 14m 22s
Rendered 3547/16242, time remaining: 14m 22s
Rendered 3548/16242, time remaining: 14m 22s
Rendered 3549/16242, time remaining: 14m 22s
Rendered 3550/16242, time remaining: 14m 22s
Rendered 3551/16242, time remaining: 14m 21s
Rendered 3552/16242, time remaining: 14m 21s
Rendered 3553/16242, time remaining: 14m 21s
Rendered 3554/16242, time remaining: 14m 21s
Rendered 3555/16242, time remaining: 14m 21s
Rendered 3556/16242, time remaining: 14m 21s
Rendered 3557/16242, time remaining: 14m 21s
Rendered 3558/16242, time remaining: 14m 21s
Rendered 3559/16242, time remaining: 14m 21s
Rendered 3560/16242, time remaining: 14m 21s
Rendered 3561/16242, time remaining: 14m 21s
Rendered 3562/16242, time remaining: 14m 21s
Rendered 3563/16242, time remaining: 14m 21s
Rendered 3564/16242, time remaining: 14m 20s
Rendered 3565/16242, time remaining: 14m 20s
Rendered 3566/16242, time remaining: 14m 20s
Rendered 3567/16242, time remaining: 14m 20s
Rendered 3568/16242, time remaining: 14m 20s
Rendered 3569/16242, time remaining: 14m 20s
Rendered 3570/16242, time remaining: 14m 20s
Rendered 3571/16242, time remaining: 14m 20s
Rendered 3572/16242, time remaining: 14m 20s
Rendered 3573/16242, time remaining: 14m 20s
Rendered 3574/16242, time remaining: 14m 20s
Rendered 3575/16242, time remaining: 14m 20s
Rendered 3576/16242, time remaining: 14m 20s
Rendered 3577/16242, time remaining: 14m 20s
Rendered 3578/16242, time remaining: 14m 19s
Rendered 3579/16242, time remaining: 14m 19s
Rendered 3580/16242, time remaining: 14m 19s
Rendered 3581/16242, time remaining: 14m 19s
Rendered 3582/16242, time remaining: 14m 19s
Rendered 3583/16242, time remaining: 14m 19s
Rendered 3584/16242, time remaining: 14m 19s
Rendered 3585/16242, time remaining: 14m 19s
Rendered 3586/16242, time remaining: 14m 19s
Rendered 3587/16242, time remaining: 14m 19s
Rendered 3588/16242, time remaining: 14m 19s
Rendered 3589/16242, time remaining: 14m 19s
Rendered 3590/16242, time remaining: 14m 19s
Rendered 3591/16242, time remaining: 14m 19s
Rendered 3592/16242, time remaining: 14m 18s
Rendered 3593/16242, time remaining: 14m 18s
Rendered 3594/16242, time remaining: 14m 18s
Rendered 3595/16242, time remaining: 14m 18s
Rendered 3596/16242, time remaining: 14m 18s
Rendered 3597/16242, time remaining: 14m 18s
Rendered 3598/16242, time remaining: 14m 18s
Rendered 3599/16242, time remaining: 14m 18s
Rendered 3600/16242, time remaining: 14m 18s
Rendered 3601/16242, time remaining: 14m 18s
Rendered 3602/16242, time remaining: 14m 18s
Rendered 3603/16242, time remaining: 14m 18s
Rendered 3604/16242, time remaining: 14m 18s
Rendered 3605/16242, time remaining: 14m 17s
Rendered 3606/16242, time remaining: 14m 17s
Rendered 3607/16242, time remaining: 14m 17s
Rendered 3608/16242, time remaining: 14m 17s
Rendered 3609/16242, time remaining: 14m 17s
Rendered 3610/16242, time remaining: 14m 17s
Rendered 3611/16242, time remaining: 14m 17s
Rendered 3612/16242, time remaining: 14m 17s
Rendered 3613/16242, time remaining: 14m 17s
Rendered 3614/16242, time remaining: 14m 17s
Rendered 3615/16242, time remaining: 14m 17s
Rendered 3616/16242, time remaining: 14m 17s
Rendered 3617/16242, time remaining: 14m 16s
Rendered 3618/16242, time remaining: 14m 16s
Rendered 3619/16242, time remaining: 14m 16s
Rendered 3620/16242, time remaining: 14m 16s
Rendered 3621/16242, time remaining: 14m 16s
Rendered 3622/16242, time remaining: 14m 16s
Rendered 3623/16242, time remaining: 14m 16s
Rendered 3624/16242, time remaining: 14m 16s
Rendered 3625/16242, time remaining: 14m 16s
Rendered 3626/16242, time remaining: 14m 16s
Rendered 3627/16242, time remaining: 14m 16s
Rendered 3628/16242, time remaining: 14m 16s
Rendered 3629/16242, time remaining: 14m 16s
Rendered 3630/16242, time remaining: 14m 16s
Rendered 3631/16242, time remaining: 14m 15s
Rendered 3632/16242, time remaining: 14m 15s
Rendered 3633/16242, time remaining: 14m 15s
Rendered 3634/16242, time remaining: 14m 15s
Rendered 3635/16242, time remaining: 14m 15s
Rendered 3636/16242, time remaining: 14m 15s
Rendered 3637/16242, time remaining: 14m 15s
Rendered 3638/16242, time remaining: 14m 15s
Rendered 3639/16242, time remaining: 14m 15s
Rendered 3640/16242, time remaining: 14m 15s
Rendered 3641/16242, time remaining: 14m 15s
Rendered 3642/16242, time remaining: 14m 15s
Rendered 3643/16242, time remaining: 14m 15s
Rendered 3644/16242, time remaining: 14m 15s
Rendered 3645/16242, time remaining: 14m 15s
Rendered 3646/16242, time remaining: 14m 15s
Rendered 3647/16242, time remaining: 14m 15s
Rendered 3648/16242, time remaining: 14m 14s
Rendered 3649/16242, time remaining: 14m 14s
Rendered 3650/16242, time remaining: 14m 14s
Rendered 3651/16242, time remaining: 14m 14s
Rendered 3652/16242, time remaining: 14m 14s
Rendered 3653/16242, time remaining: 14m 14s
Rendered 3654/16242, time remaining: 14m 14s
Rendered 3655/16242, time remaining: 14m 14s
Rendered 3656/16242, time remaining: 14m 14s
Rendered 3657/16242, time remaining: 14m 14s
Rendered 3658/16242, time remaining: 14m 14s
Rendered 3659/16242, time remaining: 14m 14s
Rendered 3660/16242, time remaining: 14m 14s
Rendered 3661/16242, time remaining: 14m 14s
Rendered 3662/16242, time remaining: 14m 14s
Rendered 3663/16242, time remaining: 14m 14s
Rendered 3664/16242, time remaining: 14m 14s
Rendered 3665/16242, time remaining: 14m 14s
Rendered 3666/16242, time remaining: 14m 14s
Rendered 3667/16242, time remaining: 14m 14s
Rendered 3668/16242, time remaining: 14m 14s
Rendered 3669/16242, time remaining: 14m 14s
Rendered 3670/16242, time remaining: 14m 14s
Rendered 3671/16242, time remaining: 14m 14s
Rendered 3672/16242, time remaining: 14m 14s
Rendered 3673/16242, time remaining: 14m 14s
Rendered 3674/16242, time remaining: 14m 14s
Rendered 3675/16242, time remaining: 14m 14s
Rendered 3676/16242, time remaining: 14m 14s
Rendered 3677/16242, time remaining: 14m 14s
Rendered 3678/16242, time remaining: 14m 14s
Rendered 3679/16242, time remaining: 14m 14s
Rendered 3680/16242, time remaining: 14m 14s
Rendered 3681/16242, time remaining: 14m 13s
Rendered 3682/16242, time remaining: 14m 13s
Rendered 3683/16242, time remaining: 14m 13s
Rendered 3684/16242, time remaining: 14m 13s
Rendered 3685/16242, time remaining: 14m 13s
Rendered 3686/16242, time remaining: 14m 13s
Rendered 3687/16242, time remaining: 14m 13s
Rendered 3688/16242, time remaining: 14m 13s
Rendered 3689/16242, time remaining: 14m 13s
Rendered 3690/16242, time remaining: 14m 13s
Rendered 3691/16242, time remaining: 14m 13s
Rendered 3692/16242, time remaining: 14m 13s
Rendered 3693/16242, time remaining: 14m 13s
Rendered 3694/16242, time remaining: 14m 13s
Rendered 3695/16242, time remaining: 14m 13s
Rendered 3696/16242, time remaining: 14m 13s
Rendered 3697/16242, time remaining: 14m 13s
Rendered 3698/16242, time remaining: 14m 13s
Rendered 3699/16242, time remaining: 14m 13s
Rendered 3700/16242, time remaining: 14m 13s
Rendered 3701/16242, time remaining: 14m 13s
Rendered 3702/16242, time remaining: 14m 13s
Rendered 3703/16242, time remaining: 14m 13s
Rendered 3704/16242, time remaining: 14m 13s
Rendered 3705/16242, time remaining: 14m 13s
Rendered 3706/16242, time remaining: 14m 13s
Rendered 3707/16242, time remaining: 14m 13s
Rendered 3708/16242, time remaining: 14m 13s
Rendered 3709/16242, time remaining: 14m 13s
Rendered 3710/16242, time remaining: 14m 13s
Rendered 3711/16242, time remaining: 14m 13s
Rendered 3712/16242, time remaining: 14m 13s
Rendered 3713/16242, time remaining: 14m 13s
Rendered 3714/16242, time remaining: 14m 13s
Rendered 3715/16242, time remaining: 14m 13s
Rendered 3716/16242, time remaining: 14m 13s
Rendered 3717/16242, time remaining: 14m 13s
Rendered 3718/16242, time remaining: 14m 13s
Rendered 3719/16242, time remaining: 14m 13s
Rendered 3720/16242, time remaining: 14m 13s
Rendered 3721/16242, time remaining: 14m 13s
Rendered 3722/16242, time remaining: 14m 13s
Rendered 3723/16242, time remaining: 14m 13s
Rendered 3724/16242, time remaining: 14m 13s
Rendered 3725/16242, time remaining: 14m 13s
Rendered 3726/16242, time remaining: 14m 12s
Rendered 3727/16242, time remaining: 14m 12s
Rendered 3728/16242, time remaining: 14m 12s
Rendered 3729/16242, time remaining: 14m 12s
Rendered 3730/16242, time remaining: 14m 12s
Rendered 3731/16242, time remaining: 14m 12s
Rendered 3732/16242, time remaining: 14m 12s
Rendered 3733/16242, time remaining: 14m 12s
Rendered 3734/16242, time remaining: 14m 12s
Rendered 3735/16242, time remaining: 14m 12s
Rendered 3736/16242, time remaining: 14m 12s
Rendered 3737/16242, time remaining: 14m 12s
Rendered 3738/16242, time remaining: 14m 12s
Rendered 3739/16242, time remaining: 14m 12s
Rendered 3740/16242, time remaining: 14m 12s
Rendered 3741/16242, time remaining: 14m 12s
Rendered 3742/16242, time remaining: 14m 12s
Rendered 3743/16242, time remaining: 14m 12s
Rendered 3744/16242, time remaining: 14m 12s
Rendered 3745/16242, time remaining: 14m 12s
Rendered 3746/16242, time remaining: 14m 12s
Rendered 3747/16242, time remaining: 14m 12s
Rendered 3748/16242, time remaining: 14m 12s
Rendered 3749/16242, time remaining: 14m 12s
Rendered 3750/16242, time remaining: 14m 12s
Rendered 3751/16242, time remaining: 14m 12s
Rendered 3752/16242, time remaining: 14m 12s
Rendered 3753/16242, time remaining: 14m 12s
Rendered 3754/16242, time remaining: 14m 12s
Rendered 3755/16242, time remaining: 14m 12s
Rendered 3756/16242, time remaining: 14m 12s
Rendered 3757/16242, time remaining: 14m 12s
Rendered 3758/16242, time remaining: 14m 11s
Rendered 3759/16242, time remaining: 14m 11s
Rendered 3760/16242, time remaining: 14m 11s
Rendered 3761/16242, time remaining: 14m 11s
Rendered 3762/16242, time remaining: 14m 11s
Rendered 3763/16242, time remaining: 14m 11s
Rendered 3764/16242, time remaining: 14m 11s
Rendered 3765/16242, time remaining: 14m 11s
Rendered 3766/16242, time remaining: 14m 11s
Rendered 3767/16242, time remaining: 14m 11s
Rendered 3768/16242, time remaining: 14m 11s
Rendered 3769/16242, time remaining: 14m 11s
Rendered 3770/16242, time remaining: 14m 11s
Rendered 3771/16242, time remaining: 14m 11s
Rendered 3772/16242, time remaining: 14m 11s
Rendered 3773/16242, time remaining: 14m 11s
Rendered 3774/16242, time remaining: 14m 11s
Rendered 3775/16242, time remaining: 14m 11s
Rendered 3776/16242, time remaining: 14m 11s
Rendered 3777/16242, time remaining: 14m 11s
Rendered 3778/16242, time remaining: 14m 11s
Rendered 3779/16242, time remaining: 14m 11s
Rendered 3780/16242, time remaining: 14m 11s
Rendered 3781/16242, time remaining: 14m 11s
Rendered 3782/16242, time remaining: 14m 11s
Rendered 3783/16242, time remaining: 14m 11s
Rendered 3784/16242, time remaining: 14m 11s
Rendered 3785/16242, time remaining: 14m 11s
Rendered 3786/16242, time remaining: 14m 11s
Rendered 3787/16242, time remaining: 14m 11s
Rendered 3788/16242, time remaining: 14m 11s
Rendered 3789/16242, time remaining: 14m 11s
Rendered 3790/16242, time remaining: 14m 11s
Rendered 3791/16242, time remaining: 14m 11s
Rendered 3792/16242, time remaining: 14m 11s
Rendered 3793/16242, time remaining: 14m 11s
Rendered 3794/16242, time remaining: 14m 11s
Rendered 3795/16242, time remaining: 14m 11s
Rendered 3796/16242, time remaining: 14m 11s
Rendered 3797/16242, time remaining: 14m 11s
Rendered 3798/16242, time remaining: 14m 11s
Rendered 3799/16242, time remaining: 14m 11s
Rendered 3800/16242, time remaining: 14m 11s
Rendered 3801/16242, time remaining: 14m 11s
Rendered 3802/16242, time remaining: 14m 11s
Rendered 3803/16242, time remaining: 14m 11s
Rendered 3804/16242, time remaining: 14m 11s
Rendered 3805/16242, time remaining: 14m 11s
Rendered 3806/16242, time remaining: 14m 11s
Rendered 3807/16242, time remaining: 14m 11s
Rendered 3808/16242, time remaining: 14m 11s
Rendered 3809/16242, time remaining: 14m 11s
Rendered 3810/16242, time remaining: 14m 11s
Rendered 3811/16242, time remaining: 14m 11s
Rendered 3812/16242, time remaining: 14m 11s
Rendered 3813/16242, time remaining: 14m 11s
Rendered 3814/16242, time remaining: 14m 11s
Rendered 3815/16242, time remaining: 14m 11s
Rendered 3816/16242, time remaining: 14m 11s
Rendered 3817/16242, time remaining: 14m 11s
Rendered 3818/16242, time remaining: 14m 11s
Rendered 3819/16242, time remaining: 14m 11s
Rendered 3820/16242, time remaining: 14m 11s
Rendered 3821/16242, time remaining: 14m 11s
Rendered 3822/16242, time remaining: 14m 11s
Rendered 3823/16242, time remaining: 14m 11s
Rendered 3824/16242, time remaining: 14m 11s
Rendered 3825/16242, time remaining: 14m 11s
Rendered 3826/16242, time remaining: 14m 11s
Rendered 3827/16242, time remaining: 14m 11s
Rendered 3828/16242, time remaining: 14m 11s
Rendered 3829/16242, time remaining: 14m 11s
Rendered 3830/16242, time remaining: 14m 11s
Rendered 3831/16242, time remaining: 14m 11s
Rendered 3832/16242, time remaining: 14m 11s
Rendered 3833/16242, time remaining: 14m 11s
Rendered 3834/16242, time remaining: 14m 11s
Rendered 3835/16242, time remaining: 14m 11s
Rendered 3836/16242, time remaining: 14m 11s
Rendered 3837/16242, time remaining: 14m 11s
Rendered 3838/16242, time remaining: 14m 11s
Rendered 3839/16242, time remaining: 14m 11s
Rendered 3840/16242, time remaining: 14m 11s
Rendered 3841/16242, time remaining: 14m 11s
Rendered 3842/16242, time remaining: 14m 11s
Rendered 3843/16242, time remaining: 14m 11s
Rendered 3844/16242, time remaining: 14m 11s
Rendered 3845/16242, time remaining: 14m 11s
Rendered 3846/16242, time remaining: 14m 11s
Rendered 3847/16242, time remaining: 14m 11s
Rendered 3848/16242, time remaining: 14m 11s
Rendered 3849/16242, time remaining: 14m 11s
Rendered 3850/16242, time remaining: 14m 11s
Rendered 3851/16242, time remaining: 14m 11s
Rendered 3852/16242, time remaining: 14m 11s
Rendered 3853/16242, time remaining: 14m 11s
Rendered 3854/16242, time remaining: 14m 11s
Rendered 3855/16242, time remaining: 14m 11s
Rendered 3856/16242, time remaining: 14m 10s
Rendered 3857/16242, time remaining: 14m 10s
Rendered 3858/16242, time remaining: 14m 10s
Rendered 3859/16242, time remaining: 14m 10s
Rendered 3860/16242, time remaining: 14m 10s
Rendered 3861/16242, time remaining: 14m 10s
Rendered 3862/16242, time remaining: 14m 10s
Rendered 3863/16242, time remaining: 14m 10s
Rendered 3864/16242, time remaining: 14m 10s
Rendered 3865/16242, time remaining: 14m 10s
Rendered 3866/16242, time remaining: 14m 10s
Rendered 3867/16242, time remaining: 14m 10s
Rendered 3868/16242, time remaining: 14m 10s
Rendered 3869/16242, time remaining: 14m 10s
Rendered 3870/16242, time remaining: 14m 9s
Rendered 3871/16242, time remaining: 14m 9s
Rendered 3872/16242, time remaining: 14m 9s
Rendered 3873/16242, time remaining: 14m 9s
Rendered 3874/16242, time remaining: 14m 9s
Rendered 3875/16242, time remaining: 14m 9s
Rendered 3876/16242, time remaining: 14m 9s
Rendered 3877/16242, time remaining: 14m 9s
Rendered 3878/16242, time remaining: 14m 9s
Rendered 3879/16242, time remaining: 14m 9s
Rendered 3880/16242, time remaining: 14m 9s
Rendered 3881/16242, time remaining: 14m 9s
Rendered 3882/16242, time remaining: 14m 9s
Rendered 3883/16242, time remaining: 14m 9s
Rendered 3884/16242, time remaining: 14m 9s
Rendered 3885/16242, time remaining: 14m 9s
Rendered 3886/16242, time remaining: 14m 9s
Rendered 3887/16242, time remaining: 14m 9s
Rendered 3888/16242, time remaining: 14m 9s
Rendered 3889/16242, time remaining: 14m 9s
Rendered 3890/16242, time remaining: 14m 9s
Rendered 3891/16242, time remaining: 14m 9s
Rendered 3892/16242, time remaining: 14m 9s
Rendered 3893/16242, time remaining: 14m 8s
Rendered 3894/16242, time remaining: 14m 8s
Rendered 3895/16242, time remaining: 14m 9s
Rendered 3896/16242, time remaining: 14m 9s
Rendered 3897/16242, time remaining: 14m 9s
Rendered 3898/16242, time remaining: 14m 8s
Rendered 3899/16242, time remaining: 14m 8s
Rendered 3900/16242, time remaining: 14m 8s
Rendered 3901/16242, time remaining: 14m 8s
Rendered 3902/16242, time remaining: 14m 8s
Rendered 3903/16242, time remaining: 14m 8s
Rendered 3904/16242, time remaining: 14m 8s
Rendered 3905/16242, time remaining: 14m 8s
Rendered 3906/16242, time remaining: 14m 8s
Rendered 3907/16242, time remaining: 14m 8s
Rendered 3908/16242, time remaining: 14m 8s
Rendered 3909/16242, time remaining: 14m 8s
Rendered 3910/16242, time remaining: 14m 8s
Rendered 3911/16242, time remaining: 14m 7s
Rendered 3912/16242, time remaining: 14m 7s
Rendered 3913/16242, time remaining: 14m 7s
Rendered 3914/16242, time remaining: 14m 7s
Rendered 3915/16242, time remaining: 14m 7s
Rendered 3916/16242, time remaining: 14m 7s
Rendered 3917/16242, time remaining: 14m 7s
Rendered 3918/16242, time remaining: 14m 7s
Rendered 3919/16242, time remaining: 14m 7s
Rendered 3920/16242, time remaining: 14m 7s
Rendered 3921/16242, time remaining: 14m 7s
Rendered 3922/16242, time remaining: 14m 7s
Rendered 3923/16242, time remaining: 14m 7s
Rendered 3924/16242, time remaining: 14m 6s
Rendered 3925/16242, time remaining: 14m 6s
Rendered 3926/16242, time remaining: 14m 6s
Rendered 3927/16242, time remaining: 14m 6s
Rendered 3928/16242, time remaining: 14m 6s
Rendered 3929/16242, time remaining: 14m 6s
Rendered 3930/16242, time remaining: 14m 6s
Rendered 3931/16242, time remaining: 14m 6s
Rendered 3932/16242, time remaining: 14m 6s
Rendered 3933/16242, time remaining: 14m 6s
Rendered 3934/16242, time remaining: 14m 6s
Rendered 3935/16242, time remaining: 14m 6s
Rendered 3936/16242, time remaining: 14m 6s
Rendered 3937/16242, time remaining: 14m 6s
Rendered 3938/16242, time remaining: 14m 6s
Rendered 3939/16242, time remaining: 14m 6s
Rendered 3940/16242, time remaining: 14m 6s
Rendered 3941/16242, time remaining: 14m 6s
Rendered 3942/16242, time remaining: 14m 6s
Rendered 3943/16242, time remaining: 14m 5s
Rendered 3944/16242, time remaining: 14m 5s
Rendered 3945/16242, time remaining: 14m 5s
Rendered 3946/16242, time remaining: 14m 5s
Rendered 3947/16242, time remaining: 14m 5s
Rendered 3948/16242, time remaining: 14m 5s
Rendered 3949/16242, time remaining: 14m 5s
Rendered 3950/16242, time remaining: 14m 5s
Rendered 3951/16242, time remaining: 14m 5s
Rendered 3952/16242, time remaining: 14m 5s
Rendered 3953/16242, time remaining: 14m 5s
Rendered 3954/16242, time remaining: 14m 5s
Rendered 3955/16242, time remaining: 14m 5s
Rendered 3956/16242, time remaining: 14m 5s
Rendered 3957/16242, time remaining: 14m 4s
Rendered 3958/16242, time remaining: 14m 4s
Rendered 3959/16242, time remaining: 14m 4s
Rendered 3960/16242, time remaining: 14m 4s
Rendered 3961/16242, time remaining: 14m 4s
Rendered 3962/16242, time remaining: 14m 4s
Rendered 3963/16242, time remaining: 14m 4s
Rendered 3964/16242, time remaining: 14m 4s
Rendered 3965/16242, time remaining: 14m 4s
Rendered 3966/16242, time remaining: 14m 4s
Rendered 3967/16242, time remaining: 14m 4s
Rendered 3968/16242, time remaining: 14m 4s
Rendered 3969/16242, time remaining: 14m 4s
Rendered 3970/16242, time remaining: 14m 4s
Rendered 3971/16242, time remaining: 14m 4s
Rendered 3972/16242, time remaining: 14m 4s
Rendered 3973/16242, time remaining: 14m 4s
Rendered 3974/16242, time remaining: 14m 4s
Rendered 3975/16242, time remaining: 14m 4s
Rendered 3976/16242, time remaining: 14m 4s
Rendered 3977/16242, time remaining: 14m 4s
Rendered 3978/16242, time remaining: 14m 3s
Rendered 3979/16242, time remaining: 14m 3s
Rendered 3980/16242, time remaining: 14m 3s
Rendered 3981/16242, time remaining: 14m 3s
Rendered 3982/16242, time remaining: 14m 3s
Rendered 3983/16242, time remaining: 14m 3s
Rendered 3984/16242, time remaining: 14m 3s
Rendered 3985/16242, time remaining: 14m 3s
Rendered 3986/16242, time remaining: 14m 3s
Rendered 3987/16242, time remaining: 14m 3s
Rendered 3988/16242, time remaining: 14m 3s
Rendered 3989/16242, time remaining: 14m 3s
Rendered 3990/16242, time remaining: 14m 3s
Rendered 3991/16242, time remaining: 14m 3s
Rendered 3992/16242, time remaining: 14m 3s
Rendered 3993/16242, time remaining: 14m 3s
Rendered 3994/16242, time remaining: 14m 3s
Rendered 3995/16242, time remaining: 14m 2s
Rendered 3996/16242, time remaining: 14m 2s
Rendered 3997/16242, time remaining: 14m 3s
Rendered 3998/16242, time remaining: 14m 2s
Rendered 3999/16242, time remaining: 14m 2s
Rendered 4000/16242, time remaining: 14m 2s
Rendered 4001/16242, time remaining: 14m 2s
Rendered 4002/16242, time remaining: 14m 2s
Rendered 4003/16242, time remaining: 14m 2s
Rendered 4004/16242, time remaining: 14m 2s
Rendered 4005/16242, time remaining: 14m 2s
Rendered 4006/16242, time remaining: 14m 2s
Rendered 4007/16242, time remaining: 14m 2s
Rendered 4008/16242, time remaining: 14m 2s
Rendered 4009/16242, time remaining: 14m 2s
Rendered 4010/16242, time remaining: 14m 2s
Rendered 4011/16242, time remaining: 14m 2s
Rendered 4012/16242, time remaining: 14m 2s
Rendered 4013/16242, time remaining: 14m 2s
Rendered 4014/16242, time remaining: 14m 1s
Rendered 4015/16242, time remaining: 14m 1s
Rendered 4016/16242, time remaining: 14m 1s
Rendered 4017/16242, time remaining: 14m 1s
Rendered 4018/16242, time remaining: 14m 1s
Rendered 4019/16242, time remaining: 14m 1s
Rendered 4020/16242, time remaining: 14m 1s
Rendered 4021/16242, time remaining: 14m 1s
Rendered 4022/16242, time remaining: 14m 1s
Rendered 4023/16242, time remaining: 14m 1s
Rendered 4024/16242, time remaining: 14m 1s
Rendered 4025/16242, time remaining: 14m 1s
Rendered 4026/16242, time remaining: 14m 1s
Rendered 4027/16242, time remaining: 14m 1s
Rendered 4028/16242, time remaining: 14m 1s
Rendered 4029/16242, time remaining: 14m 1s
Rendered 4030/16242, time remaining: 14m 1s
Rendered 4031/16242, time remaining: 14m 1s
Rendered 4032/16242, time remaining: 14m 1s
Rendered 4033/16242, time remaining: 14m 1s
Rendered 4034/16242, time remaining: 14m 1s
Rendered 4035/16242, time remaining: 14m 0s
Rendered 4036/16242, time remaining: 14m 0s
Rendered 4037/16242, time remaining: 14m 0s
Rendered 4038/16242, time remaining: 14m 0s
Rendered 4039/16242, time remaining: 14m 0s
Rendered 4040/16242, time remaining: 14m 0s
Rendered 4041/16242, time remaining: 14m 0s
Rendered 4042/16242, time remaining: 14m 0s
Rendered 4043/16242, time remaining: 14m 0s
Rendered 4044/16242, time remaining: 14m 0s
Rendered 4045/16242, time remaining: 14m 0s
Rendered 4046/16242, time remaining: 14m 0s
Rendered 4047/16242, time remaining: 14m 0s
Rendered 4048/16242, time remaining: 14m 0s
Rendered 4049/16242, time remaining: 14m 0s
Rendered 4050/16242, time remaining: 14m 0s
Rendered 4051/16242, time remaining: 13m 59s
Rendered 4052/16242, time remaining: 13m 59s
Rendered 4053/16242, time remaining: 13m 59s
Rendered 4054/16242, time remaining: 13m 59s
Rendered 4055/16242, time remaining: 14m 0s
Rendered 4056/16242, time remaining: 13m 59s
Rendered 4057/16242, time remaining: 13m 59s
Rendered 4058/16242, time remaining: 13m 59s
Rendered 4059/16242, time remaining: 13m 59s
Rendered 4060/16242, time remaining: 13m 59s
Rendered 4061/16242, time remaining: 13m 59s
Rendered 4062/16242, time remaining: 13m 59s
Rendered 4063/16242, time remaining: 13m 59s
Rendered 4064/16242, time remaining: 13m 59s
Rendered 4065/16242, time remaining: 13m 59s
Rendered 4066/16242, time remaining: 13m 59s
Rendered 4067/16242, time remaining: 13m 59s
Rendered 4068/16242, time remaining: 13m 59s
Rendered 4069/16242, time remaining: 13m 59s
Rendered 4070/16242, time remaining: 13m 59s
Rendered 4071/16242, time remaining: 13m 59s
Rendered 4072/16242, time remaining: 13m 59s
Rendered 4073/16242, time remaining: 13m 58s
Rendered 4074/16242, time remaining: 13m 58s
Rendered 4075/16242, time remaining: 13m 58s
Rendered 4076/16242, time remaining: 13m 58s
Rendered 4077/16242, time remaining: 13m 58s
Rendered 4078/16242, time remaining: 13m 58s
Rendered 4079/16242, time remaining: 13m 58s
Rendered 4080/16242, time remaining: 13m 58s
Rendered 4081/16242, time remaining: 13m 58s
Rendered 4082/16242, time remaining: 13m 58s
Rendered 4083/16242, time remaining: 13m 58s
Rendered 4084/16242, time remaining: 13m 58s
Rendered 4085/16242, time remaining: 13m 58s
Rendered 4086/16242, time remaining: 13m 58s
Rendered 4087/16242, time remaining: 13m 58s
Rendered 4088/16242, time remaining: 13m 58s
Rendered 4089/16242, time remaining: 13m 58s
Rendered 4090/16242, time remaining: 13m 58s
Rendered 4091/16242, time remaining: 13m 58s
Rendered 4092/16242, time remaining: 13m 57s
Rendered 4093/16242, time remaining: 13m 57s
Rendered 4094/16242, time remaining: 13m 57s
Rendered 4095/16242, time remaining: 13m 57s
Rendered 4096/16242, time remaining: 13m 57s
Rendered 4097/16242, time remaining: 13m 57s
Rendered 4098/16242, time remaining: 13m 57s
Rendered 4099/16242, time remaining: 13m 57s
Rendered 4100/16242, time remaining: 13m 57s
Rendered 4101/16242, time remaining: 13m 57s
Rendered 4102/16242, time remaining: 13m 57s
Rendered 4103/16242, time remaining: 13m 57s
Rendered 4104/16242, time remaining: 13m 57s
Rendered 4105/16242, time remaining: 13m 57s
Rendered 4106/16242, time remaining: 13m 57s
Rendered 4107/16242, time remaining: 13m 57s
Rendered 4108/16242, time remaining: 13m 57s
Rendered 4109/16242, time remaining: 13m 57s
Rendered 4110/16242, time remaining: 13m 57s
Rendered 4111/16242, time remaining: 13m 57s
Rendered 4112/16242, time remaining: 13m 57s
Rendered 4113/16242, time remaining: 13m 57s
Rendered 4114/16242, time remaining: 13m 57s
Rendered 4115/16242, time remaining: 13m 57s
Rendered 4116/16242, time remaining: 13m 57s
Rendered 4117/16242, time remaining: 13m 57s
Rendered 4118/16242, time remaining: 13m 57s
Rendered 4119/16242, time remaining: 13m 57s
Rendered 4120/16242, time remaining: 13m 57s
Rendered 4121/16242, time remaining: 13m 57s
Rendered 4122/16242, time remaining: 13m 57s
Rendered 4123/16242, time remaining: 13m 56s
Rendered 4124/16242, time remaining: 13m 56s
Rendered 4125/16242, time remaining: 13m 56s
Rendered 4126/16242, time remaining: 13m 56s
Rendered 4127/16242, time remaining: 13m 56s
Rendered 4128/16242, time remaining: 13m 56s
Rendered 4129/16242, time remaining: 13m 56s
Rendered 4130/16242, time remaining: 13m 56s
Rendered 4131/16242, time remaining: 13m 56s
Rendered 4132/16242, time remaining: 13m 56s
Rendered 4133/16242, time remaining: 13m 56s
Rendered 4134/16242, time remaining: 13m 56s
Rendered 4135/16242, time remaining: 13m 56s
Rendered 4136/16242, time remaining: 13m 56s
Rendered 4137/16242, time remaining: 13m 56s
Rendered 4138/16242, time remaining: 13m 56s
Rendered 4139/16242, time remaining: 13m 56s
Rendered 4140/16242, time remaining: 13m 56s
Rendered 4141/16242, time remaining: 13m 56s
Rendered 4142/16242, time remaining: 13m 56s
Rendered 4143/16242, time remaining: 13m 56s
Rendered 4144/16242, time remaining: 13m 56s
Rendered 4145/16242, time remaining: 13m 56s
Rendered 4146/16242, time remaining: 13m 56s
Rendered 4147/16242, time remaining: 13m 56s
Rendered 4148/16242, time remaining: 13m 56s
Rendered 4149/16242, time remaining: 13m 56s
Rendered 4150/16242, time remaining: 13m 56s
Rendered 4151/16242, time remaining: 13m 56s
Rendered 4152/16242, time remaining: 13m 56s
Rendered 4153/16242, time remaining: 13m 56s
Rendered 4154/16242, time remaining: 13m 56s
Rendered 4155/16242, time remaining: 13m 56s
Rendered 4156/16242, time remaining: 13m 56s
Rendered 4157/16242, time remaining: 13m 55s
Rendered 4158/16242, time remaining: 13m 55s
Rendered 4159/16242, time remaining: 13m 55s
Rendered 4160/16242, time remaining: 13m 55s
Rendered 4161/16242, time remaining: 13m 55s
Rendered 4162/16242, time remaining: 13m 55s
Rendered 4163/16242, time remaining: 13m 55s
Rendered 4164/16242, time remaining: 13m 55s
Rendered 4165/16242, time remaining: 13m 55s
Rendered 4166/16242, time remaining: 13m 55s
Rendered 4167/16242, time remaining: 13m 55s
Rendered 4168/16242, time remaining: 13m 55s
Rendered 4169/16242, time remaining: 13m 55s
Rendered 4170/16242, time remaining: 13m 55s
Rendered 4171/16242, time remaining: 13m 55s
Rendered 4172/16242, time remaining: 13m 55s
Rendered 4173/16242, time remaining: 13m 55s
Rendered 4174/16242, time remaining: 13m 55s
Rendered 4175/16242, time remaining: 13m 55s
Rendered 4176/16242, time remaining: 13m 55s
Rendered 4177/16242, time remaining: 13m 55s
Rendered 4178/16242, time remaining: 13m 55s
Rendered 4179/16242, time remaining: 13m 55s
Rendered 4180/16242, time remaining: 13m 54s
Rendered 4181/16242, time remaining: 13m 54s
Rendered 4182/16242, time remaining: 13m 54s
Rendered 4183/16242, time remaining: 13m 54s
Rendered 4184/16242, time remaining: 13m 54s
Rendered 4185/16242, time remaining: 13m 54s
Rendered 4186/16242, time remaining: 13m 54s
Rendered 4187/16242, time remaining: 13m 54s
Rendered 4188/16242, time remaining: 13m 54s
Rendered 4189/16242, time remaining: 13m 54s
Rendered 4190/16242, time remaining: 13m 54s
Rendered 4191/16242, time remaining: 13m 54s
Rendered 4192/16242, time remaining: 13m 54s
Rendered 4193/16242, time remaining: 13m 54s
Rendered 4194/16242, time remaining: 13m 53s
Rendered 4195/16242, time remaining: 13m 53s
Rendered 4196/16242, time remaining: 13m 53s
Rendered 4197/16242, time remaining: 13m 53s
Rendered 4198/16242, time remaining: 13m 53s
Rendered 4199/16242, time remaining: 13m 53s
Rendered 4200/16242, time remaining: 13m 53s
Rendered 4201/16242, time remaining: 13m 53s
Rendered 4202/16242, time remaining: 13m 53s
Rendered 4203/16242, time remaining: 13m 53s
Rendered 4204/16242, time remaining: 13m 53s
Rendered 4205/16242, time remaining: 13m 53s
Rendered 4206/16242, time remaining: 13m 53s
Rendered 4207/16242, time remaining: 13m 53s
Rendered 4208/16242, time remaining: 13m 53s
Rendered 4209/16242, time remaining: 13m 53s
Rendered 4210/16242, time remaining: 13m 53s
Rendered 4211/16242, time remaining: 13m 53s
Rendered 4212/16242, time remaining: 13m 53s
Rendered 4213/16242, time remaining: 13m 53s
Rendered 4214/16242, time remaining: 13m 53s
Rendered 4215/16242, time remaining: 13m 53s
Rendered 4216/16242, time remaining: 13m 53s
Rendered 4217/16242, time remaining: 13m 53s
Rendered 4218/16242, time remaining: 13m 53s
Rendered 4219/16242, time remaining: 13m 52s
Rendered 4220/16242, time remaining: 13m 52s
Rendered 4221/16242, time remaining: 13m 52s
Rendered 4222/16242, time remaining: 13m 52s
Rendered 4223/16242, time remaining: 13m 52s
Rendered 4224/16242, time remaining: 13m 52s
Rendered 4225/16242, time remaining: 13m 52s
Rendered 4226/16242, time remaining: 13m 52s
Rendered 4227/16242, time remaining: 13m 52s
Rendered 4228/16242, time remaining: 13m 52s
Rendered 4229/16242, time remaining: 13m 52s
Rendered 4230/16242, time remaining: 13m 52s
Rendered 4231/16242, time remaining: 13m 52s
Rendered 4232/16242, time remaining: 13m 52s
Rendered 4233/16242, time remaining: 13m 52s
Rendered 4234/16242, time remaining: 13m 51s
Rendered 4235/16242, time remaining: 13m 51s
Rendered 4236/16242, time remaining: 13m 51s
Rendered 4237/16242, time remaining: 13m 51s
Rendered 4238/16242, time remaining: 13m 51s
Rendered 4239/16242, time remaining: 13m 51s
Rendered 4240/16242, time remaining: 13m 51s
Rendered 4241/16242, time remaining: 13m 51s
Rendered 4242/16242, time remaining: 13m 51s
Rendered 4243/16242, time remaining: 13m 51s
Rendered 4244/16242, time remaining: 13m 51s
Rendered 4245/16242, time remaining: 13m 51s
Rendered 4246/16242, time remaining: 13m 51s
Rendered 4247/16242, time remaining: 13m 51s
Rendered 4248/16242, time remaining: 13m 51s
Rendered 4249/16242, time remaining: 13m 50s
Rendered 4250/16242, time remaining: 13m 50s
Rendered 4251/16242, time remaining: 13m 50s
Rendered 4252/16242, time remaining: 13m 50s
Rendered 4253/16242, time remaining: 13m 50s
Rendered 4254/16242, time remaining: 13m 50s
Rendered 4255/16242, time remaining: 13m 50s
Rendered 4256/16242, time remaining: 13m 50s
Rendered 4257/16242, time remaining: 13m 50s
Rendered 4258/16242, time remaining: 13m 50s
Rendered 4259/16242, time remaining: 13m 50s
Rendered 4260/16242, time remaining: 13m 50s
Rendered 4261/16242, time remaining: 13m 50s
Rendered 4262/16242, time remaining: 13m 50s
Rendered 4263/16242, time remaining: 13m 50s
Rendered 4264/16242, time remaining: 13m 49s
Rendered 4265/16242, time remaining: 13m 49s
Rendered 4266/16242, time remaining: 13m 49s
Rendered 4267/16242, time remaining: 13m 49s
Rendered 4268/16242, time remaining: 13m 49s
Rendered 4269/16242, time remaining: 13m 49s
Rendered 4270/16242, time remaining: 13m 49s
Rendered 4271/16242, time remaining: 13m 49s
Rendered 4272/16242, time remaining: 13m 49s
Rendered 4273/16242, time remaining: 13m 49s
Rendered 4274/16242, time remaining: 13m 49s
Rendered 4275/16242, time remaining: 13m 49s
Rendered 4276/16242, time remaining: 13m 49s
Rendered 4277/16242, time remaining: 13m 49s
Rendered 4278/16242, time remaining: 13m 49s
Rendered 4279/16242, time remaining: 13m 49s
Rendered 4280/16242, time remaining: 13m 49s
Rendered 4281/16242, time remaining: 13m 49s
Rendered 4282/16242, time remaining: 13m 49s
Rendered 4283/16242, time remaining: 13m 49s
Rendered 4284/16242, time remaining: 13m 49s
Rendered 4285/16242, time remaining: 13m 49s
Rendered 4286/16242, time remaining: 13m 49s
Rendered 4287/16242, time remaining: 13m 49s
Rendered 4288/16242, time remaining: 13m 49s
Rendered 4289/16242, time remaining: 13m 49s
Rendered 4290/16242, time remaining: 13m 48s
Rendered 4291/16242, time remaining: 13m 48s
Rendered 4292/16242, time remaining: 13m 48s
Rendered 4293/16242, time remaining: 13m 48s
Rendered 4294/16242, time remaining: 13m 48s
Rendered 4295/16242, time remaining: 13m 48s
Rendered 4296/16242, time remaining: 13m 48s
Rendered 4297/16242, time remaining: 13m 48s
Rendered 4298/16242, time remaining: 13m 48s
Rendered 4299/16242, time remaining: 13m 48s
Rendered 4300/16242, time remaining: 13m 48s
Rendered 4301/16242, time remaining: 13m 48s
Rendered 4302/16242, time remaining: 13m 48s
Rendered 4303/16242, time remaining: 13m 48s
Rendered 4304/16242, time remaining: 13m 48s
Rendered 4305/16242, time remaining: 13m 48s
Rendered 4306/16242, time remaining: 13m 48s
Rendered 4307/16242, time remaining: 13m 48s
Rendered 4308/16242, time remaining: 13m 48s
Rendered 4309/16242, time remaining: 13m 48s
Rendered 4310/16242, time remaining: 13m 48s
Rendered 4311/16242, time remaining: 13m 48s
Rendered 4312/16242, time remaining: 13m 48s
Rendered 4313/16242, time remaining: 13m 48s
Rendered 4314/16242, time remaining: 13m 48s
Rendered 4315/16242, time remaining: 13m 48s
Rendered 4316/16242, time remaining: 13m 48s
Rendered 4317/16242, time remaining: 13m 48s
Rendered 4318/16242, time remaining: 13m 48s
Rendered 4319/16242, time remaining: 13m 48s
Rendered 4320/16242, time remaining: 13m 48s
Rendered 4321/16242, time remaining: 13m 47s
Rendered 4322/16242, time remaining: 13m 47s
Rendered 4323/16242, time remaining: 13m 47s
Rendered 4324/16242, time remaining: 13m 47s
Rendered 4325/16242, time remaining: 13m 47s
Rendered 4326/16242, time remaining: 13m 47s
Rendered 4327/16242, time remaining: 13m 47s
Rendered 4328/16242, time remaining: 13m 47s
Rendered 4329/16242, time remaining: 13m 47s
Rendered 4330/16242, time remaining: 13m 47s
Rendered 4331/16242, time remaining: 13m 47s
Rendered 4332/16242, time remaining: 13m 47s
Rendered 4333/16242, time remaining: 13m 47s
Rendered 4334/16242, time remaining: 13m 47s
Rendered 4335/16242, time remaining: 13m 47s
Rendered 4336/16242, time remaining: 13m 47s
Rendered 4337/16242, time remaining: 13m 47s
Rendered 4338/16242, time remaining: 13m 47s
Rendered 4339/16242, time remaining: 13m 47s
Rendered 4340/16242, time remaining: 13m 47s
Rendered 4341/16242, time remaining: 13m 47s
Rendered 4342/16242, time remaining: 13m 47s
Rendered 4343/16242, time remaining: 13m 47s
Rendered 4344/16242, time remaining: 13m 47s
Rendered 4345/16242, time remaining: 13m 47s
Rendered 4346/16242, time remaining: 13m 47s
Rendered 4347/16242, time remaining: 13m 47s
Rendered 4348/16242, time remaining: 13m 47s
Rendered 4349/16242, time remaining: 13m 47s
Rendered 4350/16242, time remaining: 13m 47s
Rendered 4351/16242, time remaining: 13m 47s
Rendered 4352/16242, time remaining: 13m 47s
Rendered 4353/16242, time remaining: 13m 46s
Rendered 4354/16242, time remaining: 13m 46s
Rendered 4355/16242, time remaining: 13m 46s
Rendered 4356/16242, time remaining: 13m 46s
Rendered 4357/16242, time remaining: 13m 46s
Rendered 4358/16242, time remaining: 13m 46s
Rendered 4359/16242, time remaining: 13m 46s
Rendered 4360/16242, time remaining: 13m 46s
Rendered 4361/16242, time remaining: 13m 46s
Rendered 4362/16242, time remaining: 13m 46s
Rendered 4363/16242, time remaining: 13m 46s
Rendered 4364/16242, time remaining: 13m 46s
Rendered 4365/16242, time remaining: 13m 46s
Rendered 4366/16242, time remaining: 13m 46s
Rendered 4367/16242, time remaining: 13m 46s
Rendered 4368/16242, time remaining: 13m 46s
Rendered 4369/16242, time remaining: 13m 46s
Rendered 4370/16242, time remaining: 13m 46s
Rendered 4371/16242, time remaining: 13m 46s
Rendered 4372/16242, time remaining: 13m 46s
Rendered 4373/16242, time remaining: 13m 46s
Rendered 4374/16242, time remaining: 13m 46s
Rendered 4375/16242, time remaining: 13m 46s
Rendered 4376/16242, time remaining: 13m 46s
Rendered 4377/16242, time remaining: 13m 46s
Rendered 4378/16242, time remaining: 13m 46s
Rendered 4379/16242, time remaining: 13m 46s
Rendered 4380/16242, time remaining: 13m 46s
Rendered 4381/16242, time remaining: 13m 46s
Rendered 4382/16242, time remaining: 13m 46s
Rendered 4383/16242, time remaining: 13m 46s
Rendered 4384/16242, time remaining: 13m 45s
Rendered 4385/16242, time remaining: 13m 45s
Rendered 4386/16242, time remaining: 13m 45s
Rendered 4387/16242, time remaining: 13m 45s
Rendered 4388/16242, time remaining: 13m 45s
Rendered 4389/16242, time remaining: 13m 45s
Rendered 4390/16242, time remaining: 13m 45s
Rendered 4391/16242, time remaining: 13m 45s
Rendered 4392/16242, time remaining: 13m 45s
Rendered 4393/16242, time remaining: 13m 45s
Rendered 4394/16242, time remaining: 13m 45s
Rendered 4395/16242, time remaining: 13m 45s
Rendered 4396/16242, time remaining: 13m 45s
Rendered 4397/16242, time remaining: 13m 45s
Rendered 4398/16242, time remaining: 13m 45s
Rendered 4399/16242, time remaining: 13m 45s
Rendered 4400/16242, time remaining: 13m 45s
Rendered 4401/16242, time remaining: 13m 45s
Rendered 4402/16242, time remaining: 13m 45s
Rendered 4403/16242, time remaining: 13m 45s
Rendered 4404/16242, time remaining: 13m 44s
Rendered 4405/16242, time remaining: 13m 44s
Rendered 4406/16242, time remaining: 13m 44s
Rendered 4407/16242, time remaining: 13m 44s
Rendered 4408/16242, time remaining: 13m 44s
Rendered 4409/16242, time remaining: 13m 44s
Rendered 4410/16242, time remaining: 13m 44s
Rendered 4411/16242, time remaining: 13m 44s
Rendered 4412/16242, time remaining: 13m 44s
Rendered 4413/16242, time remaining: 13m 44s
Rendered 4414/16242, time remaining: 13m 44s
Rendered 4415/16242, time remaining: 13m 44s
Rendered 4416/16242, time remaining: 13m 44s
Rendered 4417/16242, time remaining: 13m 43s
Rendered 4418/16242, time remaining: 13m 43s
Rendered 4419/16242, time remaining: 13m 43s
Rendered 4420/16242, time remaining: 13m 43s
Rendered 4421/16242, time remaining: 13m 43s
Rendered 4422/16242, time remaining: 13m 43s
Rendered 4423/16242, time remaining: 13m 43s
Rendered 4424/16242, time remaining: 13m 43s
Rendered 4425/16242, time remaining: 13m 43s
Rendered 4426/16242, time remaining: 13m 43s
Rendered 4427/16242, time remaining: 13m 43s
Rendered 4428/16242, time remaining: 13m 43s
Rendered 4429/16242, time remaining: 13m 43s
Rendered 4430/16242, time remaining: 13m 43s
Rendered 4431/16242, time remaining: 13m 42s
Rendered 4432/16242, time remaining: 13m 42s
Rendered 4433/16242, time remaining: 13m 42s
Rendered 4434/16242, time remaining: 13m 42s
Rendered 4435/16242, time remaining: 13m 42s
Rendered 4436/16242, time remaining: 13m 42s
Rendered 4437/16242, time remaining: 13m 42s
Rendered 4438/16242, time remaining: 13m 42s
Rendered 4439/16242, time remaining: 13m 42s
Rendered 4440/16242, time remaining: 13m 42s
Rendered 4441/16242, time remaining: 13m 42s
Rendered 4442/16242, time remaining: 13m 42s
Rendered 4443/16242, time remaining: 13m 42s
Rendered 4444/16242, time remaining: 13m 41s
Rendered 4445/16242, time remaining: 13m 41s
Rendered 4446/16242, time remaining: 13m 41s
Rendered 4447/16242, time remaining: 13m 41s
Rendered 4448/16242, time remaining: 13m 41s
Rendered 4449/16242, time remaining: 13m 41s
Rendered 4450/16242, time remaining: 13m 41s
Rendered 4451/16242, time remaining: 13m 41s
Rendered 4452/16242, time remaining: 13m 41s
Rendered 4453/16242, time remaining: 13m 41s
Rendered 4454/16242, time remaining: 13m 41s
Rendered 4455/16242, time remaining: 13m 41s
Rendered 4456/16242, time remaining: 13m 40s
Rendered 4457/16242, time remaining: 13m 40s
Rendered 4458/16242, time remaining: 13m 40s
Rendered 4459/16242, time remaining: 13m 40s
Rendered 4460/16242, time remaining: 13m 40s
Rendered 4461/16242, time remaining: 13m 40s
Rendered 4462/16242, time remaining: 13m 40s
Rendered 4463/16242, time remaining: 13m 40s
Rendered 4464/16242, time remaining: 13m 40s
Rendered 4465/16242, time remaining: 13m 40s
Rendered 4466/16242, time remaining: 13m 40s
Rendered 4467/16242, time remaining: 13m 40s
Rendered 4468/16242, time remaining: 13m 39s
Rendered 4469/16242, time remaining: 13m 39s
Rendered 4470/16242, time remaining: 13m 39s
Rendered 4471/16242, time remaining: 13m 39s
Rendered 4472/16242, time remaining: 13m 39s
Rendered 4473/16242, time remaining: 13m 39s
Rendered 4474/16242, time remaining: 13m 39s
Rendered 4475/16242, time remaining: 13m 39s
Rendered 4476/16242, time remaining: 13m 39s
Rendered 4477/16242, time remaining: 13m 39s
Rendered 4478/16242, time remaining: 13m 39s
Rendered 4479/16242, time remaining: 13m 39s
Rendered 4480/16242, time remaining: 13m 39s
Rendered 4481/16242, time remaining: 13m 38s
Rendered 4482/16242, time remaining: 13m 38s
Rendered 4483/16242, time remaining: 13m 38s
Rendered 4484/16242, time remaining: 13m 38s
Rendered 4485/16242, time remaining: 13m 38s
Rendered 4486/16242, time remaining: 13m 38s
Rendered 4487/16242, time remaining: 13m 38s
Rendered 4488/16242, time remaining: 13m 38s
Rendered 4489/16242, time remaining: 13m 38s
Rendered 4490/16242, time remaining: 13m 38s
Rendered 4491/16242, time remaining: 13m 38s
Rendered 4492/16242, time remaining: 13m 38s
Rendered 4493/16242, time remaining: 13m 38s
Rendered 4494/16242, time remaining: 13m 37s
Rendered 4495/16242, time remaining: 13m 37s
Rendered 4496/16242, time remaining: 13m 37s
Rendered 4497/16242, time remaining: 13m 37s
Rendered 4498/16242, time remaining: 13m 37s
Rendered 4499/16242, time remaining: 13m 37s
Rendered 4500/16242, time remaining: 13m 37s
Rendered 4501/16242, time remaining: 13m 37s
Rendered 4502/16242, time remaining: 13m 37s
Rendered 4503/16242, time remaining: 13m 37s
Rendered 4504/16242, time remaining: 13m 37s
Rendered 4505/16242, time remaining: 13m 37s
Rendered 4506/16242, time remaining: 13m 37s
Rendered 4507/16242, time remaining: 13m 36s
Rendered 4508/16242, time remaining: 13m 36s
Rendered 4509/16242, time remaining: 13m 36s
Rendered 4510/16242, time remaining: 13m 36s
Rendered 4511/16242, time remaining: 13m 36s
Rendered 4512/16242, time remaining: 13m 36s
Rendered 4513/16242, time remaining: 13m 36s
Rendered 4514/16242, time remaining: 13m 36s
Rendered 4515/16242, time remaining: 13m 36s
Rendered 4516/16242, time remaining: 13m 36s
Rendered 4517/16242, time remaining: 13m 36s
Rendered 4518/16242, time remaining: 13m 36s
Rendered 4519/16242, time remaining: 13m 36s
Rendered 4520/16242, time remaining: 13m 35s
Rendered 4521/16242, time remaining: 13m 35s
Rendered 4522/16242, time remaining: 13m 35s
Rendered 4523/16242, time remaining: 13m 35s
Rendered 4524/16242, time remaining: 13m 35s
Rendered 4525/16242, time remaining: 13m 35s
Rendered 4526/16242, time remaining: 13m 35s
Rendered 4527/16242, time remaining: 13m 35s
Rendered 4528/16242, time remaining: 13m 35s
Rendered 4529/16242, time remaining: 13m 35s
Rendered 4530/16242, time remaining: 13m 35s
Rendered 4531/16242, time remaining: 13m 35s
Rendered 4532/16242, time remaining: 13m 35s
Rendered 4533/16242, time remaining: 13m 34s
Rendered 4534/16242, time remaining: 13m 34s
Rendered 4535/16242, time remaining: 13m 34s
Rendered 4536/16242, time remaining: 13m 34s
Rendered 4537/16242, time remaining: 13m 34s
Rendered 4538/16242, time remaining: 13m 34s
Rendered 4539/16242, time remaining: 13m 34s
Rendered 4540/16242, time remaining: 13m 34s
Rendered 4541/16242, time remaining: 13m 34s
Rendered 4542/16242, time remaining: 13m 34s
Rendered 4543/16242, time remaining: 13m 34s
Rendered 4544/16242, time remaining: 13m 34s
Rendered 4545/16242, time remaining: 13m 33s
Rendered 4546/16242, time remaining: 13m 33s
Rendered 4547/16242, time remaining: 13m 33s
Rendered 4548/16242, time remaining: 13m 33s
Rendered 4549/16242, time remaining: 13m 33s
Rendered 4550/16242, time remaining: 13m 33s
Rendered 4551/16242, time remaining: 13m 33s
Rendered 4552/16242, time remaining: 13m 33s
Rendered 4553/16242, time remaining: 13m 33s
Rendered 4554/16242, time remaining: 13m 33s
Rendered 4555/16242, time remaining: 13m 33s
Rendered 4556/16242, time remaining: 13m 33s
Rendered 4557/16242, time remaining: 13m 33s
Rendered 4558/16242, time remaining: 13m 33s
Rendered 4559/16242, time remaining: 13m 32s
Rendered 4560/16242, time remaining: 13m 32s
Rendered 4561/16242, time remaining: 13m 32s
Rendered 4562/16242, time remaining: 13m 32s
Rendered 4563/16242, time remaining: 13m 32s
Rendered 4564/16242, time remaining: 13m 32s
Rendered 4565/16242, time remaining: 13m 32s
Rendered 4566/16242, time remaining: 13m 32s
Rendered 4567/16242, time remaining: 13m 32s
Rendered 4568/16242, time remaining: 13m 32s
Rendered 4569/16242, time remaining: 13m 32s
Rendered 4570/16242, time remaining: 13m 32s
Rendered 4571/16242, time remaining: 13m 32s
Rendered 4572/16242, time remaining: 13m 31s
Rendered 4573/16242, time remaining: 13m 31s
Rendered 4574/16242, time remaining: 13m 31s
Rendered 4575/16242, time remaining: 13m 31s
Rendered 4576/16242, time remaining: 13m 31s
Rendered 4577/16242, time remaining: 13m 31s
Rendered 4578/16242, time remaining: 13m 31s
Rendered 4579/16242, time remaining: 13m 31s
Rendered 4580/16242, time remaining: 13m 31s
Rendered 4581/16242, time remaining: 13m 31s
Rendered 4582/16242, time remaining: 13m 31s
Rendered 4583/16242, time remaining: 13m 31s
Rendered 4584/16242, time remaining: 13m 31s
Rendered 4585/16242, time remaining: 13m 30s
Rendered 4586/16242, time remaining: 13m 30s
Rendered 4587/16242, time remaining: 13m 30s
Rendered 4588/16242, time remaining: 13m 30s
Rendered 4589/16242, time remaining: 13m 30s
Rendered 4590/16242, time remaining: 13m 30s
Rendered 4591/16242, time remaining: 13m 30s
Rendered 4592/16242, time remaining: 13m 30s
Rendered 4593/16242, time remaining: 13m 30s
Rendered 4594/16242, time remaining: 13m 30s
Rendered 4595/16242, time remaining: 13m 30s
Rendered 4596/16242, time remaining: 13m 30s
Rendered 4597/16242, time remaining: 13m 30s
Rendered 4598/16242, time remaining: 13m 29s
Rendered 4599/16242, time remaining: 13m 29s
Rendered 4600/16242, time remaining: 13m 29s
Rendered 4601/16242, time remaining: 13m 29s
Rendered 4602/16242, time remaining: 13m 29s
Rendered 4603/16242, time remaining: 13m 29s
Rendered 4604/16242, time remaining: 13m 29s
Rendered 4605/16242, time remaining: 13m 29s
Rendered 4606/16242, time remaining: 13m 29s
Rendered 4607/16242, time remaining: 13m 29s
Rendered 4608/16242, time remaining: 13m 29s
Rendered 4609/16242, time remaining: 13m 28s
Rendered 4610/16242, time remaining: 13m 28s
Rendered 4611/16242, time remaining: 13m 28s
Rendered 4612/16242, time remaining: 13m 28s
Rendered 4613/16242, time remaining: 13m 28s
Rendered 4614/16242, time remaining: 13m 28s
Rendered 4615/16242, time remaining: 13m 28s
Rendered 4616/16242, time remaining: 13m 28s
Rendered 4617/16242, time remaining: 13m 28s
Rendered 4618/16242, time remaining: 13m 28s
Rendered 4619/16242, time remaining: 13m 28s
Rendered 4620/16242, time remaining: 13m 28s
Rendered 4621/16242, time remaining: 13m 28s
Rendered 4622/16242, time remaining: 13m 28s
Rendered 4623/16242, time remaining: 13m 27s
Rendered 4624/16242, time remaining: 13m 27s
Rendered 4625/16242, time remaining: 13m 27s
Rendered 4626/16242, time remaining: 13m 27s
Rendered 4627/16242, time remaining: 13m 27s
Rendered 4628/16242, time remaining: 13m 27s
Rendered 4629/16242, time remaining: 13m 27s
Rendered 4630/16242, time remaining: 13m 27s
Rendered 4631/16242, time remaining: 13m 27s
Rendered 4632/16242, time remaining: 13m 27s
Rendered 4633/16242, time remaining: 13m 27s
Rendered 4634/16242, time remaining: 13m 27s
Rendered 4635/16242, time remaining: 13m 27s
Rendered 4636/16242, time remaining: 13m 27s
Rendered 4637/16242, time remaining: 13m 26s
Rendered 4638/16242, time remaining: 13m 26s
Rendered 4639/16242, time remaining: 13m 26s
Rendered 4640/16242, time remaining: 13m 26s
Rendered 4641/16242, time remaining: 13m 26s
Rendered 4642/16242, time remaining: 13m 26s
Rendered 4643/16242, time remaining: 13m 26s
Rendered 4644/16242, time remaining: 13m 26s
Rendered 4645/16242, time remaining: 13m 26s
Rendered 4646/16242, time remaining: 13m 26s
Rendered 4647/16242, time remaining: 13m 26s
Rendered 4648/16242, time remaining: 13m 26s
Rendered 4649/16242, time remaining: 13m 26s
Rendered 4650/16242, time remaining: 13m 26s
Rendered 4651/16242, time remaining: 13m 25s
Rendered 4652/16242, time remaining: 13m 25s
Rendered 4653/16242, time remaining: 13m 25s
Rendered 4654/16242, time remaining: 13m 25s
Rendered 4655/16242, time remaining: 13m 25s
Rendered 4656/16242, time remaining: 13m 25s
Rendered 4657/16242, time remaining: 13m 25s
Rendered 4658/16242, time remaining: 13m 25s
Rendered 4659/16242, time remaining: 13m 25s
Rendered 4660/16242, time remaining: 13m 25s
Rendered 4661/16242, time remaining: 13m 25s
Rendered 4662/16242, time remaining: 13m 24s
Rendered 4663/16242, time remaining: 13m 24s
Rendered 4664/16242, time remaining: 13m 24s
Rendered 4665/16242, time remaining: 13m 24s
Rendered 4666/16242, time remaining: 13m 24s
Rendered 4667/16242, time remaining: 13m 24s
Rendered 4668/16242, time remaining: 13m 24s
Rendered 4669/16242, time remaining: 13m 24s
Rendered 4670/16242, time remaining: 13m 24s
Rendered 4671/16242, time remaining: 13m 24s
Rendered 4672/16242, time remaining: 13m 24s
Rendered 4673/16242, time remaining: 13m 24s
Rendered 4674/16242, time remaining: 13m 24s
Rendered 4675/16242, time remaining: 13m 23s
Rendered 4676/16242, time remaining: 13m 23s
Rendered 4677/16242, time remaining: 13m 23s
Rendered 4678/16242, time remaining: 13m 23s
Rendered 4679/16242, time remaining: 13m 23s
Rendered 4680/16242, time remaining: 13m 23s
Rendered 4681/16242, time remaining: 13m 23s
Rendered 4682/16242, time remaining: 13m 23s
Rendered 4683/16242, time remaining: 13m 23s
Rendered 4684/16242, time remaining: 13m 23s
Rendered 4685/16242, time remaining: 13m 23s
Rendered 4686/16242, time remaining: 13m 23s
Rendered 4687/16242, time remaining: 13m 23s
Rendered 4688/16242, time remaining: 13m 22s
Rendered 4689/16242, time remaining: 13m 22s
Rendered 4690/16242, time remaining: 13m 22s
Rendered 4691/16242, time remaining: 13m 22s
Rendered 4692/16242, time remaining: 13m 22s
Rendered 4693/16242, time remaining: 13m 22s
Rendered 4694/16242, time remaining: 13m 22s
Rendered 4695/16242, time remaining: 13m 22s
Rendered 4696/16242, time remaining: 13m 22s
Rendered 4697/16242, time remaining: 13m 22s
Rendered 4698/16242, time remaining: 13m 22s
Rendered 4699/16242, time remaining: 13m 22s
Rendered 4700/16242, time remaining: 13m 22s
Rendered 4701/16242, time remaining: 13m 21s
Rendered 4702/16242, time remaining: 13m 21s
Rendered 4703/16242, time remaining: 13m 21s
Rendered 4704/16242, time remaining: 13m 21s
Rendered 4705/16242, time remaining: 13m 21s
Rendered 4706/16242, time remaining: 13m 21s
Rendered 4707/16242, time remaining: 13m 21s
Rendered 4708/16242, time remaining: 13m 21s
Rendered 4709/16242, time remaining: 13m 21s
Rendered 4710/16242, time remaining: 13m 21s
Rendered 4711/16242, time remaining: 13m 21s
Rendered 4712/16242, time remaining: 13m 21s
Rendered 4713/16242, time remaining: 13m 21s
Rendered 4714/16242, time remaining: 13m 20s
Rendered 4715/16242, time remaining: 13m 20s
Rendered 4716/16242, time remaining: 13m 20s
Rendered 4717/16242, time remaining: 13m 20s
Rendered 4718/16242, time remaining: 13m 20s
Rendered 4719/16242, time remaining: 13m 20s
Rendered 4720/16242, time remaining: 13m 20s
Rendered 4721/16242, time remaining: 13m 20s
Rendered 4722/16242, time remaining: 13m 20s
Rendered 4723/16242, time remaining: 13m 20s
Rendered 4724/16242, time remaining: 13m 20s
Rendered 4725/16242, time remaining: 13m 20s
Rendered 4726/16242, time remaining: 13m 20s
Rendered 4727/16242, time remaining: 13m 20s
Rendered 4728/16242, time remaining: 13m 19s
Rendered 4729/16242, time remaining: 13m 19s
Rendered 4730/16242, time remaining: 13m 19s
Rendered 4731/16242, time remaining: 13m 19s
Rendered 4732/16242, time remaining: 13m 19s
Rendered 4733/16242, time remaining: 13m 19s
Rendered 4734/16242, time remaining: 13m 19s
Rendered 4735/16242, time remaining: 13m 19s
Rendered 4736/16242, time remaining: 13m 19s
Rendered 4737/16242, time remaining: 13m 19s
Rendered 4738/16242, time remaining: 13m 19s
Rendered 4739/16242, time remaining: 13m 19s
Rendered 4740/16242, time remaining: 13m 19s
Rendered 4741/16242, time remaining: 13m 18s
Rendered 4742/16242, time remaining: 13m 18s
Rendered 4743/16242, time remaining: 13m 18s
Rendered 4744/16242, time remaining: 13m 18s
Rendered 4745/16242, time remaining: 13m 18s
Rendered 4746/16242, time remaining: 13m 18s
Rendered 4747/16242, time remaining: 13m 18s
Rendered 4748/16242, time remaining: 13m 18s
Rendered 4749/16242, time remaining: 13m 18s
Rendered 4750/16242, time remaining: 13m 18s
Rendered 4751/16242, time remaining: 13m 18s
Rendered 4752/16242, time remaining: 13m 18s
Rendered 4753/16242, time remaining: 13m 18s
Rendered 4754/16242, time remaining: 13m 17s
Rendered 4755/16242, time remaining: 13m 17s
Rendered 4756/16242, time remaining: 13m 17s
Rendered 4757/16242, time remaining: 13m 17s
Rendered 4758/16242, time remaining: 13m 17s
Rendered 4759/16242, time remaining: 13m 17s
Rendered 4760/16242, time remaining: 13m 17s
Rendered 4761/16242, time remaining: 13m 17s
Rendered 4762/16242, time remaining: 13m 17s
Rendered 4763/16242, time remaining: 13m 17s
Rendered 4764/16242, time remaining: 13m 17s
Rendered 4765/16242, time remaining: 13m 17s
Rendered 4766/16242, time remaining: 13m 17s
Rendered 4767/16242, time remaining: 13m 16s
Rendered 4768/16242, time remaining: 13m 16s
Rendered 4769/16242, time remaining: 13m 16s
Rendered 4770/16242, time remaining: 13m 16s
Rendered 4771/16242, time remaining: 13m 16s
Rendered 4772/16242, time remaining: 13m 16s
Rendered 4773/16242, time remaining: 13m 16s
Rendered 4774/16242, time remaining: 13m 16s
Rendered 4775/16242, time remaining: 13m 16s
Rendered 4776/16242, time remaining: 13m 16s
Rendered 4777/16242, time remaining: 13m 16s
Rendered 4778/16242, time remaining: 13m 16s
Rendered 4779/16242, time remaining: 13m 16s
Rendered 4780/16242, time remaining: 13m 15s
Rendered 4781/16242, time remaining: 13m 15s
Rendered 4782/16242, time remaining: 13m 15s
Rendered 4783/16242, time remaining: 13m 15s
Rendered 4784/16242, time remaining: 13m 15s
Rendered 4785/16242, time remaining: 13m 15s
Rendered 4786/16242, time remaining: 13m 15s
Rendered 4787/16242, time remaining: 13m 15s
Rendered 4788/16242, time remaining: 13m 15s
Rendered 4789/16242, time remaining: 13m 15s
Rendered 4790/16242, time remaining: 13m 15s
Rendered 4791/16242, time remaining: 13m 15s
Rendered 4792/16242, time remaining: 13m 15s
Rendered 4793/16242, time remaining: 13m 14s
Rendered 4794/16242, time remaining: 13m 14s
Rendered 4795/16242, time remaining: 13m 14s
Rendered 4796/16242, time remaining: 13m 14s
Rendered 4797/16242, time remaining: 13m 14s
Rendered 4798/16242, time remaining: 13m 14s
Rendered 4799/16242, time remaining: 13m 14s
Rendered 4800/16242, time remaining: 13m 14s
Rendered 4801/16242, time remaining: 13m 14s
Rendered 4802/16242, time remaining: 13m 14s
Rendered 4803/16242, time remaining: 13m 14s
Rendered 4804/16242, time remaining: 13m 14s
Rendered 4805/16242, time remaining: 13m 14s
Rendered 4806/16242, time remaining: 13m 14s
Rendered 4807/16242, time remaining: 13m 13s
Rendered 4808/16242, time remaining: 13m 13s
Rendered 4809/16242, time remaining: 13m 13s
Rendered 4810/16242, time remaining: 13m 13s
Rendered 4811/16242, time remaining: 13m 13s
Rendered 4812/16242, time remaining: 13m 13s
Rendered 4813/16242, time remaining: 13m 13s
Rendered 4814/16242, time remaining: 13m 13s
Rendered 4815/16242, time remaining: 13m 13s
Rendered 4816/16242, time remaining: 13m 13s
Rendered 4817/16242, time remaining: 13m 13s
Rendered 4818/16242, time remaining: 13m 13s
Rendered 4819/16242, time remaining: 13m 13s
Rendered 4820/16242, time remaining: 13m 12s
Rendered 4821/16242, time remaining: 13m 12s
Rendered 4822/16242, time remaining: 13m 12s
Rendered 4823/16242, time remaining: 13m 12s
Rendered 4824/16242, time remaining: 13m 12s
Rendered 4825/16242, time remaining: 13m 12s
Rendered 4826/16242, time remaining: 13m 12s
Rendered 4827/16242, time remaining: 13m 12s
Rendered 4828/16242, time remaining: 13m 12s
Rendered 4829/16242, time remaining: 13m 12s
Rendered 4830/16242, time remaining: 13m 12s
Rendered 4831/16242, time remaining: 13m 12s
Rendered 4832/16242, time remaining: 13m 12s
Rendered 4833/16242, time remaining: 13m 11s
Rendered 4834/16242, time remaining: 13m 11s
Rendered 4835/16242, time remaining: 13m 11s
Rendered 4836/16242, time remaining: 13m 11s
Rendered 4837/16242, time remaining: 13m 11s
Rendered 4838/16242, time remaining: 13m 11s
Rendered 4839/16242, time remaining: 13m 11s
Rendered 4840/16242, time remaining: 13m 11s
Rendered 4841/16242, time remaining: 13m 11s
Rendered 4842/16242, time remaining: 13m 11s
Rendered 4843/16242, time remaining: 13m 11s
Rendered 4844/16242, time remaining: 13m 11s
Rendered 4845/16242, time remaining: 13m 11s
Rendered 4846/16242, time remaining: 13m 11s
Rendered 4847/16242, time remaining: 13m 10s
Rendered 4848/16242, time remaining: 13m 10s
Rendered 4849/16242, time remaining: 13m 10s
Rendered 4850/16242, time remaining: 13m 10s
Rendered 4851/16242, time remaining: 13m 10s
Rendered 4852/16242, time remaining: 13m 10s
Rendered 4853/16242, time remaining: 13m 10s
Rendered 4854/16242, time remaining: 13m 10s
Rendered 4855/16242, time remaining: 13m 10s
Rendered 4856/16242, time remaining: 13m 10s
Rendered 4857/16242, time remaining: 13m 10s
Rendered 4858/16242, time remaining: 13m 10s
Rendered 4859/16242, time remaining: 13m 9s
Rendered 4860/16242, time remaining: 13m 9s
Rendered 4861/16242, time remaining: 13m 9s
Rendered 4862/16242, time remaining: 13m 9s
Rendered 4863/16242, time remaining: 13m 9s
Rendered 4864/16242, time remaining: 13m 9s
Rendered 4865/16242, time remaining: 13m 9s
Rendered 4866/16242, time remaining: 13m 9s
Rendered 4867/16242, time remaining: 13m 9s
Rendered 4868/16242, time remaining: 13m 9s
Rendered 4869/16242, time remaining: 13m 9s
Rendered 4870/16242, time remaining: 13m 9s
Rendered 4871/16242, time remaining: 13m 9s
Rendered 4872/16242, time remaining: 13m 8s
Rendered 4873/16242, time remaining: 13m 8s
Rendered 4874/16242, time remaining: 13m 8s
Rendered 4875/16242, time remaining: 13m 8s
Rendered 4876/16242, time remaining: 13m 8s
Rendered 4877/16242, time remaining: 13m 8s
Rendered 4878/16242, time remaining: 13m 8s
Rendered 4879/16242, time remaining: 13m 8s
Rendered 4880/16242, time remaining: 13m 8s
Rendered 4881/16242, time remaining: 13m 8s
Rendered 4882/16242, time remaining: 13m 8s
Rendered 4883/16242, time remaining: 13m 8s
Rendered 4884/16242, time remaining: 13m 8s
Rendered 4885/16242, time remaining: 13m 8s
Rendered 4886/16242, time remaining: 13m 8s
Rendered 4887/16242, time remaining: 13m 8s
Rendered 4888/16242, time remaining: 13m 8s
Rendered 4889/16242, time remaining: 13m 8s
Rendered 4890/16242, time remaining: 13m 7s
Rendered 4891/16242, time remaining: 13m 7s
Rendered 4892/16242, time remaining: 13m 7s
Rendered 4893/16242, time remaining: 13m 7s
Rendered 4894/16242, time remaining: 13m 7s
Rendered 4895/16242, time remaining: 13m 7s
Rendered 4896/16242, time remaining: 13m 7s
Rendered 4897/16242, time remaining: 13m 7s
Rendered 4898/16242, time remaining: 13m 7s
Rendered 4899/16242, time remaining: 13m 7s
Rendered 4900/16242, time remaining: 13m 7s
Rendered 4901/16242, time remaining: 13m 7s
Rendered 4902/16242, time remaining: 13m 7s
Rendered 4903/16242, time remaining: 13m 7s
Rendered 4904/16242, time remaining: 13m 6s
Rendered 4905/16242, time remaining: 13m 6s
Rendered 4906/16242, time remaining: 13m 6s
Rendered 4907/16242, time remaining: 13m 6s
Rendered 4908/16242, time remaining: 13m 6s
Rendered 4909/16242, time remaining: 13m 6s
Rendered 4910/16242, time remaining: 13m 6s
Rendered 4911/16242, time remaining: 13m 6s
Rendered 4912/16242, time remaining: 13m 6s
Rendered 4913/16242, time remaining: 13m 6s
Rendered 4914/16242, time remaining: 13m 6s
Rendered 4915/16242, time remaining: 13m 6s
Rendered 4916/16242, time remaining: 13m 5s
Rendered 4917/16242, time remaining: 13m 5s
Rendered 4918/16242, time remaining: 13m 5s
Rendered 4919/16242, time remaining: 13m 5s
Rendered 4920/16242, time remaining: 13m 5s
Rendered 4921/16242, time remaining: 13m 5s
Rendered 4922/16242, time remaining: 13m 5s
Rendered 4923/16242, time remaining: 13m 5s
Rendered 4924/16242, time remaining: 13m 5s
Rendered 4925/16242, time remaining: 13m 5s
Rendered 4926/16242, time remaining: 13m 5s
Rendered 4927/16242, time remaining: 13m 4s
Rendered 4928/16242, time remaining: 13m 4s
Rendered 4929/16242, time remaining: 13m 4s
Rendered 4930/16242, time remaining: 13m 4s
Rendered 4931/16242, time remaining: 13m 4s
Rendered 4932/16242, time remaining: 13m 4s
Rendered 4933/16242, time remaining: 13m 4s
Rendered 4934/16242, time remaining: 13m 4s
Rendered 4935/16242, time remaining: 13m 4s
Rendered 4936/16242, time remaining: 13m 4s
Rendered 4937/16242, time remaining: 13m 4s
Rendered 4938/16242, time remaining: 13m 4s
Rendered 4939/16242, time remaining: 13m 4s
Rendered 4940/16242, time remaining: 13m 4s
Rendered 4941/16242, time remaining: 13m 3s
Rendered 4942/16242, time remaining: 13m 3s
Rendered 4943/16242, time remaining: 13m 3s
Rendered 4944/16242, time remaining: 13m 3s
Rendered 4945/16242, time remaining: 13m 3s
Rendered 4946/16242, time remaining: 13m 3s
Rendered 4947/16242, time remaining: 13m 3s
Rendered 4948/16242, time remaining: 13m 3s
Rendered 4949/16242, time remaining: 13m 3s
Rendered 4950/16242, time remaining: 13m 3s
Rendered 4951/16242, time remaining: 13m 3s
Rendered 4952/16242, time remaining: 13m 3s
Rendered 4953/16242, time remaining: 13m 3s
Rendered 4954/16242, time remaining: 13m 2s
Rendered 4955/16242, time remaining: 13m 2s
Rendered 4956/16242, time remaining: 13m 2s
Rendered 4957/16242, time remaining: 13m 2s
Rendered 4958/16242, time remaining: 13m 2s
Rendered 4959/16242, time remaining: 13m 2s
Rendered 4960/16242, time remaining: 13m 2s
Rendered 4961/16242, time remaining: 13m 2s
Rendered 4962/16242, time remaining: 13m 2s
Rendered 4963/16242, time remaining: 13m 2s
Rendered 4964/16242, time remaining: 13m 1s
Rendered 4965/16242, time remaining: 13m 1s
Rendered 4966/16242, time remaining: 13m 1s
Rendered 4967/16242, time remaining: 13m 1s
Rendered 4968/16242, time remaining: 13m 1s
Rendered 4969/16242, time remaining: 13m 1s
Rendered 4970/16242, time remaining: 13m 1s
Rendered 4971/16242, time remaining: 13m 1s
Rendered 4972/16242, time remaining: 13m 1s
Rendered 4973/16242, time remaining: 13m 1s
Rendered 4974/16242, time remaining: 13m 1s
Rendered 4975/16242, time remaining: 13m 1s
Rendered 4976/16242, time remaining: 13m 1s
Rendered 4977/16242, time remaining: 13m 0s
Rendered 4978/16242, time remaining: 13m 0s
Rendered 4979/16242, time remaining: 13m 0s
Rendered 4980/16242, time remaining: 13m 0s
Rendered 4981/16242, time remaining: 13m 0s
Rendered 4982/16242, time remaining: 13m 0s
Rendered 4983/16242, time remaining: 13m 0s
Rendered 4984/16242, time remaining: 13m 0s
Rendered 4985/16242, time remaining: 13m 0s
Rendered 4986/16242, time remaining: 13m 0s
Rendered 4987/16242, time remaining: 13m 0s
Rendered 4988/16242, time remaining: 13m 0s
Rendered 4989/16242, time remaining: 13m 0s
Rendered 4990/16242, time remaining: 12m 59s
Rendered 4991/16242, time remaining: 12m 59s
Rendered 4992/16242, time remaining: 12m 59s
Rendered 4993/16242, time remaining: 12m 59s
Rendered 4994/16242, time remaining: 12m 59s
Rendered 4995/16242, time remaining: 12m 59s
Rendered 4996/16242, time remaining: 12m 59s
Rendered 4997/16242, time remaining: 12m 59s
Rendered 4998/16242, time remaining: 12m 59s
Rendered 4999/16242, time remaining: 12m 59s
Rendered 5000/16242, time remaining: 12m 59s
Rendered 5001/16242, time remaining: 12m 59s
Rendered 5002/16242, time remaining: 12m 59s
Rendered 5003/16242, time remaining: 12m 59s
Rendered 5004/16242, time remaining: 12m 58s
Rendered 5005/16242, time remaining: 12m 58s
Rendered 5006/16242, time remaining: 12m 58s
Rendered 5007/16242, time remaining: 12m 58s
Rendered 5008/16242, time remaining: 12m 58s
Rendered 5009/16242, time remaining: 12m 58s
Rendered 5010/16242, time remaining: 12m 58s
Rendered 5011/16242, time remaining: 12m 58s
Rendered 5012/16242, time remaining: 12m 58s
Rendered 5013/16242, time remaining: 12m 58s
Rendered 5014/16242, time remaining: 12m 58s
Rendered 5015/16242, time remaining: 12m 57s
Rendered 5016/16242, time remaining: 12m 57s
Rendered 5017/16242, time remaining: 12m 57s
Rendered 5018/16242, time remaining: 12m 57s
Rendered 5019/16242, time remaining: 12m 57s
Rendered 5020/16242, time remaining: 12m 57s
Rendered 5021/16242, time remaining: 12m 57s
Rendered 5022/16242, time remaining: 12m 57s
Rendered 5023/16242, time remaining: 12m 57s
Rendered 5024/16242, time remaining: 12m 57s
Rendered 5025/16242, time remaining: 12m 57s
Rendered 5026/16242, time remaining: 12m 57s
Rendered 5027/16242, time remaining: 12m 56s
Rendered 5028/16242, time remaining: 12m 56s
Rendered 5029/16242, time remaining: 12m 56s
Rendered 5030/16242, time remaining: 12m 56s
Rendered 5031/16242, time remaining: 12m 56s
Rendered 5032/16242, time remaining: 12m 56s
Rendered 5033/16242, time remaining: 12m 56s
Rendered 5034/16242, time remaining: 12m 56s
Rendered 5035/16242, time remaining: 12m 56s
Rendered 5036/16242, time remaining: 12m 56s
Rendered 5037/16242, time remaining: 12m 56s
Rendered 5038/16242, time remaining: 12m 56s
Rendered 5039/16242, time remaining: 12m 56s
Rendered 5040/16242, time remaining: 12m 55s
Rendered 5041/16242, time remaining: 12m 55s
Rendered 5042/16242, time remaining: 12m 55s
Rendered 5043/16242, time remaining: 12m 55s
Rendered 5044/16242, time remaining: 12m 55s
Rendered 5045/16242, time remaining: 12m 55s
Rendered 5046/16242, time remaining: 12m 55s
Rendered 5047/16242, time remaining: 12m 55s
Rendered 5048/16242, time remaining: 12m 55s
Rendered 5049/16242, time remaining: 12m 55s
Rendered 5050/16242, time remaining: 12m 55s
Rendered 5051/16242, time remaining: 12m 55s
Rendered 5052/16242, time remaining: 12m 55s
Rendered 5053/16242, time remaining: 12m 54s
Rendered 5054/16242, time remaining: 12m 54s
Rendered 5055/16242, time remaining: 12m 54s
Rendered 5056/16242, time remaining: 12m 54s
Rendered 5057/16242, time remaining: 12m 54s
Rendered 5058/16242, time remaining: 12m 54s
Rendered 5059/16242, time remaining: 12m 54s
Rendered 5060/16242, time remaining: 12m 54s
Rendered 5061/16242, time remaining: 12m 54s
Rendered 5062/16242, time remaining: 12m 54s
Rendered 5063/16242, time remaining: 12m 54s
Rendered 5064/16242, time remaining: 12m 54s
Rendered 5065/16242, time remaining: 12m 54s
Rendered 5066/16242, time remaining: 12m 53s
Rendered 5067/16242, time remaining: 12m 53s
Rendered 5068/16242, time remaining: 12m 53s
Rendered 5069/16242, time remaining: 12m 53s
Rendered 5070/16242, time remaining: 12m 53s
Rendered 5071/16242, time remaining: 12m 53s
Rendered 5072/16242, time remaining: 12m 53s
Rendered 5073/16242, time remaining: 12m 53s
Rendered 5074/16242, time remaining: 12m 53s
Rendered 5075/16242, time remaining: 12m 53s
Rendered 5076/16242, time remaining: 12m 53s
Rendered 5077/16242, time remaining: 12m 53s
Rendered 5078/16242, time remaining: 12m 53s
Rendered 5079/16242, time remaining: 12m 53s
Rendered 5080/16242, time remaining: 12m 52s
Rendered 5081/16242, time remaining: 12m 52s
Rendered 5082/16242, time remaining: 12m 52s
Rendered 5083/16242, time remaining: 12m 52s
Rendered 5084/16242, time remaining: 12m 52s
Rendered 5085/16242, time remaining: 12m 52s
Rendered 5086/16242, time remaining: 12m 52s
Rendered 5087/16242, time remaining: 12m 52s
Rendered 5088/16242, time remaining: 12m 52s
Rendered 5089/16242, time remaining: 12m 52s
Rendered 5090/16242, time remaining: 12m 52s
Rendered 5091/16242, time remaining: 12m 52s
Rendered 5092/16242, time remaining: 12m 52s
Rendered 5093/16242, time remaining: 12m 51s
Rendered 5094/16242, time remaining: 12m 51s
Rendered 5095/16242, time remaining: 12m 51s
Rendered 5096/16242, time remaining: 12m 51s
Rendered 5097/16242, time remaining: 12m 51s
Rendered 5098/16242, time remaining: 12m 51s
Rendered 5099/16242, time remaining: 12m 51s
Rendered 5100/16242, time remaining: 12m 51s
Rendered 5101/16242, time remaining: 12m 51s
Rendered 5102/16242, time remaining: 12m 51s
Rendered 5103/16242, time remaining: 12m 51s
Rendered 5104/16242, time remaining: 12m 51s
Rendered 5105/16242, time remaining: 12m 51s
Rendered 5106/16242, time remaining: 12m 51s
Rendered 5107/16242, time remaining: 12m 50s
Rendered 5108/16242, time remaining: 12m 50s
Rendered 5109/16242, time remaining: 12m 50s
Rendered 5110/16242, time remaining: 12m 50s
Rendered 5111/16242, time remaining: 12m 50s
Rendered 5112/16242, time remaining: 12m 50s
Rendered 5113/16242, time remaining: 12m 50s
Rendered 5114/16242, time remaining: 12m 50s
Rendered 5115/16242, time remaining: 12m 50s
Rendered 5116/16242, time remaining: 12m 50s
Rendered 5117/16242, time remaining: 12m 50s
Rendered 5118/16242, time remaining: 12m 50s
Rendered 5119/16242, time remaining: 12m 50s
Rendered 5120/16242, time remaining: 12m 49s
Rendered 5121/16242, time remaining: 12m 49s
Rendered 5122/16242, time remaining: 12m 49s
Rendered 5123/16242, time remaining: 12m 49s
Rendered 5124/16242, time remaining: 12m 49s
Rendered 5125/16242, time remaining: 12m 49s
Rendered 5126/16242, time remaining: 12m 49s
Rendered 5127/16242, time remaining: 12m 49s
Rendered 5128/16242, time remaining: 12m 49s
Rendered 5129/16242, time remaining: 12m 49s
Rendered 5130/16242, time remaining: 12m 49s
Rendered 5131/16242, time remaining: 12m 49s
Rendered 5132/16242, time remaining: 12m 49s
Rendered 5133/16242, time remaining: 12m 48s
Rendered 5134/16242, time remaining: 12m 48s
Rendered 5135/16242, time remaining: 12m 48s
Rendered 5136/16242, time remaining: 12m 48s
Rendered 5137/16242, time remaining: 12m 48s
Rendered 5138/16242, time remaining: 12m 48s
Rendered 5139/16242, time remaining: 12m 48s
Rendered 5140/16242, time remaining: 12m 48s
Rendered 5141/16242, time remaining: 12m 48s
Rendered 5142/16242, time remaining: 12m 48s
Rendered 5143/16242, time remaining: 12m 48s
Rendered 5144/16242, time remaining: 12m 48s
Rendered 5145/16242, time remaining: 12m 47s
Rendered 5146/16242, time remaining: 12m 47s
Rendered 5147/16242, time remaining: 12m 47s
Rendered 5148/16242, time remaining: 12m 47s
Rendered 5149/16242, time remaining: 12m 47s
Rendered 5150/16242, time remaining: 12m 47s
Rendered 5151/16242, time remaining: 12m 47s
Rendered 5152/16242, time remaining: 12m 47s
Rendered 5153/16242, time remaining: 12m 47s
Rendered 5154/16242, time remaining: 12m 47s
Rendered 5155/16242, time remaining: 12m 47s
Rendered 5156/16242, time remaining: 12m 47s
Rendered 5157/16242, time remaining: 12m 46s
Rendered 5158/16242, time remaining: 12m 46s
Rendered 5159/16242, time remaining: 12m 46s
Rendered 5160/16242, time remaining: 12m 46s
Rendered 5161/16242, time remaining: 12m 46s
Rendered 5162/16242, time remaining: 12m 46s
Rendered 5163/16242, time remaining: 12m 46s
Rendered 5164/16242, time remaining: 12m 46s
Rendered 5165/16242, time remaining: 12m 46s
Rendered 5166/16242, time remaining: 12m 46s
Rendered 5167/16242, time remaining: 12m 46s
Rendered 5168/16242, time remaining: 12m 46s
Rendered 5169/16242, time remaining: 12m 46s
Rendered 5170/16242, time remaining: 12m 45s
Rendered 5171/16242, time remaining: 12m 45s
Rendered 5172/16242, time remaining: 12m 45s
Rendered 5173/16242, time remaining: 12m 45s
Rendered 5174/16242, time remaining: 12m 45s
Rendered 5175/16242, time remaining: 12m 45s
Rendered 5176/16242, time remaining: 12m 45s
Rendered 5177/16242, time remaining: 12m 45s
Rendered 5178/16242, time remaining: 12m 45s
Rendered 5179/16242, time remaining: 12m 45s
Rendered 5180/16242, time remaining: 12m 45s
Rendered 5181/16242, time remaining: 12m 45s
Rendered 5182/16242, time remaining: 12m 45s
Rendered 5183/16242, time remaining: 12m 44s
Rendered 5184/16242, time remaining: 12m 44s
Rendered 5185/16242, time remaining: 12m 44s
Rendered 5186/16242, time remaining: 12m 44s
Rendered 5187/16242, time remaining: 12m 44s
Rendered 5188/16242, time remaining: 12m 44s
Rendered 5189/16242, time remaining: 12m 44s
Rendered 5190/16242, time remaining: 12m 44s
Rendered 5191/16242, time remaining: 12m 44s
Rendered 5192/16242, time remaining: 12m 44s
Rendered 5193/16242, time remaining: 12m 44s
Rendered 5194/16242, time remaining: 12m 44s
Rendered 5195/16242, time remaining: 12m 44s
Rendered 5196/16242, time remaining: 12m 44s
Rendered 5197/16242, time remaining: 12m 43s
Rendered 5198/16242, time remaining: 12m 43s
Rendered 5199/16242, time remaining: 12m 43s
Rendered 5200/16242, time remaining: 12m 43s
Rendered 5201/16242, time remaining: 12m 43s
Rendered 5202/16242, time remaining: 12m 43s
Rendered 5203/16242, time remaining: 12m 43s
Rendered 5204/16242, time remaining: 12m 43s
Rendered 5205/16242, time remaining: 12m 43s
Rendered 5206/16242, time remaining: 12m 43s
Rendered 5207/16242, time remaining: 12m 43s
Rendered 5208/16242, time remaining: 12m 43s
Rendered 5209/16242, time remaining: 12m 43s
Rendered 5210/16242, time remaining: 12m 42s
Rendered 5211/16242, time remaining: 12m 42s
Rendered 5212/16242, time remaining: 12m 42s
Rendered 5213/16242, time remaining: 12m 42s
Rendered 5214/16242, time remaining: 12m 42s
Rendered 5215/16242, time remaining: 12m 42s
Rendered 5216/16242, time remaining: 12m 42s
Rendered 5217/16242, time remaining: 12m 42s
Rendered 5218/16242, time remaining: 12m 42s
Rendered 5219/16242, time remaining: 12m 42s
Rendered 5220/16242, time remaining: 12m 42s
Rendered 5221/16242, time remaining: 12m 42s
Rendered 5222/16242, time remaining: 12m 42s
Rendered 5223/16242, time remaining: 12m 42s
Rendered 5224/16242, time remaining: 12m 41s
Rendered 5225/16242, time remaining: 12m 41s
Rendered 5226/16242, time remaining: 12m 41s
Rendered 5227/16242, time remaining: 12m 41s
Rendered 5228/16242, time remaining: 12m 41s
Rendered 5229/16242, time remaining: 12m 41s
Rendered 5230/16242, time remaining: 12m 41s
Rendered 5231/16242, time remaining: 12m 41s
Rendered 5232/16242, time remaining: 12m 41s
Rendered 5233/16242, time remaining: 12m 41s
Rendered 5234/16242, time remaining: 12m 41s
Rendered 5235/16242, time remaining: 12m 41s
Rendered 5236/16242, time remaining: 12m 41s
Rendered 5237/16242, time remaining: 12m 40s
Rendered 5238/16242, time remaining: 12m 40s
Rendered 5239/16242, time remaining: 12m 40s
Rendered 5240/16242, time remaining: 12m 40s
Rendered 5241/16242, time remaining: 12m 40s
Rendered 5242/16242, time remaining: 12m 40s
Rendered 5243/16242, time remaining: 12m 40s
Rendered 5244/16242, time remaining: 12m 40s
Rendered 5245/16242, time remaining: 12m 40s
Rendered 5246/16242, time remaining: 12m 40s
Rendered 5247/16242, time remaining: 12m 40s
Rendered 5248/16242, time remaining: 12m 40s
Rendered 5249/16242, time remaining: 12m 40s
Rendered 5250/16242, time remaining: 12m 40s
Rendered 5251/16242, time remaining: 12m 39s
Rendered 5252/16242, time remaining: 12m 39s
Rendered 5253/16242, time remaining: 12m 39s
Rendered 5254/16242, time remaining: 12m 39s
Rendered 5255/16242, time remaining: 12m 39s
Rendered 5256/16242, time remaining: 12m 39s
Rendered 5257/16242, time remaining: 12m 39s
Rendered 5258/16242, time remaining: 12m 39s
Rendered 5259/16242, time remaining: 12m 39s
Rendered 5260/16242, time remaining: 12m 39s
Rendered 5261/16242, time remaining: 12m 39s
Rendered 5262/16242, time remaining: 12m 39s
Rendered 5263/16242, time remaining: 12m 39s
Rendered 5264/16242, time remaining: 12m 38s
Rendered 5265/16242, time remaining: 12m 38s
Rendered 5266/16242, time remaining: 12m 38s
Rendered 5267/16242, time remaining: 12m 38s
Rendered 5268/16242, time remaining: 12m 38s
Rendered 5269/16242, time remaining: 12m 38s
Rendered 5270/16242, time remaining: 12m 38s
Rendered 5271/16242, time remaining: 12m 38s
Rendered 5272/16242, time remaining: 12m 38s
Rendered 5273/16242, time remaining: 12m 38s
Rendered 5274/16242, time remaining: 12m 38s
Rendered 5275/16242, time remaining: 12m 38s
Rendered 5276/16242, time remaining: 12m 38s
Rendered 5277/16242, time remaining: 12m 37s
Rendered 5278/16242, time remaining: 12m 37s
Rendered 5279/16242, time remaining: 12m 37s
Rendered 5280/16242, time remaining: 12m 37s
Rendered 5281/16242, time remaining: 12m 37s
Rendered 5282/16242, time remaining: 12m 37s
Rendered 5283/16242, time remaining: 12m 37s
Rendered 5284/16242, time remaining: 12m 37s
Rendered 5285/16242, time remaining: 12m 37s
Rendered 5286/16242, time remaining: 12m 37s
Rendered 5287/16242, time remaining: 12m 37s
Rendered 5288/16242, time remaining: 12m 37s
Rendered 5289/16242, time remaining: 12m 37s
Rendered 5290/16242, time remaining: 12m 37s
Rendered 5291/16242, time remaining: 12m 36s
Rendered 5292/16242, time remaining: 12m 36s
Rendered 5293/16242, time remaining: 12m 36s
Rendered 5294/16242, time remaining: 12m 36s
Rendered 5295/16242, time remaining: 12m 36s
Rendered 5296/16242, time remaining: 12m 36s
Rendered 5297/16242, time remaining: 12m 36s
Rendered 5298/16242, time remaining: 12m 36s
Rendered 5299/16242, time remaining: 12m 36s
Rendered 5300/16242, time remaining: 12m 36s
Rendered 5301/16242, time remaining: 12m 36s
Rendered 5302/16242, time remaining: 12m 36s
Rendered 5303/16242, time remaining: 12m 36s
Rendered 5304/16242, time remaining: 12m 35s
Rendered 5305/16242, time remaining: 12m 35s
Rendered 5306/16242, time remaining: 12m 35s
Rendered 5307/16242, time remaining: 12m 35s
Rendered 5308/16242, time remaining: 12m 35s
Rendered 5309/16242, time remaining: 12m 35s
Rendered 5310/16242, time remaining: 12m 35s
Rendered 5311/16242, time remaining: 12m 35s
Rendered 5312/16242, time remaining: 12m 35s
Rendered 5313/16242, time remaining: 12m 35s
Rendered 5314/16242, time remaining: 12m 35s
Rendered 5315/16242, time remaining: 12m 35s
Rendered 5316/16242, time remaining: 12m 35s
Rendered 5317/16242, time remaining: 12m 34s
Rendered 5318/16242, time remaining: 12m 34s
Rendered 5319/16242, time remaining: 12m 34s
Rendered 5320/16242, time remaining: 12m 34s
Rendered 5321/16242, time remaining: 12m 34s
Rendered 5322/16242, time remaining: 12m 34s
Rendered 5323/16242, time remaining: 12m 34s
Rendered 5324/16242, time remaining: 12m 34s
Rendered 5325/16242, time remaining: 12m 34s
Rendered 5326/16242, time remaining: 12m 34s
Rendered 5327/16242, time remaining: 12m 34s
Rendered 5328/16242, time remaining: 12m 34s
Rendered 5329/16242, time remaining: 12m 34s
Rendered 5330/16242, time remaining: 12m 33s
Rendered 5331/16242, time remaining: 12m 33s
Rendered 5332/16242, time remaining: 12m 33s
Rendered 5333/16242, time remaining: 12m 33s
Rendered 5334/16242, time remaining: 12m 33s
Rendered 5335/16242, time remaining: 12m 33s
Rendered 5336/16242, time remaining: 12m 33s
Rendered 5337/16242, time remaining: 12m 33s
Rendered 5338/16242, time remaining: 12m 33s
Rendered 5339/16242, time remaining: 12m 33s
Rendered 5340/16242, time remaining: 12m 33s
Rendered 5341/16242, time remaining: 12m 33s
Rendered 5342/16242, time remaining: 12m 32s
Rendered 5343/16242, time remaining: 12m 32s
Rendered 5344/16242, time remaining: 12m 32s
Rendered 5345/16242, time remaining: 12m 32s
Rendered 5346/16242, time remaining: 12m 32s
Rendered 5347/16242, time remaining: 12m 32s
Rendered 5348/16242, time remaining: 12m 32s
Rendered 5349/16242, time remaining: 12m 32s
Rendered 5350/16242, time remaining: 12m 32s
Rendered 5351/16242, time remaining: 12m 32s
Rendered 5352/16242, time remaining: 12m 32s
Rendered 5353/16242, time remaining: 12m 32s
Rendered 5354/16242, time remaining: 12m 31s
Rendered 5355/16242, time remaining: 12m 31s
Rendered 5356/16242, time remaining: 12m 31s
Rendered 5357/16242, time remaining: 12m 31s
Rendered 5358/16242, time remaining: 12m 31s
Rendered 5359/16242, time remaining: 12m 31s
Rendered 5360/16242, time remaining: 12m 31s
Rendered 5361/16242, time remaining: 12m 31s
Rendered 5362/16242, time remaining: 12m 31s
Rendered 5363/16242, time remaining: 12m 31s
Rendered 5364/16242, time remaining: 12m 31s
Rendered 5365/16242, time remaining: 12m 31s
Rendered 5366/16242, time remaining: 12m 31s
Rendered 5367/16242, time remaining: 12m 31s
Rendered 5368/16242, time remaining: 12m 31s
Rendered 5369/16242, time remaining: 12m 31s
Rendered 5370/16242, time remaining: 12m 31s
Rendered 5371/16242, time remaining: 12m 30s
Rendered 5372/16242, time remaining: 12m 30s
Rendered 5373/16242, time remaining: 12m 30s
Rendered 5374/16242, time remaining: 12m 30s
Rendered 5375/16242, time remaining: 12m 30s
Rendered 5376/16242, time remaining: 12m 30s
Rendered 5377/16242, time remaining: 12m 30s
Rendered 5378/16242, time remaining: 12m 30s
Rendered 5379/16242, time remaining: 12m 30s
Rendered 5380/16242, time remaining: 12m 30s
Rendered 5381/16242, time remaining: 12m 30s
Rendered 5382/16242, time remaining: 12m 30s
Rendered 5383/16242, time remaining: 12m 30s
Rendered 5384/16242, time remaining: 12m 29s
Rendered 5385/16242, time remaining: 12m 29s
Rendered 5386/16242, time remaining: 12m 29s
Rendered 5387/16242, time remaining: 12m 29s
Rendered 5388/16242, time remaining: 12m 29s
Rendered 5389/16242, time remaining: 12m 29s
Rendered 5390/16242, time remaining: 12m 29s
Rendered 5391/16242, time remaining: 12m 29s
Rendered 5392/16242, time remaining: 12m 29s
Rendered 5393/16242, time remaining: 12m 29s
Rendered 5394/16242, time remaining: 12m 29s
Rendered 5395/16242, time remaining: 12m 29s
Rendered 5396/16242, time remaining: 12m 29s
Rendered 5397/16242, time remaining: 12m 28s
Rendered 5398/16242, time remaining: 12m 28s
Rendered 5399/16242, time remaining: 12m 28s
Rendered 5400/16242, time remaining: 12m 28s
Rendered 5401/16242, time remaining: 12m 28s
Rendered 5402/16242, time remaining: 12m 28s
Rendered 5403/16242, time remaining: 12m 28s
Rendered 5404/16242, time remaining: 12m 28s
Rendered 5405/16242, time remaining: 12m 28s
Rendered 5406/16242, time remaining: 12m 28s
Rendered 5407/16242, time remaining: 12m 28s
Rendered 5408/16242, time remaining: 12m 28s
Rendered 5409/16242, time remaining: 12m 28s
Rendered 5410/16242, time remaining: 12m 28s
Rendered 5411/16242, time remaining: 12m 27s
Rendered 5412/16242, time remaining: 12m 27s
Rendered 5413/16242, time remaining: 12m 27s
Rendered 5414/16242, time remaining: 12m 27s
Rendered 5415/16242, time remaining: 12m 27s
Rendered 5416/16242, time remaining: 12m 27s
Rendered 5417/16242, time remaining: 12m 27s
Rendered 5418/16242, time remaining: 12m 27s
Rendered 5419/16242, time remaining: 12m 27s
Rendered 5420/16242, time remaining: 12m 27s
Rendered 5421/16242, time remaining: 12m 27s
Rendered 5422/16242, time remaining: 12m 27s
Rendered 5423/16242, time remaining: 12m 27s
Rendered 5424/16242, time remaining: 12m 27s
Rendered 5425/16242, time remaining: 12m 26s
Rendered 5426/16242, time remaining: 12m 26s
Rendered 5427/16242, time remaining: 12m 26s
Rendered 5428/16242, time remaining: 12m 26s
Rendered 5429/16242, time remaining: 12m 26s
Rendered 5430/16242, time remaining: 12m 26s
Rendered 5431/16242, time remaining: 12m 26s
Rendered 5432/16242, time remaining: 12m 26s
Rendered 5433/16242, time remaining: 12m 26s
Rendered 5434/16242, time remaining: 12m 26s
Rendered 5435/16242, time remaining: 12m 26s
Rendered 5436/16242, time remaining: 12m 26s
Rendered 5437/16242, time remaining: 12m 26s
Rendered 5438/16242, time remaining: 12m 25s
Rendered 5439/16242, time remaining: 12m 25s
Rendered 5440/16242, time remaining: 12m 25s
Rendered 5441/16242, time remaining: 12m 25s
Rendered 5442/16242, time remaining: 12m 25s
Rendered 5443/16242, time remaining: 12m 25s
Rendered 5444/16242, time remaining: 12m 25s
Rendered 5445/16242, time remaining: 12m 25s
Rendered 5446/16242, time remaining: 12m 25s
Rendered 5447/16242, time remaining: 12m 25s
Rendered 5448/16242, time remaining: 12m 25s
Rendered 5449/16242, time remaining: 12m 25s
Rendered 5450/16242, time remaining: 12m 25s
Rendered 5451/16242, time remaining: 12m 25s
Rendered 5452/16242, time remaining: 12m 24s
Rendered 5453/16242, time remaining: 12m 24s
Rendered 5454/16242, time remaining: 12m 24s
Rendered 5455/16242, time remaining: 12m 24s
Rendered 5456/16242, time remaining: 12m 24s
Rendered 5457/16242, time remaining: 12m 24s
Rendered 5458/16242, time remaining: 12m 24s
Rendered 5459/16242, time remaining: 12m 24s
Rendered 5460/16242, time remaining: 12m 24s
Rendered 5461/16242, time remaining: 12m 24s
Rendered 5462/16242, time remaining: 12m 24s
Rendered 5463/16242, time remaining: 12m 24s
Rendered 5464/16242, time remaining: 12m 24s
Rendered 5465/16242, time remaining: 12m 23s
Rendered 5466/16242, time remaining: 12m 23s
Rendered 5467/16242, time remaining: 12m 23s
Rendered 5468/16242, time remaining: 12m 23s
Rendered 5469/16242, time remaining: 12m 23s
Rendered 5470/16242, time remaining: 12m 23s
Rendered 5471/16242, time remaining: 12m 23s
Rendered 5472/16242, time remaining: 12m 23s
Rendered 5473/16242, time remaining: 12m 23s
Rendered 5474/16242, time remaining: 12m 23s
Rendered 5475/16242, time remaining: 12m 23s
Rendered 5476/16242, time remaining: 12m 23s
Rendered 5477/16242, time remaining: 12m 23s
Rendered 5478/16242, time remaining: 12m 23s
Rendered 5479/16242, time remaining: 12m 22s
Rendered 5480/16242, time remaining: 12m 22s
Rendered 5481/16242, time remaining: 12m 22s
Rendered 5482/16242, time remaining: 12m 22s
Rendered 5483/16242, time remaining: 12m 22s
Rendered 5484/16242, time remaining: 12m 22s
Rendered 5485/16242, time remaining: 12m 22s
Rendered 5486/16242, time remaining: 12m 22s
Rendered 5487/16242, time remaining: 12m 22s
Rendered 5488/16242, time remaining: 12m 22s
Rendered 5489/16242, time remaining: 12m 22s
Rendered 5490/16242, time remaining: 12m 22s
Rendered 5491/16242, time remaining: 12m 22s
Rendered 5492/16242, time remaining: 12m 21s
Rendered 5493/16242, time remaining: 12m 21s
Rendered 5494/16242, time remaining: 12m 21s
Rendered 5495/16242, time remaining: 12m 21s
Rendered 5496/16242, time remaining: 12m 21s
Rendered 5497/16242, time remaining: 12m 21s
Rendered 5498/16242, time remaining: 12m 21s
Rendered 5499/16242, time remaining: 12m 21s
Rendered 5500/16242, time remaining: 12m 21s
Rendered 5501/16242, time remaining: 12m 21s
Rendered 5502/16242, time remaining: 12m 21s
Rendered 5503/16242, time remaining: 12m 21s
Rendered 5504/16242, time remaining: 12m 21s
Rendered 5505/16242, time remaining: 12m 21s
Rendered 5506/16242, time remaining: 12m 20s
Rendered 5507/16242, time remaining: 12m 20s
Rendered 5508/16242, time remaining: 12m 20s
Rendered 5509/16242, time remaining: 12m 20s
Rendered 5510/16242, time remaining: 12m 20s
Rendered 5511/16242, time remaining: 12m 20s
Rendered 5512/16242, time remaining: 12m 20s
Rendered 5513/16242, time remaining: 12m 20s
Rendered 5514/16242, time remaining: 12m 20s
Rendered 5515/16242, time remaining: 12m 20s
Rendered 5516/16242, time remaining: 12m 20s
Rendered 5517/16242, time remaining: 12m 20s
Rendered 5518/16242, time remaining: 12m 20s
Rendered 5519/16242, time remaining: 12m 19s
Rendered 5520/16242, time remaining: 12m 19s
Rendered 5521/16242, time remaining: 12m 19s
Rendered 5522/16242, time remaining: 12m 19s
Rendered 5523/16242, time remaining: 12m 19s
Rendered 5524/16242, time remaining: 12m 19s
Rendered 5525/16242, time remaining: 12m 19s
Rendered 5526/16242, time remaining: 12m 19s
Rendered 5527/16242, time remaining: 12m 19s
Rendered 5528/16242, time remaining: 12m 19s
Rendered 5529/16242, time remaining: 12m 19s
Rendered 5530/16242, time remaining: 12m 19s
Rendered 5531/16242, time remaining: 12m 19s
Rendered 5532/16242, time remaining: 12m 19s
Rendered 5533/16242, time remaining: 12m 18s
Rendered 5534/16242, time remaining: 12m 18s
Rendered 5535/16242, time remaining: 12m 18s
Rendered 5536/16242, time remaining: 12m 18s
Rendered 5537/16242, time remaining: 12m 18s
Rendered 5538/16242, time remaining: 12m 18s
Rendered 5539/16242, time remaining: 12m 18s
Rendered 5540/16242, time remaining: 12m 18s
Rendered 5541/16242, time remaining: 12m 18s
Rendered 5542/16242, time remaining: 12m 18s
Rendered 5543/16242, time remaining: 12m 18s
Rendered 5544/16242, time remaining: 12m 18s
Rendered 5545/16242, time remaining: 12m 18s
Rendered 5546/16242, time remaining: 12m 17s
Rendered 5547/16242, time remaining: 12m 17s
Rendered 5548/16242, time remaining: 12m 17s
Rendered 5549/16242, time remaining: 12m 17s
Rendered 5550/16242, time remaining: 12m 17s
Rendered 5551/16242, time remaining: 12m 17s
Rendered 5552/16242, time remaining: 12m 17s
Rendered 5553/16242, time remaining: 12m 17s
Rendered 5554/16242, time remaining: 12m 17s
Rendered 5555/16242, time remaining: 12m 17s
Rendered 5556/16242, time remaining: 12m 17s
Rendered 5557/16242, time remaining: 12m 17s
Rendered 5558/16242, time remaining: 12m 17s
Rendered 5559/16242, time remaining: 12m 17s
Rendered 5560/16242, time remaining: 12m 16s
Rendered 5561/16242, time remaining: 12m 16s
Rendered 5562/16242, time remaining: 12m 16s
Rendered 5563/16242, time remaining: 12m 16s
Rendered 5564/16242, time remaining: 12m 16s
Rendered 5565/16242, time remaining: 12m 16s
Rendered 5566/16242, time remaining: 12m 16s
Rendered 5567/16242, time remaining: 12m 16s
Rendered 5568/16242, time remaining: 12m 16s
Rendered 5569/16242, time remaining: 12m 16s
Rendered 5570/16242, time remaining: 12m 16s
Rendered 5571/16242, time remaining: 12m 16s
Rendered 5572/16242, time remaining: 12m 16s
Rendered 5573/16242, time remaining: 12m 15s
Rendered 5574/16242, time remaining: 12m 15s
Rendered 5575/16242, time remaining: 12m 15s
Rendered 5576/16242, time remaining: 12m 15s
Rendered 5577/16242, time remaining: 12m 15s
Rendered 5578/16242, time remaining: 12m 15s
Rendered 5579/16242, time remaining: 12m 15s
Rendered 5580/16242, time remaining: 12m 15s
Rendered 5581/16242, time remaining: 12m 15s
Rendered 5582/16242, time remaining: 12m 15s
Rendered 5583/16242, time remaining: 12m 15s
Rendered 5584/16242, time remaining: 12m 15s
Rendered 5585/16242, time remaining: 12m 15s
Rendered 5586/16242, time remaining: 12m 15s
Rendered 5587/16242, time remaining: 12m 14s
Rendered 5588/16242, time remaining: 12m 14s
Rendered 5589/16242, time remaining: 12m 14s
Rendered 5590/16242, time remaining: 12m 14s
Rendered 5591/16242, time remaining: 12m 14s
Rendered 5592/16242, time remaining: 12m 14s
Rendered 5593/16242, time remaining: 12m 14s
Rendered 5594/16242, time remaining: 12m 14s
Rendered 5595/16242, time remaining: 12m 14s
Rendered 5596/16242, time remaining: 12m 14s
Rendered 5597/16242, time remaining: 12m 14s
Rendered 5598/16242, time remaining: 12m 14s
Rendered 5599/16242, time remaining: 12m 14s
Rendered 5600/16242, time remaining: 12m 14s
Rendered 5601/16242, time remaining: 12m 13s
Rendered 5602/16242, time remaining: 12m 13s
Rendered 5603/16242, time remaining: 12m 13s
Rendered 5604/16242, time remaining: 12m 13s
Rendered 5605/16242, time remaining: 12m 13s
Rendered 5606/16242, time remaining: 12m 13s
Rendered 5607/16242, time remaining: 12m 13s
Rendered 5608/16242, time remaining: 12m 13s
Rendered 5609/16242, time remaining: 12m 13s
Rendered 5610/16242, time remaining: 12m 13s
Rendered 5611/16242, time remaining: 12m 13s
Rendered 5612/16242, time remaining: 12m 13s
Rendered 5613/16242, time remaining: 12m 13s
Rendered 5614/16242, time remaining: 12m 12s
Rendered 5615/16242, time remaining: 12m 12s
Rendered 5616/16242, time remaining: 12m 12s
Rendered 5617/16242, time remaining: 12m 12s
Rendered 5618/16242, time remaining: 12m 12s
Rendered 5619/16242, time remaining: 12m 12s
Rendered 5620/16242, time remaining: 12m 12s
Rendered 5621/16242, time remaining: 12m 12s
Rendered 5622/16242, time remaining: 12m 12s
Rendered 5623/16242, time remaining: 12m 12s
Rendered 5624/16242, time remaining: 12m 12s
Rendered 5625/16242, time remaining: 12m 12s
Rendered 5626/16242, time remaining: 12m 12s
Rendered 5627/16242, time remaining: 12m 12s
Rendered 5628/16242, time remaining: 12m 11s
Rendered 5629/16242, time remaining: 12m 11s
Rendered 5630/16242, time remaining: 12m 11s
Rendered 5631/16242, time remaining: 12m 11s
Rendered 5632/16242, time remaining: 12m 11s
Rendered 5633/16242, time remaining: 12m 11s
Rendered 5634/16242, time remaining: 12m 11s
Rendered 5635/16242, time remaining: 12m 11s
Rendered 5636/16242, time remaining: 12m 11s
Rendered 5637/16242, time remaining: 12m 11s
Rendered 5638/16242, time remaining: 12m 11s
Rendered 5639/16242, time remaining: 12m 11s
Rendered 5640/16242, time remaining: 12m 11s
Rendered 5641/16242, time remaining: 12m 10s
Rendered 5642/16242, time remaining: 12m 10s
Rendered 5643/16242, time remaining: 12m 10s
Rendered 5644/16242, time remaining: 12m 10s
Rendered 5645/16242, time remaining: 12m 10s
Rendered 5646/16242, time remaining: 12m 10s
Rendered 5647/16242, time remaining: 12m 10s
Rendered 5648/16242, time remaining: 12m 10s
Rendered 5649/16242, time remaining: 12m 10s
Rendered 5650/16242, time remaining: 12m 10s
Rendered 5651/16242, time remaining: 12m 10s
Rendered 5652/16242, time remaining: 12m 10s
Rendered 5653/16242, time remaining: 12m 10s
Rendered 5654/16242, time remaining: 12m 10s
Rendered 5655/16242, time remaining: 12m 9s
Rendered 5656/16242, time remaining: 12m 9s
Rendered 5657/16242, time remaining: 12m 9s
Rendered 5658/16242, time remaining: 12m 9s
Rendered 5659/16242, time remaining: 12m 9s
Rendered 5660/16242, time remaining: 12m 9s
Rendered 5661/16242, time remaining: 12m 9s
Rendered 5662/16242, time remaining: 12m 9s
Rendered 5663/16242, time remaining: 12m 9s
Rendered 5664/16242, time remaining: 12m 9s
Rendered 5665/16242, time remaining: 12m 9s
Rendered 5666/16242, time remaining: 12m 9s
Rendered 5667/16242, time remaining: 12m 9s
Rendered 5668/16242, time remaining: 12m 9s
Rendered 5669/16242, time remaining: 12m 8s
Rendered 5670/16242, time remaining: 12m 8s
Rendered 5671/16242, time remaining: 12m 8s
Rendered 5672/16242, time remaining: 12m 8s
Rendered 5673/16242, time remaining: 12m 8s
Rendered 5674/16242, time remaining: 12m 8s
Rendered 5675/16242, time remaining: 12m 8s
Rendered 5676/16242, time remaining: 12m 8s
Rendered 5677/16242, time remaining: 12m 8s
Rendered 5678/16242, time remaining: 12m 8s
Rendered 5679/16242, time remaining: 12m 8s
Rendered 5680/16242, time remaining: 12m 8s
Rendered 5681/16242, time remaining: 12m 8s
Rendered 5682/16242, time remaining: 12m 7s
Rendered 5683/16242, time remaining: 12m 7s
Rendered 5684/16242, time remaining: 12m 7s
Rendered 5685/16242, time remaining: 12m 7s
Rendered 5686/16242, time remaining: 12m 7s
Rendered 5687/16242, time remaining: 12m 7s
Rendered 5688/16242, time remaining: 12m 7s
Rendered 5689/16242, time remaining: 12m 7s
Rendered 5690/16242, time remaining: 12m 7s
Rendered 5691/16242, time remaining: 12m 7s
Rendered 5692/16242, time remaining: 12m 7s
Rendered 5693/16242, time remaining: 12m 7s
Rendered 5694/16242, time remaining: 12m 7s
Rendered 5695/16242, time remaining: 12m 7s
Rendered 5696/16242, time remaining: 12m 6s
Rendered 5697/16242, time remaining: 12m 6s
Rendered 5698/16242, time remaining: 12m 6s
Rendered 5699/16242, time remaining: 12m 6s
Rendered 5700/16242, time remaining: 12m 6s
Rendered 5701/16242, time remaining: 12m 6s
Rendered 5702/16242, time remaining: 12m 6s
Rendered 5703/16242, time remaining: 12m 6s
Rendered 5704/16242, time remaining: 12m 6s
Rendered 5705/16242, time remaining: 12m 6s
Rendered 5706/16242, time remaining: 12m 6s
Rendered 5707/16242, time remaining: 12m 6s
Rendered 5708/16242, time remaining: 12m 6s
Rendered 5709/16242, time remaining: 12m 5s
Rendered 5710/16242, time remaining: 12m 5s
Rendered 5711/16242, time remaining: 12m 5s
Rendered 5712/16242, time remaining: 12m 5s
Rendered 5713/16242, time remaining: 12m 5s
Rendered 5714/16242, time remaining: 12m 5s
Rendered 5715/16242, time remaining: 12m 5s
Rendered 5716/16242, time remaining: 12m 5s
Rendered 5717/16242, time remaining: 12m 5s
Rendered 5718/16242, time remaining: 12m 5s
Rendered 5719/16242, time remaining: 12m 5s
Rendered 5720/16242, time remaining: 12m 5s
Rendered 5721/16242, time remaining: 12m 5s
Rendered 5722/16242, time remaining: 12m 5s
Rendered 5723/16242, time remaining: 12m 4s
Rendered 5724/16242, time remaining: 12m 4s
Rendered 5725/16242, time remaining: 12m 4s
Rendered 5726/16242, time remaining: 12m 4s
Rendered 5727/16242, time remaining: 12m 4s
Rendered 5728/16242, time remaining: 12m 4s
Rendered 5729/16242, time remaining: 12m 4s
Rendered 5730/16242, time remaining: 12m 4s
Rendered 5731/16242, time remaining: 12m 4s
Rendered 5732/16242, time remaining: 12m 4s
Rendered 5733/16242, time remaining: 12m 4s
Rendered 5734/16242, time remaining: 12m 4s
Rendered 5735/16242, time remaining: 12m 4s
Rendered 5736/16242, time remaining: 12m 4s
Rendered 5737/16242, time remaining: 12m 3s
Rendered 5738/16242, time remaining: 12m 3s
Rendered 5739/16242, time remaining: 12m 3s
Rendered 5740/16242, time remaining: 12m 3s
Rendered 5741/16242, time remaining: 12m 3s
Rendered 5742/16242, time remaining: 12m 3s
Rendered 5743/16242, time remaining: 12m 3s
Rendered 5744/16242, time remaining: 12m 3s
Rendered 5745/16242, time remaining: 12m 3s
Rendered 5746/16242, time remaining: 12m 3s
Rendered 5747/16242, time remaining: 12m 3s
Rendered 5748/16242, time remaining: 12m 3s
Rendered 5749/16242, time remaining: 12m 3s
Rendered 5750/16242, time remaining: 12m 3s
Rendered 5751/16242, time remaining: 12m 2s
Rendered 5752/16242, time remaining: 12m 2s
Rendered 5753/16242, time remaining: 12m 2s
Rendered 5754/16242, time remaining: 12m 2s
Rendered 5755/16242, time remaining: 12m 2s
Rendered 5756/16242, time remaining: 12m 2s
Rendered 5757/16242, time remaining: 12m 2s
Rendered 5758/16242, time remaining: 12m 2s
Rendered 5759/16242, time remaining: 12m 2s
Rendered 5760/16242, time remaining: 12m 2s
Rendered 5761/16242, time remaining: 12m 2s
Rendered 5762/16242, time remaining: 12m 2s
Rendered 5763/16242, time remaining: 12m 2s
Rendered 5764/16242, time remaining: 12m 1s
Rendered 5765/16242, time remaining: 12m 1s
Rendered 5766/16242, time remaining: 12m 1s
Rendered 5767/16242, time remaining: 12m 1s
Rendered 5768/16242, time remaining: 12m 1s
Rendered 5769/16242, time remaining: 12m 1s
Rendered 5770/16242, time remaining: 12m 1s
Rendered 5771/16242, time remaining: 12m 1s
Rendered 5772/16242, time remaining: 12m 1s
Rendered 5773/16242, time remaining: 12m 1s
Rendered 5774/16242, time remaining: 12m 1s
Rendered 5775/16242, time remaining: 12m 1s
Rendered 5776/16242, time remaining: 12m 1s
Rendered 5777/16242, time remaining: 12m 1s
Rendered 5778/16242, time remaining: 12m 0s
Rendered 5779/16242, time remaining: 12m 0s
Rendered 5780/16242, time remaining: 12m 0s
Rendered 5781/16242, time remaining: 12m 0s
Rendered 5782/16242, time remaining: 12m 0s
Rendered 5783/16242, time remaining: 12m 0s
Rendered 5784/16242, time remaining: 12m 0s
Rendered 5785/16242, time remaining: 12m 0s
Rendered 5786/16242, time remaining: 12m 0s
Rendered 5787/16242, time remaining: 12m 0s
Rendered 5788/16242, time remaining: 12m 0s
Rendered 5789/16242, time remaining: 12m 0s
Rendered 5790/16242, time remaining: 12m 0s
Rendered 5791/16242, time remaining: 12m 0s
Rendered 5792/16242, time remaining: 11m 59s
Rendered 5793/16242, time remaining: 11m 59s
Rendered 5794/16242, time remaining: 11m 59s
Rendered 5795/16242, time remaining: 11m 59s
Rendered 5796/16242, time remaining: 11m 59s
Rendered 5797/16242, time remaining: 11m 59s
Rendered 5798/16242, time remaining: 11m 59s
Rendered 5799/16242, time remaining: 11m 59s
Rendered 5800/16242, time remaining: 11m 59s
Rendered 5801/16242, time remaining: 11m 59s
Rendered 5802/16242, time remaining: 11m 59s
Rendered 5803/16242, time remaining: 11m 59s
Rendered 5804/16242, time remaining: 11m 59s
Rendered 5805/16242, time remaining: 11m 58s
Rendered 5806/16242, time remaining: 11m 58s
Rendered 5807/16242, time remaining: 11m 58s
Rendered 5808/16242, time remaining: 11m 58s
Rendered 5809/16242, time remaining: 11m 58s
Rendered 5810/16242, time remaining: 11m 58s
Rendered 5811/16242, time remaining: 11m 58s
Rendered 5812/16242, time remaining: 11m 58s
Rendered 5813/16242, time remaining: 11m 58s
Rendered 5814/16242, time remaining: 11m 58s
Rendered 5815/16242, time remaining: 11m 58s
Rendered 5816/16242, time remaining: 11m 58s
Rendered 5817/16242, time remaining: 11m 58s
Rendered 5818/16242, time remaining: 11m 58s
Rendered 5819/16242, time remaining: 11m 57s
Rendered 5820/16242, time remaining: 11m 57s
Rendered 5821/16242, time remaining: 11m 57s
Rendered 5822/16242, time remaining: 11m 57s
Rendered 5823/16242, time remaining: 11m 57s
Rendered 5824/16242, time remaining: 11m 57s
Rendered 5825/16242, time remaining: 11m 57s
Rendered 5826/16242, time remaining: 11m 57s
Rendered 5827/16242, time remaining: 11m 57s
Rendered 5828/16242, time remaining: 11m 57s
Rendered 5829/16242, time remaining: 11m 57s
Rendered 5830/16242, time remaining: 11m 57s
Rendered 5831/16242, time remaining: 11m 57s
Rendered 5832/16242, time remaining: 11m 56s
Rendered 5833/16242, time remaining: 11m 56s
Rendered 5834/16242, time remaining: 11m 56s
Rendered 5835/16242, time remaining: 11m 56s
Rendered 5836/16242, time remaining: 11m 56s
Rendered 5837/16242, time remaining: 11m 56s
Rendered 5838/16242, time remaining: 11m 56s
Rendered 5839/16242, time remaining: 11m 56s
Rendered 5840/16242, time remaining: 11m 56s
Rendered 5841/16242, time remaining: 11m 56s
Rendered 5842/16242, time remaining: 11m 56s
Rendered 5843/16242, time remaining: 11m 56s
Rendered 5844/16242, time remaining: 11m 56s
Rendered 5845/16242, time remaining: 11m 56s
Rendered 5846/16242, time remaining: 11m 55s
Rendered 5847/16242, time remaining: 11m 55s
Rendered 5848/16242, time remaining: 11m 55s
Rendered 5849/16242, time remaining: 11m 55s
Rendered 5850/16242, time remaining: 11m 55s
Rendered 5851/16242, time remaining: 11m 55s
Rendered 5852/16242, time remaining: 11m 55s
Rendered 5853/16242, time remaining: 11m 55s
Rendered 5854/16242, time remaining: 11m 55s
Rendered 5855/16242, time remaining: 11m 55s
Rendered 5856/16242, time remaining: 11m 55s
Rendered 5857/16242, time remaining: 11m 55s
Rendered 5858/16242, time remaining: 11m 55s
Rendered 5859/16242, time remaining: 11m 55s
Rendered 5860/16242, time remaining: 11m 55s
Rendered 5861/16242, time remaining: 11m 54s
Rendered 5862/16242, time remaining: 11m 54s
Rendered 5863/16242, time remaining: 11m 54s
Rendered 5864/16242, time remaining: 11m 54s
Rendered 5865/16242, time remaining: 11m 54s
Rendered 5866/16242, time remaining: 11m 54s
Rendered 5867/16242, time remaining: 11m 54s
Rendered 5868/16242, time remaining: 11m 54s
Rendered 5869/16242, time remaining: 11m 54s
Rendered 5870/16242, time remaining: 11m 54s
Rendered 5871/16242, time remaining: 11m 54s
Rendered 5872/16242, time remaining: 11m 54s
Rendered 5873/16242, time remaining: 11m 54s
Rendered 5874/16242, time remaining: 11m 54s
Rendered 5875/16242, time remaining: 11m 53s
Rendered 5876/16242, time remaining: 11m 53s
Rendered 5877/16242, time remaining: 11m 53s
Rendered 5878/16242, time remaining: 11m 53s
Rendered 5879/16242, time remaining: 11m 53s
Rendered 5880/16242, time remaining: 11m 53s
Rendered 5881/16242, time remaining: 11m 53s
Rendered 5882/16242, time remaining: 11m 53s
Rendered 5883/16242, time remaining: 11m 53s
Rendered 5884/16242, time remaining: 11m 53s
Rendered 5885/16242, time remaining: 11m 53s
Rendered 5886/16242, time remaining: 11m 53s
Rendered 5887/16242, time remaining: 11m 53s
Rendered 5888/16242, time remaining: 11m 52s
Rendered 5889/16242, time remaining: 11m 52s
Rendered 5890/16242, time remaining: 11m 52s
Rendered 5891/16242, time remaining: 11m 52s
Rendered 5892/16242, time remaining: 11m 52s
Rendered 5893/16242, time remaining: 11m 52s
Rendered 5894/16242, time remaining: 11m 52s
Rendered 5895/16242, time remaining: 11m 52s
Rendered 5896/16242, time remaining: 11m 52s
Rendered 5897/16242, time remaining: 11m 52s
Rendered 5898/16242, time remaining: 11m 52s
Rendered 5899/16242, time remaining: 11m 52s
Rendered 5900/16242, time remaining: 11m 52s
Rendered 5901/16242, time remaining: 11m 52s
Rendered 5902/16242, time remaining: 11m 52s
Rendered 5903/16242, time remaining: 11m 51s
Rendered 5904/16242, time remaining: 11m 51s
Rendered 5905/16242, time remaining: 11m 51s
Rendered 5906/16242, time remaining: 11m 51s
Rendered 5907/16242, time remaining: 11m 51s
Rendered 5908/16242, time remaining: 11m 51s
Rendered 5909/16242, time remaining: 11m 51s
Rendered 5910/16242, time remaining: 11m 51s
Rendered 5911/16242, time remaining: 11m 51s
Rendered 5912/16242, time remaining: 11m 51s
Rendered 5913/16242, time remaining: 11m 51s
Rendered 5914/16242, time remaining: 11m 51s
Rendered 5915/16242, time remaining: 11m 51s
Rendered 5916/16242, time remaining: 11m 51s
Rendered 5917/16242, time remaining: 11m 50s
Rendered 5918/16242, time remaining: 11m 50s
Rendered 5919/16242, time remaining: 11m 50s
Rendered 5920/16242, time remaining: 11m 50s
Rendered 5921/16242, time remaining: 11m 50s
Rendered 5922/16242, time remaining: 11m 50s
Rendered 5923/16242, time remaining: 11m 50s
Rendered 5924/16242, time remaining: 11m 50s
Rendered 5925/16242, time remaining: 11m 50s
Rendered 5926/16242, time remaining: 11m 50s
Rendered 5927/16242, time remaining: 11m 50s
Rendered 5928/16242, time remaining: 11m 50s
Rendered 5929/16242, time remaining: 11m 50s
Rendered 5930/16242, time remaining: 11m 50s
Rendered 5931/16242, time remaining: 11m 49s
Rendered 5932/16242, time remaining: 11m 49s
Rendered 5933/16242, time remaining: 11m 49s
Rendered 5934/16242, time remaining: 11m 49s
Rendered 5935/16242, time remaining: 11m 49s
Rendered 5936/16242, time remaining: 11m 49s
Rendered 5937/16242, time remaining: 11m 49s
Rendered 5938/16242, time remaining: 11m 49s
Rendered 5939/16242, time remaining: 11m 49s
Rendered 5940/16242, time remaining: 11m 49s
Rendered 5941/16242, time remaining: 11m 49s
Rendered 5942/16242, time remaining: 11m 49s
Rendered 5943/16242, time remaining: 11m 49s
Rendered 5944/16242, time remaining: 11m 49s
Rendered 5945/16242, time remaining: 11m 48s
Rendered 5946/16242, time remaining: 11m 48s
Rendered 5947/16242, time remaining: 11m 48s
Rendered 5948/16242, time remaining: 11m 48s
Rendered 5949/16242, time remaining: 11m 48s
Rendered 5950/16242, time remaining: 11m 48s
Rendered 5951/16242, time remaining: 11m 48s
Rendered 5952/16242, time remaining: 11m 48s
Rendered 5953/16242, time remaining: 11m 48s
Rendered 5954/16242, time remaining: 11m 48s
Rendered 5955/16242, time remaining: 11m 48s
Rendered 5956/16242, time remaining: 11m 48s
Rendered 5957/16242, time remaining: 11m 48s
Rendered 5958/16242, time remaining: 11m 48s
Rendered 5959/16242, time remaining: 11m 47s
Rendered 5960/16242, time remaining: 11m 47s
Rendered 5961/16242, time remaining: 11m 47s
Rendered 5962/16242, time remaining: 11m 47s
Rendered 5963/16242, time remaining: 11m 47s
Rendered 5964/16242, time remaining: 11m 47s
Rendered 5965/16242, time remaining: 11m 47s
Rendered 5966/16242, time remaining: 11m 47s
Rendered 5967/16242, time remaining: 11m 47s
Rendered 5968/16242, time remaining: 11m 47s
Rendered 5969/16242, time remaining: 11m 47s
Rendered 5970/16242, time remaining: 11m 47s
Rendered 5971/16242, time remaining: 11m 47s
Rendered 5972/16242, time remaining: 11m 47s
Rendered 5973/16242, time remaining: 11m 46s
Rendered 5974/16242, time remaining: 11m 46s
Rendered 5975/16242, time remaining: 11m 46s
Rendered 5976/16242, time remaining: 11m 46s
Rendered 5977/16242, time remaining: 11m 46s
Rendered 5978/16242, time remaining: 11m 46s
Rendered 5979/16242, time remaining: 11m 46s
Rendered 5980/16242, time remaining: 11m 46s
Rendered 5981/16242, time remaining: 11m 46s
Rendered 5982/16242, time remaining: 11m 46s
Rendered 5983/16242, time remaining: 11m 46s
Rendered 5984/16242, time remaining: 11m 46s
Rendered 5985/16242, time remaining: 11m 46s
Rendered 5986/16242, time remaining: 11m 45s
Rendered 5987/16242, time remaining: 11m 45s
Rendered 5988/16242, time remaining: 11m 45s
Rendered 5989/16242, time remaining: 11m 45s
Rendered 5990/16242, time remaining: 11m 45s
Rendered 5991/16242, time remaining: 11m 45s
Rendered 5992/16242, time remaining: 11m 45s
Rendered 5993/16242, time remaining: 11m 45s
Rendered 5994/16242, time remaining: 11m 45s
Rendered 5995/16242, time remaining: 11m 45s
Rendered 5996/16242, time remaining: 11m 45s
Rendered 5997/16242, time remaining: 11m 45s
Rendered 5998/16242, time remaining: 11m 45s
Rendered 5999/16242, time remaining: 11m 45s
Rendered 6000/16242, time remaining: 11m 44s
Rendered 6001/16242, time remaining: 11m 44s
Rendered 6002/16242, time remaining: 11m 44s
Rendered 6003/16242, time remaining: 11m 44s
Rendered 6004/16242, time remaining: 11m 44s
Rendered 6005/16242, time remaining: 11m 44s
Rendered 6006/16242, time remaining: 11m 44s
Rendered 6007/16242, time remaining: 11m 44s
Rendered 6008/16242, time remaining: 11m 44s
Rendered 6009/16242, time remaining: 11m 44s
Rendered 6010/16242, time remaining: 11m 44s
Rendered 6011/16242, time remaining: 11m 44s
Rendered 6012/16242, time remaining: 11m 44s
Rendered 6013/16242, time remaining: 11m 44s
Rendered 6014/16242, time remaining: 11m 43s
Rendered 6015/16242, time remaining: 11m 43s
Rendered 6016/16242, time remaining: 11m 43s
Rendered 6017/16242, time remaining: 11m 43s
Rendered 6018/16242, time remaining: 11m 43s
Rendered 6019/16242, time remaining: 11m 43s
Rendered 6020/16242, time remaining: 11m 43s
Rendered 6021/16242, time remaining: 11m 43s
Rendered 6022/16242, time remaining: 11m 43s
Rendered 6023/16242, time remaining: 11m 43s
Rendered 6024/16242, time remaining: 11m 43s
Rendered 6025/16242, time remaining: 11m 43s
Rendered 6026/16242, time remaining: 11m 43s
Rendered 6027/16242, time remaining: 11m 43s
Rendered 6028/16242, time remaining: 11m 42s
Rendered 6029/16242, time remaining: 11m 42s
Rendered 6030/16242, time remaining: 11m 42s
Rendered 6031/16242, time remaining: 11m 42s
Rendered 6032/16242, time remaining: 11m 42s
Rendered 6033/16242, time remaining: 11m 42s
Rendered 6034/16242, time remaining: 11m 42s
Rendered 6035/16242, time remaining: 11m 42s
Rendered 6036/16242, time remaining: 11m 42s
Rendered 6037/16242, time remaining: 11m 42s
Rendered 6038/16242, time remaining: 11m 42s
Rendered 6039/16242, time remaining: 11m 42s
Rendered 6040/16242, time remaining: 11m 42s
Rendered 6041/16242, time remaining: 11m 41s
Rendered 6042/16242, time remaining: 11m 41s
Rendered 6043/16242, time remaining: 11m 41s
Rendered 6044/16242, time remaining: 11m 41s
Rendered 6045/16242, time remaining: 11m 41s
Rendered 6046/16242, time remaining: 11m 41s
Rendered 6047/16242, time remaining: 11m 41s
Rendered 6048/16242, time remaining: 11m 41s
Rendered 6049/16242, time remaining: 11m 41s
Rendered 6050/16242, time remaining: 11m 41s
Rendered 6051/16242, time remaining: 11m 41s
Rendered 6052/16242, time remaining: 11m 41s
Rendered 6053/16242, time remaining: 11m 41s
Rendered 6054/16242, time remaining: 11m 41s
Rendered 6055/16242, time remaining: 11m 40s
Rendered 6056/16242, time remaining: 11m 40s
Rendered 6057/16242, time remaining: 11m 40s
Rendered 6058/16242, time remaining: 11m 40s
Rendered 6059/16242, time remaining: 11m 40s
Rendered 6060/16242, time remaining: 11m 40s
Rendered 6061/16242, time remaining: 11m 40s
Rendered 6062/16242, time remaining: 11m 40s
Rendered 6063/16242, time remaining: 11m 40s
Rendered 6064/16242, time remaining: 11m 40s
Rendered 6065/16242, time remaining: 11m 40s
Rendered 6066/16242, time remaining: 11m 40s
Rendered 6067/16242, time remaining: 11m 40s
Rendered 6068/16242, time remaining: 11m 40s
Rendered 6069/16242, time remaining: 11m 39s
Rendered 6070/16242, time remaining: 11m 39s
Rendered 6071/16242, time remaining: 11m 39s
Rendered 6072/16242, time remaining: 11m 39s
Rendered 6073/16242, time remaining: 11m 39s
Rendered 6074/16242, time remaining: 11m 39s
Rendered 6075/16242, time remaining: 11m 39s
Rendered 6076/16242, time remaining: 11m 39s
Rendered 6077/16242, time remaining: 11m 39s
Rendered 6078/16242, time remaining: 11m 39s
Rendered 6079/16242, time remaining: 11m 39s
Rendered 6080/16242, time remaining: 11m 39s
Rendered 6081/16242, time remaining: 11m 39s
Rendered 6082/16242, time remaining: 11m 39s
Rendered 6083/16242, time remaining: 11m 38s
Rendered 6084/16242, time remaining: 11m 38s
Rendered 6085/16242, time remaining: 11m 38s
Rendered 6086/16242, time remaining: 11m 38s
Rendered 6087/16242, time remaining: 11m 38s
Rendered 6088/16242, time remaining: 11m 38s
Rendered 6089/16242, time remaining: 11m 38s
Rendered 6090/16242, time remaining: 11m 38s
Rendered 6091/16242, time remaining: 11m 38s
Rendered 6092/16242, time remaining: 11m 38s
Rendered 6093/16242, time remaining: 11m 38s
Rendered 6094/16242, time remaining: 11m 38s
Rendered 6095/16242, time remaining: 11m 38s
Rendered 6096/16242, time remaining: 11m 38s
Rendered 6097/16242, time remaining: 11m 37s
Rendered 6098/16242, time remaining: 11m 37s
Rendered 6099/16242, time remaining: 11m 37s
Rendered 6100/16242, time remaining: 11m 37s
Rendered 6101/16242, time remaining: 11m 37s
Rendered 6102/16242, time remaining: 11m 37s
Rendered 6103/16242, time remaining: 11m 37s
Rendered 6104/16242, time remaining: 11m 37s
Rendered 6105/16242, time remaining: 11m 37s
Rendered 6106/16242, time remaining: 11m 37s
Rendered 6107/16242, time remaining: 11m 37s
Rendered 6108/16242, time remaining: 11m 37s
Rendered 6109/16242, time remaining: 11m 37s
Rendered 6110/16242, time remaining: 11m 37s
Rendered 6111/16242, time remaining: 11m 36s
Rendered 6112/16242, time remaining: 11m 36s
Rendered 6113/16242, time remaining: 11m 36s
Rendered 6114/16242, time remaining: 11m 36s
Rendered 6115/16242, time remaining: 11m 36s
Rendered 6116/16242, time remaining: 11m 36s
Rendered 6117/16242, time remaining: 11m 36s
Rendered 6118/16242, time remaining: 11m 36s
Rendered 6119/16242, time remaining: 11m 36s
Rendered 6120/16242, time remaining: 11m 36s
Rendered 6121/16242, time remaining: 11m 36s
Rendered 6122/16242, time remaining: 11m 36s
Rendered 6123/16242, time remaining: 11m 36s
Rendered 6124/16242, time remaining: 11m 35s
Rendered 6125/16242, time remaining: 11m 35s
Rendered 6126/16242, time remaining: 11m 35s
Rendered 6127/16242, time remaining: 11m 35s
Rendered 6128/16242, time remaining: 11m 35s
Rendered 6129/16242, time remaining: 11m 35s
Rendered 6130/16242, time remaining: 11m 35s
Rendered 6131/16242, time remaining: 11m 35s
Rendered 6132/16242, time remaining: 11m 35s
Rendered 6133/16242, time remaining: 11m 35s
Rendered 6134/16242, time remaining: 11m 35s
Rendered 6135/16242, time remaining: 11m 35s
Rendered 6136/16242, time remaining: 11m 35s
Rendered 6137/16242, time remaining: 11m 35s
Rendered 6138/16242, time remaining: 11m 34s
Rendered 6139/16242, time remaining: 11m 34s
Rendered 6140/16242, time remaining: 11m 34s
Rendered 6141/16242, time remaining: 11m 34s
Rendered 6142/16242, time remaining: 11m 34s
Rendered 6143/16242, time remaining: 11m 34s
Rendered 6144/16242, time remaining: 11m 34s
Rendered 6145/16242, time remaining: 11m 34s
Rendered 6146/16242, time remaining: 11m 34s
Rendered 6147/16242, time remaining: 11m 34s
Rendered 6148/16242, time remaining: 11m 34s
Rendered 6149/16242, time remaining: 11m 34s
Rendered 6150/16242, time remaining: 11m 34s
Rendered 6151/16242, time remaining: 11m 34s
Rendered 6152/16242, time remaining: 11m 33s
Rendered 6153/16242, time remaining: 11m 33s
Rendered 6154/16242, time remaining: 11m 33s
Rendered 6155/16242, time remaining: 11m 33s
Rendered 6156/16242, time remaining: 11m 33s
Rendered 6157/16242, time remaining: 11m 33s
Rendered 6158/16242, time remaining: 11m 33s
Rendered 6159/16242, time remaining: 11m 33s
Rendered 6160/16242, time remaining: 11m 33s
Rendered 6161/16242, time remaining: 11m 33s
Rendered 6162/16242, time remaining: 11m 33s
Rendered 6163/16242, time remaining: 11m 33s
Rendered 6164/16242, time remaining: 11m 33s
Rendered 6165/16242, time remaining: 11m 33s
Rendered 6166/16242, time remaining: 11m 32s
Rendered 6167/16242, time remaining: 11m 32s
Rendered 6168/16242, time remaining: 11m 32s
Rendered 6169/16242, time remaining: 11m 32s
Rendered 6170/16242, time remaining: 11m 32s
Rendered 6171/16242, time remaining: 11m 32s
Rendered 6172/16242, time remaining: 11m 32s
Rendered 6173/16242, time remaining: 11m 32s
Rendered 6174/16242, time remaining: 11m 32s
Rendered 6175/16242, time remaining: 11m 32s
Rendered 6176/16242, time remaining: 11m 32s
Rendered 6177/16242, time remaining: 11m 32s
Rendered 6178/16242, time remaining: 11m 32s
Rendered 6179/16242, time remaining: 11m 32s
Rendered 6180/16242, time remaining: 11m 31s
Rendered 6181/16242, time remaining: 11m 31s
Rendered 6182/16242, time remaining: 11m 31s
Rendered 6183/16242, time remaining: 11m 31s
Rendered 6184/16242, time remaining: 11m 31s
Rendered 6185/16242, time remaining: 11m 31s
Rendered 6186/16242, time remaining: 11m 31s
Rendered 6187/16242, time remaining: 11m 31s
Rendered 6188/16242, time remaining: 11m 31s
Rendered 6189/16242, time remaining: 11m 31s
Rendered 6190/16242, time remaining: 11m 31s
Rendered 6191/16242, time remaining: 11m 31s
Rendered 6192/16242, time remaining: 11m 31s
Rendered 6193/16242, time remaining: 11m 30s
Rendered 6194/16242, time remaining: 11m 30s
Rendered 6195/16242, time remaining: 11m 30s
Rendered 6196/16242, time remaining: 11m 30s
Rendered 6197/16242, time remaining: 11m 30s
Rendered 6198/16242, time remaining: 11m 30s
Rendered 6199/16242, time remaining: 11m 30s
Rendered 6200/16242, time remaining: 11m 30s
Rendered 6201/16242, time remaining: 11m 30s
Rendered 6202/16242, time remaining: 11m 30s
Rendered 6203/16242, time remaining: 11m 30s
Rendered 6204/16242, time remaining: 11m 30s
Rendered 6205/16242, time remaining: 11m 30s
Rendered 6206/16242, time remaining: 11m 30s
Rendered 6207/16242, time remaining: 11m 29s
Rendered 6208/16242, time remaining: 11m 29s
Rendered 6209/16242, time remaining: 11m 29s
Rendered 6210/16242, time remaining: 11m 29s
Rendered 6211/16242, time remaining: 11m 29s
Rendered 6212/16242, time remaining: 11m 29s
Rendered 6213/16242, time remaining: 11m 29s
Rendered 6214/16242, time remaining: 11m 29s
Rendered 6215/16242, time remaining: 11m 29s
Rendered 6216/16242, time remaining: 11m 29s
Rendered 6217/16242, time remaining: 11m 29s
Rendered 6218/16242, time remaining: 11m 29s
Rendered 6219/16242, time remaining: 11m 29s
Rendered 6220/16242, time remaining: 11m 29s
Rendered 6221/16242, time remaining: 11m 28s
Rendered 6222/16242, time remaining: 11m 28s
Rendered 6223/16242, time remaining: 11m 28s
Rendered 6224/16242, time remaining: 11m 28s
Rendered 6225/16242, time remaining: 11m 28s
Rendered 6226/16242, time remaining: 11m 28s
Rendered 6227/16242, time remaining: 11m 28s
Rendered 6228/16242, time remaining: 11m 28s
Rendered 6229/16242, time remaining: 11m 28s
Rendered 6230/16242, time remaining: 11m 28s
Rendered 6231/16242, time remaining: 11m 28s
Rendered 6232/16242, time remaining: 11m 28s
Rendered 6233/16242, time remaining: 11m 28s
Rendered 6234/16242, time remaining: 11m 28s
Rendered 6235/16242, time remaining: 11m 27s
Rendered 6236/16242, time remaining: 11m 27s
Rendered 6237/16242, time remaining: 11m 27s
Rendered 6238/16242, time remaining: 11m 27s
Rendered 6239/16242, time remaining: 11m 27s
Rendered 6240/16242, time remaining: 11m 27s
Rendered 6241/16242, time remaining: 11m 27s
Rendered 6242/16242, time remaining: 11m 27s
Rendered 6243/16242, time remaining: 11m 27s
Rendered 6244/16242, time remaining: 11m 27s
Rendered 6245/16242, time remaining: 11m 27s
Rendered 6246/16242, time remaining: 11m 27s
Rendered 6247/16242, time remaining: 11m 27s
Rendered 6248/16242, time remaining: 11m 27s
Rendered 6249/16242, time remaining: 11m 27s
Rendered 6250/16242, time remaining: 11m 26s
Rendered 6251/16242, time remaining: 11m 26s
Rendered 6252/16242, time remaining: 11m 26s
Rendered 6253/16242, time remaining: 11m 26s
Rendered 6254/16242, time remaining: 11m 26s
Rendered 6255/16242, time remaining: 11m 26s
Rendered 6256/16242, time remaining: 11m 26s
Rendered 6257/16242, time remaining: 11m 26s
Rendered 6258/16242, time remaining: 11m 26s
Rendered 6259/16242, time remaining: 11m 26s
Rendered 6260/16242, time remaining: 11m 26s
Rendered 6261/16242, time remaining: 11m 26s
Rendered 6262/16242, time remaining: 11m 26s
Rendered 6263/16242, time remaining: 11m 26s
Rendered 6264/16242, time remaining: 11m 25s
Rendered 6265/16242, time remaining: 11m 25s
Rendered 6266/16242, time remaining: 11m 25s
Rendered 6267/16242, time remaining: 11m 25s
Rendered 6268/16242, time remaining: 11m 25s
Rendered 6269/16242, time remaining: 11m 25s
Rendered 6270/16242, time remaining: 11m 25s
Rendered 6271/16242, time remaining: 11m 25s
Rendered 6272/16242, time remaining: 11m 25s
Rendered 6273/16242, time remaining: 11m 25s
Rendered 6274/16242, time remaining: 11m 25s
Rendered 6275/16242, time remaining: 11m 25s
Rendered 6276/16242, time remaining: 11m 25s
Rendered 6277/16242, time remaining: 11m 25s
Rendered 6278/16242, time remaining: 11m 25s
Rendered 6279/16242, time remaining: 11m 25s
Rendered 6280/16242, time remaining: 11m 24s
Rendered 6281/16242, time remaining: 11m 24s
Rendered 6282/16242, time remaining: 11m 24s
Rendered 6283/16242, time remaining: 11m 24s
Rendered 6284/16242, time remaining: 11m 24s
Rendered 6285/16242, time remaining: 11m 24s
Rendered 6286/16242, time remaining: 11m 24s
Rendered 6287/16242, time remaining: 11m 24s
Rendered 6288/16242, time remaining: 11m 24s
Rendered 6289/16242, time remaining: 11m 24s
Rendered 6290/16242, time remaining: 11m 24s
Rendered 6291/16242, time remaining: 11m 24s
Rendered 6292/16242, time remaining: 11m 24s
Rendered 6293/16242, time remaining: 11m 23s
Rendered 6294/16242, time remaining: 11m 23s
Rendered 6295/16242, time remaining: 11m 23s
Rendered 6296/16242, time remaining: 11m 23s
Rendered 6297/16242, time remaining: 11m 23s
Rendered 6298/16242, time remaining: 11m 23s
Rendered 6299/16242, time remaining: 11m 23s
Rendered 6300/16242, time remaining: 11m 23s
Rendered 6301/16242, time remaining: 11m 23s
Rendered 6302/16242, time remaining: 11m 23s
Rendered 6303/16242, time remaining: 11m 23s
Rendered 6304/16242, time remaining: 11m 23s
Rendered 6305/16242, time remaining: 11m 23s
Rendered 6306/16242, time remaining: 11m 23s
Rendered 6307/16242, time remaining: 11m 23s
Rendered 6308/16242, time remaining: 11m 22s
Rendered 6309/16242, time remaining: 11m 22s
Rendered 6310/16242, time remaining: 11m 22s
Rendered 6311/16242, time remaining: 11m 22s
Rendered 6312/16242, time remaining: 11m 22s
Rendered 6313/16242, time remaining: 11m 22s
Rendered 6314/16242, time remaining: 11m 22s
Rendered 6315/16242, time remaining: 11m 22s
Rendered 6316/16242, time remaining: 11m 22s
Rendered 6317/16242, time remaining: 11m 22s
Rendered 6318/16242, time remaining: 11m 22s
Rendered 6319/16242, time remaining: 11m 22s
Rendered 6320/16242, time remaining: 11m 22s
Rendered 6321/16242, time remaining: 11m 21s
Rendered 6322/16242, time remaining: 11m 21s
Rendered 6323/16242, time remaining: 11m 21s
Rendered 6324/16242, time remaining: 11m 21s
Rendered 6325/16242, time remaining: 11m 21s
Rendered 6326/16242, time remaining: 11m 21s
Rendered 6327/16242, time remaining: 11m 21s
Rendered 6328/16242, time remaining: 11m 21s
Rendered 6329/16242, time remaining: 11m 21s
Rendered 6330/16242, time remaining: 11m 21s
Rendered 6331/16242, time remaining: 11m 21s
Rendered 6332/16242, time remaining: 11m 21s
Rendered 6333/16242, time remaining: 11m 21s
Rendered 6334/16242, time remaining: 11m 21s
Rendered 6335/16242, time remaining: 11m 20s
Rendered 6336/16242, time remaining: 11m 20s
Rendered 6337/16242, time remaining: 11m 20s
Rendered 6338/16242, time remaining: 11m 20s
Rendered 6339/16242, time remaining: 11m 20s
Rendered 6340/16242, time remaining: 11m 20s
Rendered 6341/16242, time remaining: 11m 20s
Rendered 6342/16242, time remaining: 11m 20s
Rendered 6343/16242, time remaining: 11m 20s
Rendered 6344/16242, time remaining: 11m 20s
Rendered 6345/16242, time remaining: 11m 20s
Rendered 6346/16242, time remaining: 11m 20s
Rendered 6347/16242, time remaining: 11m 20s
Rendered 6348/16242, time remaining: 11m 20s
Rendered 6349/16242, time remaining: 11m 19s
Rendered 6350/16242, time remaining: 11m 19s
Rendered 6351/16242, time remaining: 11m 19s
Rendered 6352/16242, time remaining: 11m 19s
Rendered 6353/16242, time remaining: 11m 19s
Rendered 6354/16242, time remaining: 11m 19s
Rendered 6355/16242, time remaining: 11m 19s
Rendered 6356/16242, time remaining: 11m 19s
Rendered 6357/16242, time remaining: 11m 19s
Rendered 6358/16242, time remaining: 11m 19s
Rendered 6359/16242, time remaining: 11m 19s
Rendered 6360/16242, time remaining: 11m 19s
Rendered 6361/16242, time remaining: 11m 19s
Rendered 6362/16242, time remaining: 11m 19s
Rendered 6363/16242, time remaining: 11m 18s
Rendered 6364/16242, time remaining: 11m 18s
Rendered 6365/16242, time remaining: 11m 18s
Rendered 6366/16242, time remaining: 11m 18s
Rendered 6367/16242, time remaining: 11m 18s
Rendered 6368/16242, time remaining: 11m 18s
Rendered 6369/16242, time remaining: 11m 18s
Rendered 6370/16242, time remaining: 11m 18s
Rendered 6371/16242, time remaining: 11m 18s
Rendered 6372/16242, time remaining: 11m 18s
Rendered 6373/16242, time remaining: 11m 18s
Rendered 6374/16242, time remaining: 11m 18s
Rendered 6375/16242, time remaining: 11m 18s
Rendered 6376/16242, time remaining: 11m 17s
Rendered 6377/16242, time remaining: 11m 17s
Rendered 6378/16242, time remaining: 11m 17s
Rendered 6379/16242, time remaining: 11m 17s
Rendered 6380/16242, time remaining: 11m 17s
Rendered 6381/16242, time remaining: 11m 17s
Rendered 6382/16242, time remaining: 11m 17s
Rendered 6383/16242, time remaining: 11m 17s
Rendered 6384/16242, time remaining: 11m 17s
Rendered 6385/16242, time remaining: 11m 17s
Rendered 6386/16242, time remaining: 11m 17s
Rendered 6387/16242, time remaining: 11m 17s
Rendered 6388/16242, time remaining: 11m 17s
Rendered 6389/16242, time remaining: 11m 17s
Rendered 6390/16242, time remaining: 11m 16s
Rendered 6391/16242, time remaining: 11m 16s
Rendered 6392/16242, time remaining: 11m 16s
Rendered 6393/16242, time remaining: 11m 16s
Rendered 6394/16242, time remaining: 11m 16s
Rendered 6395/16242, time remaining: 11m 16s
Rendered 6396/16242, time remaining: 11m 16s
Rendered 6397/16242, time remaining: 11m 16s
Rendered 6398/16242, time remaining: 11m 16s
Rendered 6399/16242, time remaining: 11m 16s
Rendered 6400/16242, time remaining: 11m 16s
Rendered 6401/16242, time remaining: 11m 16s
Rendered 6402/16242, time remaining: 11m 16s
Rendered 6403/16242, time remaining: 11m 16s
Rendered 6404/16242, time remaining: 11m 15s
Rendered 6405/16242, time remaining: 11m 15s
Rendered 6406/16242, time remaining: 11m 15s
Rendered 6407/16242, time remaining: 11m 15s
Rendered 6408/16242, time remaining: 11m 15s
Rendered 6409/16242, time remaining: 11m 15s
Rendered 6410/16242, time remaining: 11m 15s
Rendered 6411/16242, time remaining: 11m 15s
Rendered 6412/16242, time remaining: 11m 15s
Rendered 6413/16242, time remaining: 11m 15s
Rendered 6414/16242, time remaining: 11m 15s
Rendered 6415/16242, time remaining: 11m 15s
Rendered 6416/16242, time remaining: 11m 15s
Rendered 6417/16242, time remaining: 11m 15s
Rendered 6418/16242, time remaining: 11m 14s
Rendered 6419/16242, time remaining: 11m 14s
Rendered 6420/16242, time remaining: 11m 14s
Rendered 6421/16242, time remaining: 11m 14s
Rendered 6422/16242, time remaining: 11m 14s
Rendered 6423/16242, time remaining: 11m 14s
Rendered 6424/16242, time remaining: 11m 14s
Rendered 6425/16242, time remaining: 11m 14s
Rendered 6426/16242, time remaining: 11m 14s
Rendered 6427/16242, time remaining: 11m 14s
Rendered 6428/16242, time remaining: 11m 14s
Rendered 6429/16242, time remaining: 11m 14s
Rendered 6430/16242, time remaining: 11m 14s
Rendered 6431/16242, time remaining: 11m 14s
Rendered 6432/16242, time remaining: 11m 14s
Rendered 6433/16242, time remaining: 11m 14s
Rendered 6434/16242, time remaining: 11m 13s
Rendered 6435/16242, time remaining: 11m 13s
Rendered 6436/16242, time remaining: 11m 13s
Rendered 6437/16242, time remaining: 11m 13s
Rendered 6438/16242, time remaining: 11m 13s
Rendered 6439/16242, time remaining: 11m 13s
Rendered 6440/16242, time remaining: 11m 13s
Rendered 6441/16242, time remaining: 11m 13s
Rendered 6442/16242, time remaining: 11m 13s
Rendered 6443/16242, time remaining: 11m 13s
Rendered 6444/16242, time remaining: 11m 13s
Rendered 6445/16242, time remaining: 11m 13s
Rendered 6446/16242, time remaining: 11m 13s
Rendered 6447/16242, time remaining: 11m 13s
Rendered 6448/16242, time remaining: 11m 12s
Rendered 6449/16242, time remaining: 11m 12s
Rendered 6450/16242, time remaining: 11m 12s
Rendered 6451/16242, time remaining: 11m 12s
Rendered 6452/16242, time remaining: 11m 12s
Rendered 6453/16242, time remaining: 11m 12s
Rendered 6454/16242, time remaining: 11m 12s
Rendered 6455/16242, time remaining: 11m 12s
Rendered 6456/16242, time remaining: 11m 12s
Rendered 6457/16242, time remaining: 11m 12s
Rendered 6458/16242, time remaining: 11m 12s
Rendered 6459/16242, time remaining: 11m 12s
Rendered 6460/16242, time remaining: 11m 12s
Rendered 6461/16242, time remaining: 11m 12s
Rendered 6462/16242, time remaining: 11m 12s
Rendered 6463/16242, time remaining: 11m 11s
Rendered 6464/16242, time remaining: 11m 11s
Rendered 6465/16242, time remaining: 11m 11s
Rendered 6466/16242, time remaining: 11m 11s
Rendered 6467/16242, time remaining: 11m 11s
Rendered 6468/16242, time remaining: 11m 11s
Rendered 6469/16242, time remaining: 11m 11s
Rendered 6470/16242, time remaining: 11m 11s
Rendered 6471/16242, time remaining: 11m 11s
Rendered 6472/16242, time remaining: 11m 11s
Rendered 6473/16242, time remaining: 11m 11s
Rendered 6474/16242, time remaining: 11m 11s
Rendered 6475/16242, time remaining: 11m 11s
Rendered 6476/16242, time remaining: 11m 10s
Rendered 6477/16242, time remaining: 11m 10s
Rendered 6478/16242, time remaining: 11m 10s
Rendered 6479/16242, time remaining: 11m 10s
Rendered 6480/16242, time remaining: 11m 10s
Rendered 6481/16242, time remaining: 11m 10s
Rendered 6482/16242, time remaining: 11m 10s
Rendered 6483/16242, time remaining: 11m 10s
Rendered 6484/16242, time remaining: 11m 10s
Rendered 6485/16242, time remaining: 11m 10s
Rendered 6486/16242, time remaining: 11m 10s
Rendered 6487/16242, time remaining: 11m 10s
Rendered 6488/16242, time remaining: 11m 10s
Rendered 6489/16242, time remaining: 11m 10s
Rendered 6490/16242, time remaining: 11m 9s
Rendered 6491/16242, time remaining: 11m 9s
Rendered 6492/16242, time remaining: 11m 9s
Rendered 6493/16242, time remaining: 11m 9s
Rendered 6494/16242, time remaining: 11m 9s
Rendered 6495/16242, time remaining: 11m 9s
Rendered 6496/16242, time remaining: 11m 9s
Rendered 6497/16242, time remaining: 11m 9s
Rendered 6498/16242, time remaining: 11m 9s
Rendered 6499/16242, time remaining: 11m 9s
Rendered 6500/16242, time remaining: 11m 9s
Rendered 6501/16242, time remaining: 11m 9s
Rendered 6502/16242, time remaining: 11m 9s
Rendered 6503/16242, time remaining: 11m 9s
Rendered 6504/16242, time remaining: 11m 8s
Rendered 6505/16242, time remaining: 11m 8s
Rendered 6506/16242, time remaining: 11m 8s
Rendered 6507/16242, time remaining: 11m 8s
Rendered 6508/16242, time remaining: 11m 8s
Rendered 6509/16242, time remaining: 11m 8s
Rendered 6510/16242, time remaining: 11m 8s
Rendered 6511/16242, time remaining: 11m 8s
Rendered 6512/16242, time remaining: 11m 8s
Rendered 6513/16242, time remaining: 11m 8s
Rendered 6514/16242, time remaining: 11m 8s
Rendered 6515/16242, time remaining: 11m 8s
Rendered 6516/16242, time remaining: 11m 8s
Rendered 6517/16242, time remaining: 11m 7s
Rendered 6518/16242, time remaining: 11m 7s
Rendered 6519/16242, time remaining: 11m 7s
Rendered 6520/16242, time remaining: 11m 7s
Rendered 6521/16242, time remaining: 11m 7s
Rendered 6522/16242, time remaining: 11m 7s
Rendered 6523/16242, time remaining: 11m 7s
Rendered 6524/16242, time remaining: 11m 7s
Rendered 6525/16242, time remaining: 11m 7s
Rendered 6526/16242, time remaining: 11m 7s
Rendered 6527/16242, time remaining: 11m 7s
Rendered 6528/16242, time remaining: 11m 7s
Rendered 6529/16242, time remaining: 11m 7s
Rendered 6530/16242, time remaining: 11m 6s
Rendered 6531/16242, time remaining: 11m 6s
Rendered 6532/16242, time remaining: 11m 6s
Rendered 6533/16242, time remaining: 11m 6s
Rendered 6534/16242, time remaining: 11m 6s
Rendered 6535/16242, time remaining: 11m 6s
Rendered 6536/16242, time remaining: 11m 6s
Rendered 6537/16242, time remaining: 11m 6s
Rendered 6538/16242, time remaining: 11m 6s
Rendered 6539/16242, time remaining: 11m 6s
Rendered 6540/16242, time remaining: 11m 6s
Rendered 6541/16242, time remaining: 11m 6s
Rendered 6542/16242, time remaining: 11m 6s
Rendered 6543/16242, time remaining: 11m 5s
Rendered 6544/16242, time remaining: 11m 5s
Rendered 6545/16242, time remaining: 11m 5s
Rendered 6546/16242, time remaining: 11m 5s
Rendered 6547/16242, time remaining: 11m 5s
Rendered 6548/16242, time remaining: 11m 5s
Rendered 6549/16242, time remaining: 11m 5s
Rendered 6550/16242, time remaining: 11m 5s
Rendered 6551/16242, time remaining: 11m 5s
Rendered 6552/16242, time remaining: 11m 5s
Rendered 6553/16242, time remaining: 11m 5s
Rendered 6554/16242, time remaining: 11m 5s
Rendered 6555/16242, time remaining: 11m 4s
Rendered 6556/16242, time remaining: 11m 4s
Rendered 6557/16242, time remaining: 11m 4s
Rendered 6558/16242, time remaining: 11m 4s
Rendered 6559/16242, time remaining: 11m 4s
Rendered 6560/16242, time remaining: 11m 4s
Rendered 6561/16242, time remaining: 11m 4s
Rendered 6562/16242, time remaining: 11m 4s
Rendered 6563/16242, time remaining: 11m 4s
Rendered 6564/16242, time remaining: 11m 4s
Rendered 6565/16242, time remaining: 11m 4s
Rendered 6566/16242, time remaining: 11m 4s
Rendered 6567/16242, time remaining: 11m 4s
Rendered 6568/16242, time remaining: 11m 3s
Rendered 6569/16242, time remaining: 11m 3s
Rendered 6570/16242, time remaining: 11m 3s
Rendered 6571/16242, time remaining: 11m 3s
Rendered 6572/16242, time remaining: 11m 3s
Rendered 6573/16242, time remaining: 11m 3s
Rendered 6574/16242, time remaining: 11m 3s
Rendered 6575/16242, time remaining: 11m 3s
Rendered 6576/16242, time remaining: 11m 3s
Rendered 6577/16242, time remaining: 11m 3s
Rendered 6578/16242, time remaining: 11m 3s
Rendered 6579/16242, time remaining: 11m 3s
Rendered 6580/16242, time remaining: 11m 3s
Rendered 6581/16242, time remaining: 11m 2s
Rendered 6582/16242, time remaining: 11m 2s
Rendered 6583/16242, time remaining: 11m 2s
Rendered 6584/16242, time remaining: 11m 2s
Rendered 6585/16242, time remaining: 11m 2s
Rendered 6586/16242, time remaining: 11m 2s
Rendered 6587/16242, time remaining: 11m 2s
Rendered 6588/16242, time remaining: 11m 2s
Rendered 6589/16242, time remaining: 11m 2s
Rendered 6590/16242, time remaining: 11m 2s
Rendered 6591/16242, time remaining: 11m 2s
Rendered 6592/16242, time remaining: 11m 2s
Rendered 6593/16242, time remaining: 11m 2s
Rendered 6594/16242, time remaining: 11m 1s
Rendered 6595/16242, time remaining: 11m 1s
Rendered 6596/16242, time remaining: 11m 1s
Rendered 6597/16242, time remaining: 11m 1s
Rendered 6598/16242, time remaining: 11m 1s
Rendered 6599/16242, time remaining: 11m 1s
Rendered 6600/16242, time remaining: 11m 1s
Rendered 6601/16242, time remaining: 11m 1s
Rendered 6602/16242, time remaining: 11m 1s
Rendered 6603/16242, time remaining: 11m 1s
Rendered 6604/16242, time remaining: 11m 1s
Rendered 6605/16242, time remaining: 11m 1s
Rendered 6606/16242, time remaining: 11m 1s
Rendered 6607/16242, time remaining: 11m 1s
Rendered 6608/16242, time remaining: 11m 0s
Rendered 6609/16242, time remaining: 11m 0s
Rendered 6610/16242, time remaining: 11m 0s
Rendered 6611/16242, time remaining: 11m 0s
Rendered 6612/16242, time remaining: 11m 0s
Rendered 6613/16242, time remaining: 11m 0s
Rendered 6614/16242, time remaining: 11m 0s
Rendered 6615/16242, time remaining: 11m 0s
Rendered 6616/16242, time remaining: 11m 0s
Rendered 6617/16242, time remaining: 11m 0s
Rendered 6618/16242, time remaining: 11m 0s
Rendered 6619/16242, time remaining: 11m 0s
Rendered 6620/16242, time remaining: 11m 0s
Rendered 6621/16242, time remaining: 11m 0s
Rendered 6622/16242, time remaining: 10m 59s
Rendered 6623/16242, time remaining: 10m 59s
Rendered 6624/16242, time remaining: 10m 59s
Rendered 6625/16242, time remaining: 10m 59s
Rendered 6626/16242, time remaining: 10m 59s
Rendered 6627/16242, time remaining: 10m 59s
Rendered 6628/16242, time remaining: 10m 59s
Rendered 6629/16242, time remaining: 10m 59s
Rendered 6630/16242, time remaining: 10m 59s
Rendered 6631/16242, time remaining: 10m 59s
Rendered 6632/16242, time remaining: 10m 59s
Rendered 6633/16242, time remaining: 10m 59s
Rendered 6634/16242, time remaining: 10m 59s
Rendered 6635/16242, time remaining: 10m 59s
Rendered 6636/16242, time remaining: 10m 58s
Rendered 6637/16242, time remaining: 10m 58s
Rendered 6638/16242, time remaining: 10m 58s
Rendered 6639/16242, time remaining: 10m 58s
Rendered 6640/16242, time remaining: 10m 58s
Rendered 6641/16242, time remaining: 10m 58s
Rendered 6642/16242, time remaining: 10m 58s
Rendered 6643/16242, time remaining: 10m 58s
Rendered 6644/16242, time remaining: 10m 58s
Rendered 6645/16242, time remaining: 10m 58s
Rendered 6646/16242, time remaining: 10m 58s
Rendered 6647/16242, time remaining: 10m 58s
Rendered 6648/16242, time remaining: 10m 58s
Rendered 6649/16242, time remaining: 10m 58s
Rendered 6650/16242, time remaining: 10m 57s
Rendered 6651/16242, time remaining: 10m 57s
Rendered 6652/16242, time remaining: 10m 57s
Rendered 6653/16242, time remaining: 10m 57s
Rendered 6654/16242, time remaining: 10m 57s
Rendered 6655/16242, time remaining: 10m 57s
Rendered 6656/16242, time remaining: 10m 57s
Rendered 6657/16242, time remaining: 10m 57s
Rendered 6658/16242, time remaining: 10m 57s
Rendered 6659/16242, time remaining: 10m 57s
Rendered 6660/16242, time remaining: 10m 57s
Rendered 6661/16242, time remaining: 10m 57s
Rendered 6662/16242, time remaining: 10m 57s
Rendered 6663/16242, time remaining: 10m 57s
Rendered 6664/16242, time remaining: 10m 56s
Rendered 6665/16242, time remaining: 10m 56s
Rendered 6666/16242, time remaining: 10m 56s
Rendered 6667/16242, time remaining: 10m 56s
Rendered 6668/16242, time remaining: 10m 56s
Rendered 6669/16242, time remaining: 10m 56s
Rendered 6670/16242, time remaining: 10m 56s
Rendered 6671/16242, time remaining: 10m 56s
Rendered 6672/16242, time remaining: 10m 56s
Rendered 6673/16242, time remaining: 10m 56s
Rendered 6674/16242, time remaining: 10m 56s
Rendered 6675/16242, time remaining: 10m 56s
Rendered 6676/16242, time remaining: 10m 56s
Rendered 6677/16242, time remaining: 10m 56s
Rendered 6678/16242, time remaining: 10m 55s
Rendered 6679/16242, time remaining: 10m 55s
Rendered 6680/16242, time remaining: 10m 55s
Rendered 6681/16242, time remaining: 10m 55s
Rendered 6682/16242, time remaining: 10m 55s
Rendered 6683/16242, time remaining: 10m 55s
Rendered 6684/16242, time remaining: 10m 55s
Rendered 6685/16242, time remaining: 10m 55s
Rendered 6686/16242, time remaining: 10m 55s
Rendered 6687/16242, time remaining: 10m 55s
Rendered 6688/16242, time remaining: 10m 55s
Rendered 6689/16242, time remaining: 10m 55s
Rendered 6690/16242, time remaining: 10m 55s
Rendered 6691/16242, time remaining: 10m 55s
Rendered 6692/16242, time remaining: 10m 54s
Rendered 6693/16242, time remaining: 10m 54s
Rendered 6694/16242, time remaining: 10m 54s
Rendered 6695/16242, time remaining: 10m 54s
Rendered 6696/16242, time remaining: 10m 54s
Rendered 6697/16242, time remaining: 10m 54s
Rendered 6698/16242, time remaining: 10m 54s
Rendered 6699/16242, time remaining: 10m 54s
Rendered 6700/16242, time remaining: 10m 54s
Rendered 6701/16242, time remaining: 10m 54s
Rendered 6702/16242, time remaining: 10m 54s
Rendered 6703/16242, time remaining: 10m 54s
Rendered 6704/16242, time remaining: 10m 54s
Rendered 6705/16242, time remaining: 10m 54s
Rendered 6706/16242, time remaining: 10m 53s
Rendered 6707/16242, time remaining: 10m 53s
Rendered 6708/16242, time remaining: 10m 53s
Rendered 6709/16242, time remaining: 10m 53s
Rendered 6710/16242, time remaining: 10m 53s
Rendered 6711/16242, time remaining: 10m 53s
Rendered 6712/16242, time remaining: 10m 53s
Rendered 6713/16242, time remaining: 10m 53s
Rendered 6714/16242, time remaining: 10m 53s
Rendered 6715/16242, time remaining: 10m 53s
Rendered 6716/16242, time remaining: 10m 53s
Rendered 6717/16242, time remaining: 10m 53s
Rendered 6718/16242, time remaining: 10m 53s
Rendered 6719/16242, time remaining: 10m 53s
Rendered 6720/16242, time remaining: 10m 52s
Rendered 6721/16242, time remaining: 10m 52s
Rendered 6722/16242, time remaining: 10m 52s
Rendered 6723/16242, time remaining: 10m 52s
Rendered 6724/16242, time remaining: 10m 52s
Rendered 6725/16242, time remaining: 10m 52s
Rendered 6726/16242, time remaining: 10m 52s
Rendered 6727/16242, time remaining: 10m 52s
Rendered 6728/16242, time remaining: 10m 52s
Rendered 6729/16242, time remaining: 10m 52s
Rendered 6730/16242, time remaining: 10m 52s
Rendered 6731/16242, time remaining: 10m 52s
Rendered 6732/16242, time remaining: 10m 52s
Rendered 6733/16242, time remaining: 10m 52s
Rendered 6734/16242, time remaining: 10m 51s
Rendered 6735/16242, time remaining: 10m 51s
Rendered 6736/16242, time remaining: 10m 51s
Rendered 6737/16242, time remaining: 10m 51s
Rendered 6738/16242, time remaining: 10m 51s
Rendered 6739/16242, time remaining: 10m 51s
Rendered 6740/16242, time remaining: 10m 51s
Rendered 6741/16242, time remaining: 10m 51s
Rendered 6742/16242, time remaining: 10m 51s
Rendered 6743/16242, time remaining: 10m 51s
Rendered 6744/16242, time remaining: 10m 51s
Rendered 6745/16242, time remaining: 10m 51s
Rendered 6746/16242, time remaining: 10m 51s
Rendered 6747/16242, time remaining: 10m 51s
Rendered 6748/16242, time remaining: 10m 50s
Rendered 6749/16242, time remaining: 10m 50s
Rendered 6750/16242, time remaining: 10m 50s
Rendered 6751/16242, time remaining: 10m 50s
Rendered 6752/16242, time remaining: 10m 50s
Rendered 6753/16242, time remaining: 10m 50s
Rendered 6754/16242, time remaining: 10m 50s
Rendered 6755/16242, time remaining: 10m 50s
Rendered 6756/16242, time remaining: 10m 50s
Rendered 6757/16242, time remaining: 10m 50s
Rendered 6758/16242, time remaining: 10m 50s
Rendered 6759/16242, time remaining: 10m 50s
Rendered 6760/16242, time remaining: 10m 50s
Rendered 6761/16242, time remaining: 10m 50s
Rendered 6762/16242, time remaining: 10m 49s
Rendered 6763/16242, time remaining: 10m 49s
Rendered 6764/16242, time remaining: 10m 49s
Rendered 6765/16242, time remaining: 10m 49s
Rendered 6766/16242, time remaining: 10m 49s
Rendered 6767/16242, time remaining: 10m 49s
Rendered 6768/16242, time remaining: 10m 49s
Rendered 6769/16242, time remaining: 10m 49s
Rendered 6770/16242, time remaining: 10m 49s
Rendered 6771/16242, time remaining: 10m 49s
Rendered 6772/16242, time remaining: 10m 49s
Rendered 6773/16242, time remaining: 10m 49s
Rendered 6774/16242, time remaining: 10m 49s
Rendered 6775/16242, time remaining: 10m 49s
Rendered 6776/16242, time remaining: 10m 48s
Rendered 6777/16242, time remaining: 10m 48s
Rendered 6778/16242, time remaining: 10m 48s
Rendered 6779/16242, time remaining: 10m 48s
Rendered 6780/16242, time remaining: 10m 48s
Rendered 6781/16242, time remaining: 10m 48s
Rendered 6782/16242, time remaining: 10m 48s
Rendered 6783/16242, time remaining: 10m 48s
Rendered 6784/16242, time remaining: 10m 48s
Rendered 6785/16242, time remaining: 10m 48s
Rendered 6786/16242, time remaining: 10m 48s
Rendered 6787/16242, time remaining: 10m 48s
Rendered 6788/16242, time remaining: 10m 48s
Rendered 6789/16242, time remaining: 10m 48s
Rendered 6790/16242, time remaining: 10m 47s
Rendered 6791/16242, time remaining: 10m 47s
Rendered 6792/16242, time remaining: 10m 47s
Rendered 6793/16242, time remaining: 10m 47s
Rendered 6794/16242, time remaining: 10m 47s
Rendered 6795/16242, time remaining: 10m 47s
Rendered 6796/16242, time remaining: 10m 47s
Rendered 6797/16242, time remaining: 10m 47s
Rendered 6798/16242, time remaining: 10m 47s
Rendered 6799/16242, time remaining: 10m 47s
Rendered 6800/16242, time remaining: 10m 47s
Rendered 6801/16242, time remaining: 10m 47s
Rendered 6802/16242, time remaining: 10m 47s
Rendered 6803/16242, time remaining: 10m 47s
Rendered 6804/16242, time remaining: 10m 46s
Rendered 6805/16242, time remaining: 10m 46s
Rendered 6806/16242, time remaining: 10m 46s
Rendered 6807/16242, time remaining: 10m 46s
Rendered 6808/16242, time remaining: 10m 46s
Rendered 6809/16242, time remaining: 10m 46s
Rendered 6810/16242, time remaining: 10m 46s
Rendered 6811/16242, time remaining: 10m 46s
Rendered 6812/16242, time remaining: 10m 46s
Rendered 6813/16242, time remaining: 10m 46s
Rendered 6814/16242, time remaining: 10m 46s
Rendered 6815/16242, time remaining: 10m 46s
Rendered 6816/16242, time remaining: 10m 46s
Rendered 6817/16242, time remaining: 10m 46s
Rendered 6818/16242, time remaining: 10m 45s
Rendered 6819/16242, time remaining: 10m 45s
Rendered 6820/16242, time remaining: 10m 45s
Rendered 6821/16242, time remaining: 10m 45s
Rendered 6822/16242, time remaining: 10m 45s
Rendered 6823/16242, time remaining: 10m 45s
Rendered 6824/16242, time remaining: 10m 45s
Rendered 6825/16242, time remaining: 10m 45s
Rendered 6826/16242, time remaining: 10m 45s
Rendered 6827/16242, time remaining: 10m 45s
Rendered 6828/16242, time remaining: 10m 45s
Rendered 6829/16242, time remaining: 10m 45s
Rendered 6830/16242, time remaining: 10m 45s
Rendered 6831/16242, time remaining: 10m 45s
Rendered 6832/16242, time remaining: 10m 44s
Rendered 6833/16242, time remaining: 10m 44s
Rendered 6834/16242, time remaining: 10m 44s
Rendered 6835/16242, time remaining: 10m 44s
Rendered 6836/16242, time remaining: 10m 44s
Rendered 6837/16242, time remaining: 10m 44s
Rendered 6838/16242, time remaining: 10m 44s
Rendered 6839/16242, time remaining: 10m 44s
Rendered 6840/16242, time remaining: 10m 44s
Rendered 6841/16242, time remaining: 10m 44s
Rendered 6842/16242, time remaining: 10m 44s
Rendered 6843/16242, time remaining: 10m 44s
Rendered 6844/16242, time remaining: 10m 44s
Rendered 6845/16242, time remaining: 10m 44s
Rendered 6846/16242, time remaining: 10m 43s
Rendered 6847/16242, time remaining: 10m 43s
Rendered 6848/16242, time remaining: 10m 43s
Rendered 6849/16242, time remaining: 10m 43s
Rendered 6850/16242, time remaining: 10m 43s
Rendered 6851/16242, time remaining: 10m 43s
Rendered 6852/16242, time remaining: 10m 43s
Rendered 6853/16242, time remaining: 10m 43s
Rendered 6854/16242, time remaining: 10m 43s
Rendered 6855/16242, time remaining: 10m 43s
Rendered 6856/16242, time remaining: 10m 43s
Rendered 6857/16242, time remaining: 10m 43s
Rendered 6858/16242, time remaining: 10m 43s
Rendered 6859/16242, time remaining: 10m 43s
Rendered 6860/16242, time remaining: 10m 42s
Rendered 6861/16242, time remaining: 10m 42s
Rendered 6862/16242, time remaining: 10m 42s
Rendered 6863/16242, time remaining: 10m 42s
Rendered 6864/16242, time remaining: 10m 42s
Rendered 6865/16242, time remaining: 10m 42s
Rendered 6866/16242, time remaining: 10m 42s
Rendered 6867/16242, time remaining: 10m 42s
Rendered 6868/16242, time remaining: 10m 42s
Rendered 6869/16242, time remaining: 10m 42s
Rendered 6870/16242, time remaining: 10m 42s
Rendered 6871/16242, time remaining: 10m 42s
Rendered 6872/16242, time remaining: 10m 42s
Rendered 6873/16242, time remaining: 10m 42s
Rendered 6874/16242, time remaining: 10m 41s
Rendered 6875/16242, time remaining: 10m 41s
Rendered 6876/16242, time remaining: 10m 41s
Rendered 6877/16242, time remaining: 10m 41s
Rendered 6878/16242, time remaining: 10m 41s
Rendered 6879/16242, time remaining: 10m 41s
Rendered 6880/16242, time remaining: 10m 41s
Rendered 6881/16242, time remaining: 10m 41s
Rendered 6882/16242, time remaining: 10m 41s
Rendered 6883/16242, time remaining: 10m 41s
Rendered 6884/16242, time remaining: 10m 41s
Rendered 6885/16242, time remaining: 10m 41s
Rendered 6886/16242, time remaining: 10m 41s
Rendered 6887/16242, time remaining: 10m 41s
Rendered 6888/16242, time remaining: 10m 40s
Rendered 6889/16242, time remaining: 10m 40s
Rendered 6890/16242, time remaining: 10m 40s
Rendered 6891/16242, time remaining: 10m 40s
Rendered 6892/16242, time remaining: 10m 40s
Rendered 6893/16242, time remaining: 10m 40s
Rendered 6894/16242, time remaining: 10m 40s
Rendered 6895/16242, time remaining: 10m 40s
Rendered 6896/16242, time remaining: 10m 40s
Rendered 6897/16242, time remaining: 10m 40s
Rendered 6898/16242, time remaining: 10m 40s
Rendered 6899/16242, time remaining: 10m 40s
Rendered 6900/16242, time remaining: 10m 40s
Rendered 6901/16242, time remaining: 10m 40s
Rendered 6902/16242, time remaining: 10m 39s
Rendered 6903/16242, time remaining: 10m 39s
Rendered 6904/16242, time remaining: 10m 39s
Rendered 6905/16242, time remaining: 10m 39s
Rendered 6906/16242, time remaining: 10m 39s
Rendered 6907/16242, time remaining: 10m 39s
Rendered 6908/16242, time remaining: 10m 39s
Rendered 6909/16242, time remaining: 10m 39s
Rendered 6910/16242, time remaining: 10m 39s
Rendered 6911/16242, time remaining: 10m 39s
Rendered 6912/16242, time remaining: 10m 39s
Rendered 6913/16242, time remaining: 10m 39s
Rendered 6914/16242, time remaining: 10m 39s
Rendered 6915/16242, time remaining: 10m 39s
Rendered 6916/16242, time remaining: 10m 38s
Rendered 6917/16242, time remaining: 10m 38s
Rendered 6918/16242, time remaining: 10m 38s
Rendered 6919/16242, time remaining: 10m 38s
Rendered 6920/16242, time remaining: 10m 38s
Rendered 6921/16242, time remaining: 10m 38s
Rendered 6922/16242, time remaining: 10m 38s
Rendered 6923/16242, time remaining: 10m 38s
Rendered 6924/16242, time remaining: 10m 38s
Rendered 6925/16242, time remaining: 10m 38s
Rendered 6926/16242, time remaining: 10m 38s
Rendered 6927/16242, time remaining: 10m 38s
Rendered 6928/16242, time remaining: 10m 38s
Rendered 6929/16242, time remaining: 10m 38s
Rendered 6930/16242, time remaining: 10m 37s
Rendered 6931/16242, time remaining: 10m 37s
Rendered 6932/16242, time remaining: 10m 37s
Rendered 6933/16242, time remaining: 10m 37s
Rendered 6934/16242, time remaining: 10m 37s
Rendered 6935/16242, time remaining: 10m 37s
Rendered 6936/16242, time remaining: 10m 37s
Rendered 6937/16242, time remaining: 10m 37s
Rendered 6938/16242, time remaining: 10m 37s
Rendered 6939/16242, time remaining: 10m 37s
Rendered 6940/16242, time remaining: 10m 37s
Rendered 6941/16242, time remaining: 10m 37s
Rendered 6942/16242, time remaining: 10m 37s
Rendered 6943/16242, time remaining: 10m 36s
Rendered 6944/16242, time remaining: 10m 36s
Rendered 6945/16242, time remaining: 10m 36s
Rendered 6946/16242, time remaining: 10m 36s
Rendered 6947/16242, time remaining: 10m 36s
Rendered 6948/16242, time remaining: 10m 36s
Rendered 6949/16242, time remaining: 10m 36s
Rendered 6950/16242, time remaining: 10m 36s
Rendered 6951/16242, time remaining: 10m 36s
Rendered 6952/16242, time remaining: 10m 36s
Rendered 6953/16242, time remaining: 10m 36s
Rendered 6954/16242, time remaining: 10m 36s
Rendered 6955/16242, time remaining: 10m 36s
Rendered 6956/16242, time remaining: 10m 36s
Rendered 6957/16242, time remaining: 10m 36s
Rendered 6958/16242, time remaining: 10m 35s
Rendered 6959/16242, time remaining: 10m 35s
Rendered 6960/16242, time remaining: 10m 35s
Rendered 6961/16242, time remaining: 10m 35s
Rendered 6962/16242, time remaining: 10m 35s
Rendered 6963/16242, time remaining: 10m 35s
Rendered 6964/16242, time remaining: 10m 35s
Rendered 6965/16242, time remaining: 10m 35s
Rendered 6966/16242, time remaining: 10m 35s
Rendered 6967/16242, time remaining: 10m 35s
Rendered 6968/16242, time remaining: 10m 35s
Rendered 6969/16242, time remaining: 10m 35s
Rendered 6970/16242, time remaining: 10m 35s
Rendered 6971/16242, time remaining: 10m 35s
Rendered 6972/16242, time remaining: 10m 34s
Rendered 6973/16242, time remaining: 10m 34s
Rendered 6974/16242, time remaining: 10m 34s
Rendered 6975/16242, time remaining: 10m 34s
Rendered 6976/16242, time remaining: 10m 34s
Rendered 6977/16242, time remaining: 10m 34s
Rendered 6978/16242, time remaining: 10m 34s
Rendered 6979/16242, time remaining: 10m 34s
Rendered 6980/16242, time remaining: 10m 34s
Rendered 6981/16242, time remaining: 10m 34s
Rendered 6982/16242, time remaining: 10m 34s
Rendered 6983/16242, time remaining: 10m 34s
Rendered 6984/16242, time remaining: 10m 34s
Rendered 6985/16242, time remaining: 10m 34s
Rendered 6986/16242, time remaining: 10m 33s
Rendered 6987/16242, time remaining: 10m 33s
Rendered 6988/16242, time remaining: 10m 33s
Rendered 6989/16242, time remaining: 10m 33s
Rendered 6990/16242, time remaining: 10m 33s
Rendered 6991/16242, time remaining: 10m 33s
Rendered 6992/16242, time remaining: 10m 33s
Rendered 6993/16242, time remaining: 10m 33s
Rendered 6994/16242, time remaining: 10m 33s
Rendered 6995/16242, time remaining: 10m 33s
Rendered 6996/16242, time remaining: 10m 33s
Rendered 6997/16242, time remaining: 10m 33s
Rendered 6998/16242, time remaining: 10m 33s
Rendered 6999/16242, time remaining: 10m 33s
Rendered 7000/16242, time remaining: 10m 32s
Rendered 7001/16242, time remaining: 10m 32s
Rendered 7002/16242, time remaining: 10m 32s
Rendered 7003/16242, time remaining: 10m 32s
Rendered 7004/16242, time remaining: 10m 32s
Rendered 7005/16242, time remaining: 10m 32s
Rendered 7006/16242, time remaining: 10m 32s
Rendered 7007/16242, time remaining: 10m 32s
Rendered 7008/16242, time remaining: 10m 32s
Rendered 7009/16242, time remaining: 10m 32s
Rendered 7010/16242, time remaining: 10m 32s
Rendered 7011/16242, time remaining: 10m 32s
Rendered 7012/16242, time remaining: 10m 32s
Rendered 7013/16242, time remaining: 10m 32s
Rendered 7014/16242, time remaining: 10m 31s
Rendered 7015/16242, time remaining: 10m 31s
Rendered 7016/16242, time remaining: 10m 31s
Rendered 7017/16242, time remaining: 10m 31s
Rendered 7018/16242, time remaining: 10m 31s
Rendered 7019/16242, time remaining: 10m 31s
Rendered 7020/16242, time remaining: 10m 31s
Rendered 7021/16242, time remaining: 10m 31s
Rendered 7022/16242, time remaining: 10m 31s
Rendered 7023/16242, time remaining: 10m 31s
Rendered 7024/16242, time remaining: 10m 31s
Rendered 7025/16242, time remaining: 10m 31s
Rendered 7026/16242, time remaining: 10m 31s
Rendered 7027/16242, time remaining: 10m 31s
Rendered 7028/16242, time remaining: 10m 30s
Rendered 7029/16242, time remaining: 10m 30s
Rendered 7030/16242, time remaining: 10m 30s
Rendered 7031/16242, time remaining: 10m 30s
Rendered 7032/16242, time remaining: 10m 30s
Rendered 7033/16242, time remaining: 10m 30s
Rendered 7034/16242, time remaining: 10m 30s
Rendered 7035/16242, time remaining: 10m 30s
Rendered 7036/16242, time remaining: 10m 30s
Rendered 7037/16242, time remaining: 10m 30s
Rendered 7038/16242, time remaining: 10m 30s
Rendered 7039/16242, time remaining: 10m 30s
Rendered 7040/16242, time remaining: 10m 30s
Rendered 7041/16242, time remaining: 10m 30s
Rendered 7042/16242, time remaining: 10m 29s
Rendered 7043/16242, time remaining: 10m 29s
Rendered 7044/16242, time remaining: 10m 29s
Rendered 7045/16242, time remaining: 10m 29s
Rendered 7046/16242, time remaining: 10m 29s
Rendered 7047/16242, time remaining: 10m 29s
Rendered 7048/16242, time remaining: 10m 29s
Rendered 7049/16242, time remaining: 10m 29s
Rendered 7050/16242, time remaining: 10m 29s
Rendered 7051/16242, time remaining: 10m 29s
Rendered 7052/16242, time remaining: 10m 29s
Rendered 7053/16242, time remaining: 10m 29s
Rendered 7054/16242, time remaining: 10m 29s
Rendered 7055/16242, time remaining: 10m 29s
Rendered 7056/16242, time remaining: 10m 28s
Rendered 7057/16242, time remaining: 10m 28s
Rendered 7058/16242, time remaining: 10m 28s
Rendered 7059/16242, time remaining: 10m 28s
Rendered 7060/16242, time remaining: 10m 28s
Rendered 7061/16242, time remaining: 10m 28s
Rendered 7062/16242, time remaining: 10m 28s
Rendered 7063/16242, time remaining: 10m 28s
Rendered 7064/16242, time remaining: 10m 28s
Rendered 7065/16242, time remaining: 10m 28s
Rendered 7066/16242, time remaining: 10m 28s
Rendered 7067/16242, time remaining: 10m 28s
Rendered 7068/16242, time remaining: 10m 28s
Rendered 7069/16242, time remaining: 10m 28s
Rendered 7070/16242, time remaining: 10m 28s
Rendered 7071/16242, time remaining: 10m 27s
Rendered 7072/16242, time remaining: 10m 27s
Rendered 7073/16242, time remaining: 10m 27s
Rendered 7074/16242, time remaining: 10m 27s
Rendered 7075/16242, time remaining: 10m 27s
Rendered 7076/16242, time remaining: 10m 27s
Rendered 7077/16242, time remaining: 10m 27s
Rendered 7078/16242, time remaining: 10m 27s
Rendered 7079/16242, time remaining: 10m 27s
Rendered 7080/16242, time remaining: 10m 27s
Rendered 7081/16242, time remaining: 10m 27s
Rendered 7082/16242, time remaining: 10m 27s
Rendered 7083/16242, time remaining: 10m 27s
Rendered 7084/16242, time remaining: 10m 26s
Rendered 7085/16242, time remaining: 10m 26s
Rendered 7086/16242, time remaining: 10m 26s
Rendered 7087/16242, time remaining: 10m 26s
Rendered 7088/16242, time remaining: 10m 26s
Rendered 7089/16242, time remaining: 10m 26s
Rendered 7090/16242, time remaining: 10m 26s
Rendered 7091/16242, time remaining: 10m 26s
Rendered 7092/16242, time remaining: 10m 26s
Rendered 7093/16242, time remaining: 10m 26s
Rendered 7094/16242, time remaining: 10m 26s
Rendered 7095/16242, time remaining: 10m 26s
Rendered 7096/16242, time remaining: 10m 26s
Rendered 7097/16242, time remaining: 10m 26s
Rendered 7098/16242, time remaining: 10m 26s
Rendered 7099/16242, time remaining: 10m 25s
Rendered 7100/16242, time remaining: 10m 25s
Rendered 7101/16242, time remaining: 10m 25s
Rendered 7102/16242, time remaining: 10m 25s
Rendered 7103/16242, time remaining: 10m 25s
Rendered 7104/16242, time remaining: 10m 25s
Rendered 7105/16242, time remaining: 10m 25s
Rendered 7106/16242, time remaining: 10m 25s
Rendered 7107/16242, time remaining: 10m 25s
Rendered 7108/16242, time remaining: 10m 25s
Rendered 7109/16242, time remaining: 10m 25s
Rendered 7110/16242, time remaining: 10m 25s
Rendered 7111/16242, time remaining: 10m 25s
Rendered 7112/16242, time remaining: 10m 25s
Rendered 7113/16242, time remaining: 10m 24s
Rendered 7114/16242, time remaining: 10m 24s
Rendered 7115/16242, time remaining: 10m 24s
Rendered 7116/16242, time remaining: 10m 24s
Rendered 7117/16242, time remaining: 10m 24s
Rendered 7118/16242, time remaining: 10m 24s
Rendered 7119/16242, time remaining: 10m 24s
Rendered 7120/16242, time remaining: 10m 24s
Rendered 7121/16242, time remaining: 10m 24s
Rendered 7122/16242, time remaining: 10m 24s
Rendered 7123/16242, time remaining: 10m 24s
Rendered 7124/16242, time remaining: 10m 24s
Rendered 7125/16242, time remaining: 10m 24s
Rendered 7126/16242, time remaining: 10m 23s
Rendered 7127/16242, time remaining: 10m 23s
Rendered 7128/16242, time remaining: 10m 23s
Rendered 7129/16242, time remaining: 10m 23s
Rendered 7130/16242, time remaining: 10m 23s
Rendered 7131/16242, time remaining: 10m 23s
Rendered 7132/16242, time remaining: 10m 23s
Rendered 7133/16242, time remaining: 10m 23s
Rendered 7134/16242, time remaining: 10m 23s
Rendered 7135/16242, time remaining: 10m 23s
Rendered 7136/16242, time remaining: 10m 23s
Rendered 7137/16242, time remaining: 10m 23s
Rendered 7138/16242, time remaining: 10m 23s
Rendered 7139/16242, time remaining: 10m 23s
Rendered 7140/16242, time remaining: 10m 22s
Rendered 7141/16242, time remaining: 10m 22s
Rendered 7142/16242, time remaining: 10m 22s
Rendered 7143/16242, time remaining: 10m 22s
Rendered 7144/16242, time remaining: 10m 22s
Rendered 7145/16242, time remaining: 10m 22s
Rendered 7146/16242, time remaining: 10m 22s
Rendered 7147/16242, time remaining: 10m 22s
Rendered 7148/16242, time remaining: 10m 22s
Rendered 7149/16242, time remaining: 10m 22s
Rendered 7150/16242, time remaining: 10m 22s
Rendered 7151/16242, time remaining: 10m 22s
Rendered 7152/16242, time remaining: 10m 22s
Rendered 7153/16242, time remaining: 10m 22s
Rendered 7154/16242, time remaining: 10m 21s
Rendered 7155/16242, time remaining: 10m 21s
Rendered 7156/16242, time remaining: 10m 21s
Rendered 7157/16242, time remaining: 10m 21s
Rendered 7158/16242, time remaining: 10m 21s
Rendered 7159/16242, time remaining: 10m 21s
Rendered 7160/16242, time remaining: 10m 21s
Rendered 7161/16242, time remaining: 10m 21s
Rendered 7162/16242, time remaining: 10m 21s
Rendered 7163/16242, time remaining: 10m 21s
Rendered 7164/16242, time remaining: 10m 21s
Rendered 7165/16242, time remaining: 10m 21s
Rendered 7166/16242, time remaining: 10m 21s
Rendered 7167/16242, time remaining: 10m 21s
Rendered 7168/16242, time remaining: 10m 20s
Rendered 7169/16242, time remaining: 10m 20s
Rendered 7170/16242, time remaining: 10m 20s
Rendered 7171/16242, time remaining: 10m 20s
Rendered 7172/16242, time remaining: 10m 20s
Rendered 7173/16242, time remaining: 10m 20s
Rendered 7174/16242, time remaining: 10m 20s
Rendered 7175/16242, time remaining: 10m 20s
Rendered 7176/16242, time remaining: 10m 20s
Rendered 7177/16242, time remaining: 10m 20s
Rendered 7178/16242, time remaining: 10m 20s
Rendered 7179/16242, time remaining: 10m 20s
Rendered 7180/16242, time remaining: 10m 20s
Rendered 7181/16242, time remaining: 10m 20s
Rendered 7182/16242, time remaining: 10m 19s
Rendered 7183/16242, time remaining: 10m 19s
Rendered 7184/16242, time remaining: 10m 19s
Rendered 7185/16242, time remaining: 10m 19s
Rendered 7186/16242, time remaining: 10m 19s
Rendered 7187/16242, time remaining: 10m 19s
Rendered 7188/16242, time remaining: 10m 19s
Rendered 7189/16242, time remaining: 10m 19s
Rendered 7190/16242, time remaining: 10m 19s
Rendered 7191/16242, time remaining: 10m 19s
Rendered 7192/16242, time remaining: 10m 19s
Rendered 7193/16242, time remaining: 10m 19s
Rendered 7194/16242, time remaining: 10m 19s
Rendered 7195/16242, time remaining: 10m 19s
Rendered 7196/16242, time remaining: 10m 18s
Rendered 7197/16242, time remaining: 10m 18s
Rendered 7198/16242, time remaining: 10m 18s
Rendered 7199/16242, time remaining: 10m 18s
Rendered 7200/16242, time remaining: 10m 18s
Rendered 7201/16242, time remaining: 10m 18s
Rendered 7202/16242, time remaining: 10m 18s
Rendered 7203/16242, time remaining: 10m 18s
Rendered 7204/16242, time remaining: 10m 18s
Rendered 7205/16242, time remaining: 10m 18s
Rendered 7206/16242, time remaining: 10m 18s
Rendered 7207/16242, time remaining: 10m 18s
Rendered 7208/16242, time remaining: 10m 18s
Rendered 7209/16242, time remaining: 10m 18s
Rendered 7210/16242, time remaining: 10m 18s
Rendered 7211/16242, time remaining: 10m 17s
Rendered 7212/16242, time remaining: 10m 17s
Rendered 7213/16242, time remaining: 10m 17s
Rendered 7214/16242, time remaining: 10m 17s
Rendered 7215/16242, time remaining: 10m 17s
Rendered 7216/16242, time remaining: 10m 17s
Rendered 7217/16242, time remaining: 10m 17s
Rendered 7218/16242, time remaining: 10m 17s
Rendered 7219/16242, time remaining: 10m 17s
Rendered 7220/16242, time remaining: 10m 17s
Rendered 7221/16242, time remaining: 10m 17s
Rendered 7222/16242, time remaining: 10m 17s
Rendered 7223/16242, time remaining: 10m 17s
Rendered 7224/16242, time remaining: 10m 16s
Rendered 7225/16242, time remaining: 10m 16s
Rendered 7226/16242, time remaining: 10m 16s
Rendered 7227/16242, time remaining: 10m 16s
Rendered 7228/16242, time remaining: 10m 16s
Rendered 7229/16242, time remaining: 10m 16s
Rendered 7230/16242, time remaining: 10m 16s
Rendered 7231/16242, time remaining: 10m 16s
Rendered 7232/16242, time remaining: 10m 16s
Rendered 7233/16242, time remaining: 10m 16s
Rendered 7234/16242, time remaining: 10m 16s
Rendered 7235/16242, time remaining: 10m 16s
Rendered 7236/16242, time remaining: 10m 16s
Rendered 7237/16242, time remaining: 10m 16s
Rendered 7238/16242, time remaining: 10m 15s
Rendered 7239/16242, time remaining: 10m 15s
Rendered 7240/16242, time remaining: 10m 15s
Rendered 7241/16242, time remaining: 10m 15s
Rendered 7242/16242, time remaining: 10m 15s
Rendered 7243/16242, time remaining: 10m 15s
Rendered 7244/16242, time remaining: 10m 15s
Rendered 7245/16242, time remaining: 10m 15s
Rendered 7246/16242, time remaining: 10m 15s
Rendered 7247/16242, time remaining: 10m 15s
Rendered 7248/16242, time remaining: 10m 15s
Rendered 7249/16242, time remaining: 10m 15s
Rendered 7250/16242, time remaining: 10m 15s
Rendered 7251/16242, time remaining: 10m 15s
Rendered 7252/16242, time remaining: 10m 15s
Rendered 7253/16242, time remaining: 10m 14s
Rendered 7254/16242, time remaining: 10m 14s
Rendered 7255/16242, time remaining: 10m 14s
Rendered 7256/16242, time remaining: 10m 14s
Rendered 7257/16242, time remaining: 10m 14s
Rendered 7258/16242, time remaining: 10m 14s
Rendered 7259/16242, time remaining: 10m 14s
Rendered 7260/16242, time remaining: 10m 14s
Rendered 7261/16242, time remaining: 10m 14s
Rendered 7262/16242, time remaining: 10m 14s
Rendered 7263/16242, time remaining: 10m 14s
Rendered 7264/16242, time remaining: 10m 14s
Rendered 7265/16242, time remaining: 10m 14s
Rendered 7266/16242, time remaining: 10m 14s
Rendered 7267/16242, time remaining: 10m 13s
Rendered 7268/16242, time remaining: 10m 13s
Rendered 7269/16242, time remaining: 10m 13s
Rendered 7270/16242, time remaining: 10m 13s
Rendered 7271/16242, time remaining: 10m 13s
Rendered 7272/16242, time remaining: 10m 13s
Rendered 7273/16242, time remaining: 10m 13s
Rendered 7274/16242, time remaining: 10m 13s
Rendered 7275/16242, time remaining: 10m 13s
Rendered 7276/16242, time remaining: 10m 13s
Rendered 7277/16242, time remaining: 10m 13s
Rendered 7278/16242, time remaining: 10m 13s
Rendered 7279/16242, time remaining: 10m 13s
Rendered 7280/16242, time remaining: 10m 13s
Rendered 7281/16242, time remaining: 10m 12s
Rendered 7282/16242, time remaining: 10m 12s
Rendered 7283/16242, time remaining: 10m 12s
Rendered 7284/16242, time remaining: 10m 12s
Rendered 7285/16242, time remaining: 10m 12s
Rendered 7286/16242, time remaining: 10m 12s
Rendered 7287/16242, time remaining: 10m 12s
Rendered 7288/16242, time remaining: 10m 12s
Rendered 7289/16242, time remaining: 10m 12s
Rendered 7290/16242, time remaining: 10m 12s
Rendered 7291/16242, time remaining: 10m 12s
Rendered 7292/16242, time remaining: 10m 12s
Rendered 7293/16242, time remaining: 10m 12s
Rendered 7294/16242, time remaining: 10m 12s
Rendered 7295/16242, time remaining: 10m 11s
Rendered 7296/16242, time remaining: 10m 11s
Rendered 7297/16242, time remaining: 10m 11s
Rendered 7298/16242, time remaining: 10m 11s
Rendered 7299/16242, time remaining: 10m 11s
Rendered 7300/16242, time remaining: 10m 11s
Rendered 7301/16242, time remaining: 10m 11s
Rendered 7302/16242, time remaining: 10m 11s
Rendered 7303/16242, time remaining: 10m 11s
Rendered 7304/16242, time remaining: 10m 11s
Rendered 7305/16242, time remaining: 10m 11s
Rendered 7306/16242, time remaining: 10m 11s
Rendered 7307/16242, time remaining: 10m 11s
Rendered 7308/16242, time remaining: 10m 11s
Rendered 7309/16242, time remaining: 10m 10s
Rendered 7310/16242, time remaining: 10m 10s
Rendered 7311/16242, time remaining: 10m 10s
Rendered 7312/16242, time remaining: 10m 10s
Rendered 7313/16242, time remaining: 10m 10s
Rendered 7314/16242, time remaining: 10m 10s
Rendered 7315/16242, time remaining: 10m 10s
Rendered 7316/16242, time remaining: 10m 10s
Rendered 7317/16242, time remaining: 10m 10s
Rendered 7318/16242, time remaining: 10m 10s
Rendered 7319/16242, time remaining: 10m 10s
Rendered 7320/16242, time remaining: 10m 10s
Rendered 7321/16242, time remaining: 10m 10s
Rendered 7322/16242, time remaining: 10m 10s
Rendered 7323/16242, time remaining: 10m 10s
Rendered 7324/16242, time remaining: 10m 9s
Rendered 7325/16242, time remaining: 10m 9s
Rendered 7326/16242, time remaining: 10m 9s
Rendered 7327/16242, time remaining: 10m 9s
Rendered 7328/16242, time remaining: 10m 9s
Rendered 7329/16242, time remaining: 10m 9s
Rendered 7330/16242, time remaining: 10m 9s
Rendered 7331/16242, time remaining: 10m 9s
Rendered 7332/16242, time remaining: 10m 9s
Rendered 7333/16242, time remaining: 10m 9s
Rendered 7334/16242, time remaining: 10m 9s
Rendered 7335/16242, time remaining: 10m 9s
Rendered 7336/16242, time remaining: 10m 9s
Rendered 7337/16242, time remaining: 10m 9s
Rendered 7338/16242, time remaining: 10m 8s
Rendered 7339/16242, time remaining: 10m 8s
Rendered 7340/16242, time remaining: 10m 8s
Rendered 7341/16242, time remaining: 10m 8s
Rendered 7342/16242, time remaining: 10m 8s
Rendered 7343/16242, time remaining: 10m 8s
Rendered 7344/16242, time remaining: 10m 8s
Rendered 7345/16242, time remaining: 10m 8s
Rendered 7346/16242, time remaining: 10m 8s
Rendered 7347/16242, time remaining: 10m 8s
Rendered 7348/16242, time remaining: 10m 8s
Rendered 7349/16242, time remaining: 10m 8s
Rendered 7350/16242, time remaining: 10m 8s
Rendered 7351/16242, time remaining: 10m 8s
Rendered 7352/16242, time remaining: 10m 7s
Rendered 7353/16242, time remaining: 10m 7s
Rendered 7354/16242, time remaining: 10m 7s
Rendered 7355/16242, time remaining: 10m 7s
Rendered 7356/16242, time remaining: 10m 7s
Rendered 7357/16242, time remaining: 10m 7s
Rendered 7358/16242, time remaining: 10m 7s
Rendered 7359/16242, time remaining: 10m 7s
Rendered 7360/16242, time remaining: 10m 7s
Rendered 7361/16242, time remaining: 10m 7s
Rendered 7362/16242, time remaining: 10m 7s
Rendered 7363/16242, time remaining: 10m 7s
Rendered 7364/16242, time remaining: 10m 7s
Rendered 7365/16242, time remaining: 10m 7s
Rendered 7366/16242, time remaining: 10m 6s
Rendered 7367/16242, time remaining: 10m 6s
Rendered 7368/16242, time remaining: 10m 6s
Rendered 7369/16242, time remaining: 10m 6s
Rendered 7370/16242, time remaining: 10m 6s
Rendered 7371/16242, time remaining: 10m 6s
Rendered 7372/16242, time remaining: 10m 6s
Rendered 7373/16242, time remaining: 10m 6s
Rendered 7374/16242, time remaining: 10m 6s
Rendered 7375/16242, time remaining: 10m 6s
Rendered 7376/16242, time remaining: 10m 6s
Rendered 7377/16242, time remaining: 10m 6s
Rendered 7378/16242, time remaining: 10m 6s
Rendered 7379/16242, time remaining: 10m 6s
Rendered 7380/16242, time remaining: 10m 6s
Rendered 7381/16242, time remaining: 10m 5s
Rendered 7382/16242, time remaining: 10m 5s
Rendered 7383/16242, time remaining: 10m 5s
Rendered 7384/16242, time remaining: 10m 5s
Rendered 7385/16242, time remaining: 10m 5s
Rendered 7386/16242, time remaining: 10m 5s
Rendered 7387/16242, time remaining: 10m 5s
Rendered 7388/16242, time remaining: 10m 5s
Rendered 7389/16242, time remaining: 10m 5s
Rendered 7390/16242, time remaining: 10m 5s
Rendered 7391/16242, time remaining: 10m 5s
Rendered 7392/16242, time remaining: 10m 5s
Rendered 7393/16242, time remaining: 10m 5s
Rendered 7394/16242, time remaining: 10m 5s
Rendered 7395/16242, time remaining: 10m 4s
Rendered 7396/16242, time remaining: 10m 4s
Rendered 7397/16242, time remaining: 10m 4s
Rendered 7398/16242, time remaining: 10m 4s
Rendered 7399/16242, time remaining: 10m 4s
Rendered 7400/16242, time remaining: 10m 4s
Rendered 7401/16242, time remaining: 10m 4s
Rendered 7402/16242, time remaining: 10m 4s
Rendered 7403/16242, time remaining: 10m 4s
Rendered 7404/16242, time remaining: 10m 4s
Rendered 7405/16242, time remaining: 10m 4s
Rendered 7406/16242, time remaining: 10m 4s
Rendered 7407/16242, time remaining: 10m 3s
Rendered 7408/16242, time remaining: 10m 3s
Rendered 7409/16242, time remaining: 10m 3s
Rendered 7410/16242, time remaining: 10m 3s
Rendered 7411/16242, time remaining: 10m 3s
Rendered 7412/16242, time remaining: 10m 3s
Rendered 7413/16242, time remaining: 10m 3s
Rendered 7414/16242, time remaining: 10m 3s
Rendered 7415/16242, time remaining: 10m 3s
Rendered 7416/16242, time remaining: 10m 3s
Rendered 7417/16242, time remaining: 10m 3s
Rendered 7418/16242, time remaining: 10m 3s
Rendered 7419/16242, time remaining: 10m 3s
Rendered 7420/16242, time remaining: 10m 3s
Rendered 7421/16242, time remaining: 10m 2s
Rendered 7422/16242, time remaining: 10m 2s
Rendered 7423/16242, time remaining: 10m 2s
Rendered 7424/16242, time remaining: 10m 2s
Rendered 7425/16242, time remaining: 10m 2s
Rendered 7426/16242, time remaining: 10m 2s
Rendered 7427/16242, time remaining: 10m 2s
Rendered 7428/16242, time remaining: 10m 2s
Rendered 7429/16242, time remaining: 10m 2s
Rendered 7430/16242, time remaining: 10m 2s
Rendered 7431/16242, time remaining: 10m 2s
Rendered 7432/16242, time remaining: 10m 2s
Rendered 7433/16242, time remaining: 10m 2s
Rendered 7434/16242, time remaining: 10m 2s
Rendered 7435/16242, time remaining: 10m 1s
Rendered 7436/16242, time remaining: 10m 1s
Rendered 7437/16242, time remaining: 10m 1s
Rendered 7438/16242, time remaining: 10m 1s
Rendered 7439/16242, time remaining: 10m 1s
Rendered 7440/16242, time remaining: 10m 1s
Rendered 7441/16242, time remaining: 10m 1s
Rendered 7442/16242, time remaining: 10m 1s
Rendered 7443/16242, time remaining: 10m 1s
Rendered 7444/16242, time remaining: 10m 1s
Rendered 7445/16242, time remaining: 10m 1s
Rendered 7446/16242, time remaining: 10m 1s
Rendered 7447/16242, time remaining: 10m 1s
Rendered 7448/16242, time remaining: 10m 1s
Rendered 7449/16242, time remaining: 10m 1s
Rendered 7450/16242, time remaining: 10m 0s
Rendered 7451/16242, time remaining: 10m 0s
Rendered 7452/16242, time remaining: 10m 0s
Rendered 7453/16242, time remaining: 10m 0s
Rendered 7454/16242, time remaining: 10m 0s
Rendered 7455/16242, time remaining: 10m 0s
Rendered 7456/16242, time remaining: 10m 0s
Rendered 7457/16242, time remaining: 10m 0s
Rendered 7458/16242, time remaining: 10m 0s
Rendered 7459/16242, time remaining: 10m 0s
Rendered 7460/16242, time remaining: 10m 0s
Rendered 7461/16242, time remaining: 10m 0s
Rendered 7462/16242, time remaining: 10m 0s
Rendered 7463/16242, time remaining: 10m 0s
Rendered 7464/16242, time remaining: 9m 59s
Rendered 7465/16242, time remaining: 9m 59s
Rendered 7466/16242, time remaining: 9m 59s
Rendered 7467/16242, time remaining: 9m 59s
Rendered 7468/16242, time remaining: 9m 59s
Rendered 7469/16242, time remaining: 9m 59s
Rendered 7470/16242, time remaining: 9m 59s
Rendered 7471/16242, time remaining: 9m 59s
Rendered 7472/16242, time remaining: 9m 59s
Rendered 7473/16242, time remaining: 9m 59s
Rendered 7474/16242, time remaining: 9m 59s
Rendered 7475/16242, time remaining: 9m 59s
Rendered 7476/16242, time remaining: 9m 59s
Rendered 7477/16242, time remaining: 9m 59s
Rendered 7478/16242, time remaining: 9m 58s
Rendered 7479/16242, time remaining: 9m 58s
Rendered 7480/16242, time remaining: 9m 58s
Rendered 7481/16242, time remaining: 9m 58s
Rendered 7482/16242, time remaining: 9m 58s
Rendered 7483/16242, time remaining: 9m 58s
Rendered 7484/16242, time remaining: 9m 58s
Rendered 7485/16242, time remaining: 9m 58s
Rendered 7486/16242, time remaining: 9m 58s
Rendered 7487/16242, time remaining: 9m 58s
Rendered 7488/16242, time remaining: 9m 58s
Rendered 7489/16242, time remaining: 9m 58s
Rendered 7490/16242, time remaining: 9m 58s
Rendered 7491/16242, time remaining: 9m 58s
Rendered 7492/16242, time remaining: 9m 57s
Rendered 7493/16242, time remaining: 9m 57s
Rendered 7494/16242, time remaining: 9m 57s
Rendered 7495/16242, time remaining: 9m 57s
Rendered 7496/16242, time remaining: 9m 57s
Rendered 7497/16242, time remaining: 9m 57s
Rendered 7498/16242, time remaining: 9m 57s
Rendered 7499/16242, time remaining: 9m 57s
Rendered 7500/16242, time remaining: 9m 57s
Rendered 7501/16242, time remaining: 9m 57s
Rendered 7502/16242, time remaining: 9m 57s
Rendered 7503/16242, time remaining: 9m 57s
Rendered 7504/16242, time remaining: 9m 57s
Rendered 7505/16242, time remaining: 9m 57s
Rendered 7506/16242, time remaining: 9m 57s
Rendered 7507/16242, time remaining: 9m 56s
Rendered 7508/16242, time remaining: 9m 56s
Rendered 7509/16242, time remaining: 9m 56s
Rendered 7510/16242, time remaining: 9m 56s
Rendered 7511/16242, time remaining: 9m 56s
Rendered 7512/16242, time remaining: 9m 56s
Rendered 7513/16242, time remaining: 9m 56s
Rendered 7514/16242, time remaining: 9m 56s
Rendered 7515/16242, time remaining: 9m 56s
Rendered 7516/16242, time remaining: 9m 56s
Rendered 7517/16242, time remaining: 9m 56s
Rendered 7518/16242, time remaining: 9m 56s
Rendered 7519/16242, time remaining: 9m 56s
Rendered 7520/16242, time remaining: 9m 56s
Rendered 7521/16242, time remaining: 9m 55s
Rendered 7522/16242, time remaining: 9m 55s
Rendered 7523/16242, time remaining: 9m 55s
Rendered 7524/16242, time remaining: 9m 55s
Rendered 7525/16242, time remaining: 9m 55s
Rendered 7526/16242, time remaining: 9m 55s
Rendered 7527/16242, time remaining: 9m 55s
Rendered 7528/16242, time remaining: 9m 55s
Rendered 7529/16242, time remaining: 9m 55s
Rendered 7530/16242, time remaining: 9m 55s
Rendered 7531/16242, time remaining: 9m 55s
Rendered 7532/16242, time remaining: 9m 55s
Rendered 7533/16242, time remaining: 9m 55s
Rendered 7534/16242, time remaining: 9m 55s
Rendered 7535/16242, time remaining: 9m 54s
Rendered 7536/16242, time remaining: 9m 54s
Rendered 7537/16242, time remaining: 9m 54s
Rendered 7538/16242, time remaining: 9m 54s
Rendered 7539/16242, time remaining: 9m 54s
Rendered 7540/16242, time remaining: 9m 54s
Rendered 7541/16242, time remaining: 9m 54s
Rendered 7542/16242, time remaining: 9m 54s
Rendered 7543/16242, time remaining: 9m 54s
Rendered 7544/16242, time remaining: 9m 54s
Rendered 7545/16242, time remaining: 9m 54s
Rendered 7546/16242, time remaining: 9m 54s
Rendered 7547/16242, time remaining: 9m 54s
Rendered 7548/16242, time remaining: 9m 54s
Rendered 7549/16242, time remaining: 9m 53s
Rendered 7550/16242, time remaining: 9m 53s
Rendered 7551/16242, time remaining: 9m 53s
Rendered 7552/16242, time remaining: 9m 53s
Rendered 7553/16242, time remaining: 9m 53s
Rendered 7554/16242, time remaining: 9m 53s
Rendered 7555/16242, time remaining: 9m 53s
Rendered 7556/16242, time remaining: 9m 53s
Rendered 7557/16242, time remaining: 9m 53s
Rendered 7558/16242, time remaining: 9m 53s
Rendered 7559/16242, time remaining: 9m 53s
Rendered 7560/16242, time remaining: 9m 53s
Rendered 7561/16242, time remaining: 9m 53s
Rendered 7562/16242, time remaining: 9m 53s
Rendered 7563/16242, time remaining: 9m 52s
Rendered 7564/16242, time remaining: 9m 52s
Rendered 7565/16242, time remaining: 9m 52s
Rendered 7566/16242, time remaining: 9m 52s
Rendered 7567/16242, time remaining: 9m 52s
Rendered 7568/16242, time remaining: 9m 52s
Rendered 7569/16242, time remaining: 9m 52s
Rendered 7570/16242, time remaining: 9m 52s
Rendered 7571/16242, time remaining: 9m 52s
Rendered 7572/16242, time remaining: 9m 52s
Rendered 7573/16242, time remaining: 9m 52s
Rendered 7574/16242, time remaining: 9m 52s
Rendered 7575/16242, time remaining: 9m 52s
Rendered 7576/16242, time remaining: 9m 52s
Rendered 7577/16242, time remaining: 9m 52s
Rendered 7578/16242, time remaining: 9m 51s
Rendered 7579/16242, time remaining: 9m 51s
Rendered 7580/16242, time remaining: 9m 51s
Rendered 7581/16242, time remaining: 9m 51s
Rendered 7582/16242, time remaining: 9m 51s
Rendered 7583/16242, time remaining: 9m 51s
Rendered 7584/16242, time remaining: 9m 51s
Rendered 7585/16242, time remaining: 9m 51s
Rendered 7586/16242, time remaining: 9m 51s
Rendered 7587/16242, time remaining: 9m 51s
Rendered 7588/16242, time remaining: 9m 51s
Rendered 7589/16242, time remaining: 9m 51s
Rendered 7590/16242, time remaining: 9m 51s
Rendered 7591/16242, time remaining: 9m 51s
Rendered 7592/16242, time remaining: 9m 50s
Rendered 7593/16242, time remaining: 9m 50s
Rendered 7594/16242, time remaining: 9m 50s
Rendered 7595/16242, time remaining: 9m 50s
Rendered 7596/16242, time remaining: 9m 50s
Rendered 7597/16242, time remaining: 9m 50s
Rendered 7598/16242, time remaining: 9m 50s
Rendered 7599/16242, time remaining: 9m 50s
Rendered 7600/16242, time remaining: 9m 50s
Rendered 7601/16242, time remaining: 9m 50s
Rendered 7602/16242, time remaining: 9m 50s
Rendered 7603/16242, time remaining: 9m 50s
Rendered 7604/16242, time remaining: 9m 50s
Rendered 7605/16242, time remaining: 9m 50s
Rendered 7606/16242, time remaining: 9m 49s
Rendered 7607/16242, time remaining: 9m 49s
Rendered 7608/16242, time remaining: 9m 49s
Rendered 7609/16242, time remaining: 9m 49s
Rendered 7610/16242, time remaining: 9m 49s
Rendered 7611/16242, time remaining: 9m 49s
Rendered 7612/16242, time remaining: 9m 49s
Rendered 7613/16242, time remaining: 9m 49s
Rendered 7614/16242, time remaining: 9m 49s
Rendered 7615/16242, time remaining: 9m 49s
Rendered 7616/16242, time remaining: 9m 49s
Rendered 7617/16242, time remaining: 9m 49s
Rendered 7618/16242, time remaining: 9m 49s
Rendered 7619/16242, time remaining: 9m 49s
Rendered 7620/16242, time remaining: 9m 48s
Rendered 7621/16242, time remaining: 9m 48s
Rendered 7622/16242, time remaining: 9m 48s
Rendered 7623/16242, time remaining: 9m 48s
Rendered 7624/16242, time remaining: 9m 48s
Rendered 7625/16242, time remaining: 9m 48s
Rendered 7626/16242, time remaining: 9m 48s
Rendered 7627/16242, time remaining: 9m 48s
Rendered 7628/16242, time remaining: 9m 48s
Rendered 7629/16242, time remaining: 9m 48s
Rendered 7630/16242, time remaining: 9m 48s
Rendered 7631/16242, time remaining: 9m 48s
Rendered 7632/16242, time remaining: 9m 48s
Rendered 7633/16242, time remaining: 9m 48s
Rendered 7634/16242, time remaining: 9m 47s
Rendered 7635/16242, time remaining: 9m 47s
Rendered 7636/16242, time remaining: 9m 47s
Rendered 7637/16242, time remaining: 9m 47s
Rendered 7638/16242, time remaining: 9m 47s
Rendered 7639/16242, time remaining: 9m 47s
Rendered 7640/16242, time remaining: 9m 47s
Rendered 7641/16242, time remaining: 9m 47s
Rendered 7642/16242, time remaining: 9m 47s
Rendered 7643/16242, time remaining: 9m 47s
Rendered 7644/16242, time remaining: 9m 47s
Rendered 7645/16242, time remaining: 9m 47s
Rendered 7646/16242, time remaining: 9m 47s
Rendered 7647/16242, time remaining: 9m 47s
Rendered 7648/16242, time remaining: 9m 47s
Rendered 7649/16242, time remaining: 9m 46s
Rendered 7650/16242, time remaining: 9m 46s
Rendered 7651/16242, time remaining: 9m 46s
Rendered 7652/16242, time remaining: 9m 46s
Rendered 7653/16242, time remaining: 9m 46s
Rendered 7654/16242, time remaining: 9m 46s
Rendered 7655/16242, time remaining: 9m 46s
Rendered 7656/16242, time remaining: 9m 46s
Rendered 7657/16242, time remaining: 9m 46s
Rendered 7658/16242, time remaining: 9m 46s
Rendered 7659/16242, time remaining: 9m 46s
Rendered 7660/16242, time remaining: 9m 46s
Rendered 7661/16242, time remaining: 9m 46s
Rendered 7662/16242, time remaining: 9m 46s
Rendered 7663/16242, time remaining: 9m 45s
Rendered 7664/16242, time remaining: 9m 45s
Rendered 7665/16242, time remaining: 9m 45s
Rendered 7666/16242, time remaining: 9m 45s
Rendered 7667/16242, time remaining: 9m 45s
Rendered 7668/16242, time remaining: 9m 45s
Rendered 7669/16242, time remaining: 9m 45s
Rendered 7670/16242, time remaining: 9m 45s
Rendered 7671/16242, time remaining: 9m 45s
Rendered 7672/16242, time remaining: 9m 45s
Rendered 7673/16242, time remaining: 9m 45s
Rendered 7674/16242, time remaining: 9m 45s
Rendered 7675/16242, time remaining: 9m 45s
Rendered 7676/16242, time remaining: 9m 45s
Rendered 7677/16242, time remaining: 9m 44s
Rendered 7678/16242, time remaining: 9m 44s
Rendered 7679/16242, time remaining: 9m 44s
Rendered 7680/16242, time remaining: 9m 44s
Rendered 7681/16242, time remaining: 9m 44s
Rendered 7682/16242, time remaining: 9m 44s
Rendered 7683/16242, time remaining: 9m 44s
Rendered 7684/16242, time remaining: 9m 44s
Rendered 7685/16242, time remaining: 9m 44s
Rendered 7686/16242, time remaining: 9m 44s
Rendered 7687/16242, time remaining: 9m 44s
Rendered 7688/16242, time remaining: 9m 44s
Rendered 7689/16242, time remaining: 9m 44s
Rendered 7690/16242, time remaining: 9m 44s
Rendered 7691/16242, time remaining: 9m 43s
Rendered 7692/16242, time remaining: 9m 43s
Rendered 7693/16242, time remaining: 9m 43s
Rendered 7694/16242, time remaining: 9m 43s
Rendered 7695/16242, time remaining: 9m 43s
Rendered 7696/16242, time remaining: 9m 43s
Rendered 7697/16242, time remaining: 9m 43s
Rendered 7698/16242, time remaining: 9m 43s
Rendered 7699/16242, time remaining: 9m 43s
Rendered 7700/16242, time remaining: 9m 43s
Rendered 7701/16242, time remaining: 9m 43s
Rendered 7702/16242, time remaining: 9m 43s
Rendered 7703/16242, time remaining: 9m 43s
Rendered 7704/16242, time remaining: 9m 43s
Rendered 7705/16242, time remaining: 9m 42s
Rendered 7706/16242, time remaining: 9m 42s
Rendered 7707/16242, time remaining: 9m 42s
Rendered 7708/16242, time remaining: 9m 42s
Rendered 7709/16242, time remaining: 9m 42s
Rendered 7710/16242, time remaining: 9m 42s
Rendered 7711/16242, time remaining: 9m 42s
Rendered 7712/16242, time remaining: 9m 42s
Rendered 7713/16242, time remaining: 9m 42s
Rendered 7714/16242, time remaining: 9m 42s
Rendered 7715/16242, time remaining: 9m 42s
Rendered 7716/16242, time remaining: 9m 42s
Rendered 7717/16242, time remaining: 9m 42s
Rendered 7718/16242, time remaining: 9m 42s
Rendered 7719/16242, time remaining: 9m 42s
Rendered 7720/16242, time remaining: 9m 41s
Rendered 7721/16242, time remaining: 9m 41s
Rendered 7722/16242, time remaining: 9m 41s
Rendered 7723/16242, time remaining: 9m 41s
Rendered 7724/16242, time remaining: 9m 41s
Rendered 7725/16242, time remaining: 9m 41s
Rendered 7726/16242, time remaining: 9m 41s
Rendered 7727/16242, time remaining: 9m 41s
Rendered 7728/16242, time remaining: 9m 41s
Rendered 7729/16242, time remaining: 9m 41s
Rendered 7730/16242, time remaining: 9m 41s
Rendered 7731/16242, time remaining: 9m 41s
Rendered 7732/16242, time remaining: 9m 41s
Rendered 7733/16242, time remaining: 9m 41s
Rendered 7734/16242, time remaining: 9m 41s
Rendered 7735/16242, time remaining: 9m 40s
Rendered 7736/16242, time remaining: 9m 40s
Rendered 7737/16242, time remaining: 9m 40s
Rendered 7738/16242, time remaining: 9m 40s
Rendered 7739/16242, time remaining: 9m 40s
Rendered 7740/16242, time remaining: 9m 40s
Rendered 7741/16242, time remaining: 9m 40s
Rendered 7742/16242, time remaining: 9m 40s
Rendered 7743/16242, time remaining: 9m 40s
Rendered 7744/16242, time remaining: 9m 40s
Rendered 7745/16242, time remaining: 9m 40s
Rendered 7746/16242, time remaining: 9m 40s
Rendered 7747/16242, time remaining: 9m 40s
Rendered 7748/16242, time remaining: 9m 40s
Rendered 7749/16242, time remaining: 9m 39s
Rendered 7750/16242, time remaining: 9m 39s
Rendered 7751/16242, time remaining: 9m 39s
Rendered 7752/16242, time remaining: 9m 39s
Rendered 7753/16242, time remaining: 9m 39s
Rendered 7754/16242, time remaining: 9m 39s
Rendered 7755/16242, time remaining: 9m 39s
Rendered 7756/16242, time remaining: 9m 39s
Rendered 7757/16242, time remaining: 9m 39s
Rendered 7758/16242, time remaining: 9m 39s
Rendered 7759/16242, time remaining: 9m 39s
Rendered 7760/16242, time remaining: 9m 39s
Rendered 7761/16242, time remaining: 9m 39s
Rendered 7762/16242, time remaining: 9m 39s
Rendered 7763/16242, time remaining: 9m 38s
Rendered 7764/16242, time remaining: 9m 38s
Rendered 7765/16242, time remaining: 9m 38s
Rendered 7766/16242, time remaining: 9m 38s
Rendered 7767/16242, time remaining: 9m 38s
Rendered 7768/16242, time remaining: 9m 38s
Rendered 7769/16242, time remaining: 9m 38s
Rendered 7770/16242, time remaining: 9m 38s
Rendered 7771/16242, time remaining: 9m 38s
Rendered 7772/16242, time remaining: 9m 38s
Rendered 7773/16242, time remaining: 9m 38s
Rendered 7774/16242, time remaining: 9m 38s
Rendered 7775/16242, time remaining: 9m 38s
Rendered 7776/16242, time remaining: 9m 38s
Rendered 7777/16242, time remaining: 9m 37s
Rendered 7778/16242, time remaining: 9m 37s
Rendered 7779/16242, time remaining: 9m 37s
Rendered 7780/16242, time remaining: 9m 37s
Rendered 7781/16242, time remaining: 9m 37s
Rendered 7782/16242, time remaining: 9m 37s
Rendered 7783/16242, time remaining: 9m 37s
Rendered 7784/16242, time remaining: 9m 37s
Rendered 7785/16242, time remaining: 9m 37s
Rendered 7786/16242, time remaining: 9m 37s
Rendered 7787/16242, time remaining: 9m 37s
Rendered 7788/16242, time remaining: 9m 37s
Rendered 7789/16242, time remaining: 9m 37s
Rendered 7790/16242, time remaining: 9m 37s
Rendered 7791/16242, time remaining: 9m 37s
Rendered 7792/16242, time remaining: 9m 36s
Rendered 7793/16242, time remaining: 9m 36s
Rendered 7794/16242, time remaining: 9m 36s
Rendered 7795/16242, time remaining: 9m 36s
Rendered 7796/16242, time remaining: 9m 36s
Rendered 7797/16242, time remaining: 9m 36s
Rendered 7798/16242, time remaining: 9m 36s
Rendered 7799/16242, time remaining: 9m 36s
Rendered 7800/16242, time remaining: 9m 36s
Rendered 7801/16242, time remaining: 9m 36s
Rendered 7802/16242, time remaining: 9m 36s
Rendered 7803/16242, time remaining: 9m 36s
Rendered 7804/16242, time remaining: 9m 36s
Rendered 7805/16242, time remaining: 9m 36s
Rendered 7806/16242, time remaining: 9m 35s
Rendered 7807/16242, time remaining: 9m 35s
Rendered 7808/16242, time remaining: 9m 35s
Rendered 7809/16242, time remaining: 9m 35s
Rendered 7810/16242, time remaining: 9m 35s
Rendered 7811/16242, time remaining: 9m 35s
Rendered 7812/16242, time remaining: 9m 35s
Rendered 7813/16242, time remaining: 9m 35s
Rendered 7814/16242, time remaining: 9m 35s
Rendered 7815/16242, time remaining: 9m 35s
Rendered 7816/16242, time remaining: 9m 35s
Rendered 7817/16242, time remaining: 9m 35s
Rendered 7818/16242, time remaining: 9m 35s
Rendered 7819/16242, time remaining: 9m 35s
Rendered 7820/16242, time remaining: 9m 34s
Rendered 7821/16242, time remaining: 9m 34s
Rendered 7822/16242, time remaining: 9m 34s
Rendered 7823/16242, time remaining: 9m 34s
Rendered 7824/16242, time remaining: 9m 34s
Rendered 7825/16242, time remaining: 9m 34s
Rendered 7826/16242, time remaining: 9m 34s
Rendered 7827/16242, time remaining: 9m 34s
Rendered 7828/16242, time remaining: 9m 34s
Rendered 7829/16242, time remaining: 9m 34s
Rendered 7830/16242, time remaining: 9m 34s
Rendered 7831/16242, time remaining: 9m 34s
Rendered 7832/16242, time remaining: 9m 34s
Rendered 7833/16242, time remaining: 9m 34s
Rendered 7834/16242, time remaining: 9m 33s
Rendered 7835/16242, time remaining: 9m 33s
Rendered 7836/16242, time remaining: 9m 33s
Rendered 7837/16242, time remaining: 9m 33s
Rendered 7838/16242, time remaining: 9m 33s
Rendered 7839/16242, time remaining: 9m 33s
Rendered 7840/16242, time remaining: 9m 33s
Rendered 7841/16242, time remaining: 9m 33s
Rendered 7842/16242, time remaining: 9m 33s
Rendered 7843/16242, time remaining: 9m 33s
Rendered 7844/16242, time remaining: 9m 33s
Rendered 7845/16242, time remaining: 9m 33s
Rendered 7846/16242, time remaining: 9m 33s
Rendered 7847/16242, time remaining: 9m 33s
Rendered 7848/16242, time remaining: 9m 33s
Rendered 7849/16242, time remaining: 9m 32s
Rendered 7850/16242, time remaining: 9m 32s
Rendered 7851/16242, time remaining: 9m 32s
Rendered 7852/16242, time remaining: 9m 32s
Rendered 7853/16242, time remaining: 9m 32s
Rendered 7854/16242, time remaining: 9m 32s
Rendered 7855/16242, time remaining: 9m 32s
Rendered 7856/16242, time remaining: 9m 32s
Rendered 7857/16242, time remaining: 9m 32s
Rendered 7858/16242, time remaining: 9m 32s
Rendered 7859/16242, time remaining: 9m 32s
Rendered 7860/16242, time remaining: 9m 32s
Rendered 7861/16242, time remaining: 9m 32s
Rendered 7862/16242, time remaining: 9m 32s
Rendered 7863/16242, time remaining: 9m 31s
Rendered 7864/16242, time remaining: 9m 31s
Rendered 7865/16242, time remaining: 9m 31s
Rendered 7866/16242, time remaining: 9m 31s
Rendered 7867/16242, time remaining: 9m 31s
Rendered 7868/16242, time remaining: 9m 31s
Rendered 7869/16242, time remaining: 9m 31s
Rendered 7870/16242, time remaining: 9m 31s
Rendered 7871/16242, time remaining: 9m 31s
Rendered 7872/16242, time remaining: 9m 31s
Rendered 7873/16242, time remaining: 9m 31s
Rendered 7874/16242, time remaining: 9m 31s
Rendered 7875/16242, time remaining: 9m 31s
Rendered 7876/16242, time remaining: 9m 31s
Rendered 7877/16242, time remaining: 9m 30s
Rendered 7878/16242, time remaining: 9m 30s
Rendered 7879/16242, time remaining: 9m 30s
Rendered 7880/16242, time remaining: 9m 30s
Rendered 7881/16242, time remaining: 9m 30s
Rendered 7882/16242, time remaining: 9m 30s
Rendered 7883/16242, time remaining: 9m 30s
Rendered 7884/16242, time remaining: 9m 30s
Rendered 7885/16242, time remaining: 9m 30s
Rendered 7886/16242, time remaining: 9m 30s
Rendered 7887/16242, time remaining: 9m 30s
Rendered 7888/16242, time remaining: 9m 30s
Rendered 7889/16242, time remaining: 9m 30s
Rendered 7890/16242, time remaining: 9m 30s
Rendered 7891/16242, time remaining: 9m 29s
Rendered 7892/16242, time remaining: 9m 29s
Rendered 7893/16242, time remaining: 9m 29s
Rendered 7894/16242, time remaining: 9m 29s
Rendered 7895/16242, time remaining: 9m 29s
Rendered 7896/16242, time remaining: 9m 29s
Rendered 7897/16242, time remaining: 9m 29s
Rendered 7898/16242, time remaining: 9m 29s
Rendered 7899/16242, time remaining: 9m 29s
Rendered 7900/16242, time remaining: 9m 29s
Rendered 7901/16242, time remaining: 9m 29s
Rendered 7902/16242, time remaining: 9m 29s
Rendered 7903/16242, time remaining: 9m 29s
Rendered 7904/16242, time remaining: 9m 29s
Rendered 7905/16242, time remaining: 9m 28s
Rendered 7906/16242, time remaining: 9m 28s
Rendered 7907/16242, time remaining: 9m 28s
Rendered 7908/16242, time remaining: 9m 28s
Rendered 7909/16242, time remaining: 9m 28s
Rendered 7910/16242, time remaining: 9m 28s
Rendered 7911/16242, time remaining: 9m 28s
Rendered 7912/16242, time remaining: 9m 28s
Rendered 7913/16242, time remaining: 9m 28s
Rendered 7914/16242, time remaining: 9m 28s
Rendered 7915/16242, time remaining: 9m 28s
Rendered 7916/16242, time remaining: 9m 28s
Rendered 7917/16242, time remaining: 9m 28s
Rendered 7918/16242, time remaining: 9m 28s
Rendered 7919/16242, time remaining: 9m 28s
Rendered 7920/16242, time remaining: 9m 27s
Rendered 7921/16242, time remaining: 9m 27s
Rendered 7922/16242, time remaining: 9m 27s
Rendered 7923/16242, time remaining: 9m 27s
Rendered 7924/16242, time remaining: 9m 27s
Rendered 7925/16242, time remaining: 9m 27s
Rendered 7926/16242, time remaining: 9m 27s
Rendered 7927/16242, time remaining: 9m 27s
Rendered 7928/16242, time remaining: 9m 27s
Rendered 7929/16242, time remaining: 9m 27s
Rendered 7930/16242, time remaining: 9m 27s
Rendered 7931/16242, time remaining: 9m 27s
Rendered 7932/16242, time remaining: 9m 27s
Rendered 7933/16242, time remaining: 9m 27s
Rendered 7934/16242, time remaining: 9m 26s
Rendered 7935/16242, time remaining: 9m 26s
Rendered 7936/16242, time remaining: 9m 26s
Rendered 7937/16242, time remaining: 9m 26s
Rendered 7938/16242, time remaining: 9m 26s
Rendered 7939/16242, time remaining: 9m 26s
Rendered 7940/16242, time remaining: 9m 26s
Rendered 7941/16242, time remaining: 9m 26s
Rendered 7942/16242, time remaining: 9m 26s
Rendered 7943/16242, time remaining: 9m 26s
Rendered 7944/16242, time remaining: 9m 26s
Rendered 7945/16242, time remaining: 9m 26s
Rendered 7946/16242, time remaining: 9m 26s
Rendered 7947/16242, time remaining: 9m 26s
Rendered 7948/16242, time remaining: 9m 25s
Rendered 7949/16242, time remaining: 9m 25s
Rendered 7950/16242, time remaining: 9m 25s
Rendered 7951/16242, time remaining: 9m 25s
Rendered 7952/16242, time remaining: 9m 25s
Rendered 7953/16242, time remaining: 9m 25s
Rendered 7954/16242, time remaining: 9m 25s
Rendered 7955/16242, time remaining: 9m 25s
Rendered 7956/16242, time remaining: 9m 25s
Rendered 7957/16242, time remaining: 9m 25s
Rendered 7958/16242, time remaining: 9m 25s
Rendered 7959/16242, time remaining: 9m 25s
Rendered 7960/16242, time remaining: 9m 25s
Rendered 7961/16242, time remaining: 9m 25s
Rendered 7962/16242, time remaining: 9m 25s
Rendered 7963/16242, time remaining: 9m 24s
Rendered 7964/16242, time remaining: 9m 24s
Rendered 7965/16242, time remaining: 9m 24s
Rendered 7966/16242, time remaining: 9m 24s
Rendered 7967/16242, time remaining: 9m 24s
Rendered 7968/16242, time remaining: 9m 24s
Rendered 7969/16242, time remaining: 9m 24s
Rendered 7970/16242, time remaining: 9m 24s
Rendered 7971/16242, time remaining: 9m 24s
Rendered 7972/16242, time remaining: 9m 24s
Rendered 7973/16242, time remaining: 9m 24s
Rendered 7974/16242, time remaining: 9m 24s
Rendered 7975/16242, time remaining: 9m 24s
Rendered 7976/16242, time remaining: 9m 24s
Rendered 7977/16242, time remaining: 9m 23s
Rendered 7978/16242, time remaining: 9m 23s
Rendered 7979/16242, time remaining: 9m 23s
Rendered 7980/16242, time remaining: 9m 23s
Rendered 7981/16242, time remaining: 9m 23s
Rendered 7982/16242, time remaining: 9m 23s
Rendered 7983/16242, time remaining: 9m 23s
Rendered 7984/16242, time remaining: 9m 23s
Rendered 7985/16242, time remaining: 9m 23s
Rendered 7986/16242, time remaining: 9m 23s
Rendered 7987/16242, time remaining: 9m 23s
Rendered 7988/16242, time remaining: 9m 23s
Rendered 7989/16242, time remaining: 9m 23s
Rendered 7990/16242, time remaining: 9m 23s
Rendered 7991/16242, time remaining: 9m 23s
Rendered 7992/16242, time remaining: 9m 22s
Rendered 7993/16242, time remaining: 9m 22s
Rendered 7994/16242, time remaining: 9m 22s
Rendered 7995/16242, time remaining: 9m 22s
Rendered 7996/16242, time remaining: 9m 22s
Rendered 7997/16242, time remaining: 9m 22s
Rendered 7998/16242, time remaining: 9m 22s
Rendered 7999/16242, time remaining: 9m 22s
Rendered 8000/16242, time remaining: 9m 22s
Rendered 8001/16242, time remaining: 9m 22s
Rendered 8002/16242, time remaining: 9m 22s
Rendered 8003/16242, time remaining: 9m 22s
Rendered 8004/16242, time remaining: 9m 22s
Rendered 8005/16242, time remaining: 9m 22s
Rendered 8006/16242, time remaining: 9m 22s
Rendered 8007/16242, time remaining: 9m 21s
Rendered 8008/16242, time remaining: 9m 21s
Rendered 8009/16242, time remaining: 9m 21s
Rendered 8010/16242, time remaining: 9m 21s
Rendered 8011/16242, time remaining: 9m 21s
Rendered 8012/16242, time remaining: 9m 21s
Rendered 8013/16242, time remaining: 9m 21s
Rendered 8014/16242, time remaining: 9m 21s
Rendered 8015/16242, time remaining: 9m 21s
Rendered 8016/16242, time remaining: 9m 21s
Rendered 8017/16242, time remaining: 9m 21s
Rendered 8018/16242, time remaining: 9m 21s
Rendered 8019/16242, time remaining: 9m 21s
Rendered 8020/16242, time remaining: 9m 21s
Rendered 8021/16242, time remaining: 9m 21s
Rendered 8022/16242, time remaining: 9m 20s
Rendered 8023/16242, time remaining: 9m 20s
Rendered 8024/16242, time remaining: 9m 20s
Rendered 8025/16242, time remaining: 9m 20s
Rendered 8026/16242, time remaining: 9m 20s
Rendered 8027/16242, time remaining: 9m 20s
Rendered 8028/16242, time remaining: 9m 20s
Rendered 8029/16242, time remaining: 9m 20s
Rendered 8030/16242, time remaining: 9m 20s
Rendered 8031/16242, time remaining: 9m 20s
Rendered 8032/16242, time remaining: 9m 20s
Rendered 8033/16242, time remaining: 9m 20s
Rendered 8034/16242, time remaining: 9m 20s
Rendered 8035/16242, time remaining: 9m 20s
Rendered 8036/16242, time remaining: 9m 19s
Rendered 8037/16242, time remaining: 9m 19s
Rendered 8038/16242, time remaining: 9m 19s
Rendered 8039/16242, time remaining: 9m 19s
Rendered 8040/16242, time remaining: 9m 19s
Rendered 8041/16242, time remaining: 9m 19s
Rendered 8042/16242, time remaining: 9m 19s
Rendered 8043/16242, time remaining: 9m 19s
Rendered 8044/16242, time remaining: 9m 19s
Rendered 8045/16242, time remaining: 9m 19s
Rendered 8046/16242, time remaining: 9m 19s
Rendered 8047/16242, time remaining: 9m 19s
Rendered 8048/16242, time remaining: 9m 19s
Rendered 8049/16242, time remaining: 9m 19s
Rendered 8050/16242, time remaining: 9m 19s
Rendered 8051/16242, time remaining: 9m 18s
Rendered 8052/16242, time remaining: 9m 18s
Rendered 8053/16242, time remaining: 9m 18s
Rendered 8054/16242, time remaining: 9m 18s
Rendered 8055/16242, time remaining: 9m 18s
Rendered 8056/16242, time remaining: 9m 18s
Rendered 8057/16242, time remaining: 9m 18s
Rendered 8058/16242, time remaining: 9m 18s
Rendered 8059/16242, time remaining: 9m 18s
Rendered 8060/16242, time remaining: 9m 18s
Rendered 8061/16242, time remaining: 9m 18s
Rendered 8062/16242, time remaining: 9m 18s
Rendered 8063/16242, time remaining: 9m 18s
Rendered 8064/16242, time remaining: 9m 18s
Rendered 8065/16242, time remaining: 9m 18s
Rendered 8066/16242, time remaining: 9m 17s
Rendered 8067/16242, time remaining: 9m 17s
Rendered 8068/16242, time remaining: 9m 17s
Rendered 8069/16242, time remaining: 9m 17s
Rendered 8070/16242, time remaining: 9m 17s
Rendered 8071/16242, time remaining: 9m 17s
Rendered 8072/16242, time remaining: 9m 17s
Rendered 8073/16242, time remaining: 9m 17s
Rendered 8074/16242, time remaining: 9m 17s
Rendered 8075/16242, time remaining: 9m 17s
Rendered 8076/16242, time remaining: 9m 17s
Rendered 8077/16242, time remaining: 9m 17s
Rendered 8078/16242, time remaining: 9m 17s
Rendered 8079/16242, time remaining: 9m 17s
Rendered 8080/16242, time remaining: 9m 17s
Rendered 8081/16242, time remaining: 9m 16s
Rendered 8082/16242, time remaining: 9m 16s
Rendered 8083/16242, time remaining: 9m 16s
Rendered 8084/16242, time remaining: 9m 16s
Rendered 8085/16242, time remaining: 9m 16s
Rendered 8086/16242, time remaining: 9m 16s
Rendered 8087/16242, time remaining: 9m 16s
Rendered 8088/16242, time remaining: 9m 16s
Rendered 8089/16242, time remaining: 9m 16s
Rendered 8090/16242, time remaining: 9m 16s
Rendered 8091/16242, time remaining: 9m 16s
Rendered 8092/16242, time remaining: 9m 16s
Rendered 8093/16242, time remaining: 9m 16s
Rendered 8094/16242, time remaining: 9m 16s
Rendered 8095/16242, time remaining: 9m 16s
Rendered 8096/16242, time remaining: 9m 16s
Rendered 8097/16242, time remaining: 9m 16s
Rendered 8098/16242, time remaining: 9m 15s
Rendered 8099/16242, time remaining: 9m 15s
Rendered 8100/16242, time remaining: 9m 15s
Rendered 8101/16242, time remaining: 9m 15s
Rendered 8102/16242, time remaining: 9m 15s
Rendered 8103/16242, time remaining: 9m 15s
Rendered 8104/16242, time remaining: 9m 15s
Rendered 8105/16242, time remaining: 9m 15s
Rendered 8106/16242, time remaining: 9m 15s
Rendered 8107/16242, time remaining: 9m 15s
Rendered 8108/16242, time remaining: 9m 15s
Rendered 8109/16242, time remaining: 9m 15s
Rendered 8110/16242, time remaining: 9m 15s
Rendered 8111/16242, time remaining: 9m 15s
Rendered 8112/16242, time remaining: 9m 15s
Rendered 8113/16242, time remaining: 9m 14s
Rendered 8114/16242, time remaining: 9m 14s
Rendered 8115/16242, time remaining: 9m 14s
Rendered 8116/16242, time remaining: 9m 14s
Rendered 8117/16242, time remaining: 9m 14s
Rendered 8118/16242, time remaining: 9m 14s
Rendered 8119/16242, time remaining: 9m 14s
Rendered 8120/16242, time remaining: 9m 14s
Rendered 8121/16242, time remaining: 9m 14s
Rendered 8122/16242, time remaining: 9m 14s
Rendered 8123/16242, time remaining: 9m 14s
Rendered 8124/16242, time remaining: 9m 14s
Rendered 8125/16242, time remaining: 9m 14s
Rendered 8126/16242, time remaining: 9m 14s
Rendered 8127/16242, time remaining: 9m 14s
Rendered 8128/16242, time remaining: 9m 13s
Rendered 8129/16242, time remaining: 9m 13s
Rendered 8130/16242, time remaining: 9m 13s
Rendered 8131/16242, time remaining: 9m 13s
Rendered 8132/16242, time remaining: 9m 13s
Rendered 8133/16242, time remaining: 9m 13s
Rendered 8134/16242, time remaining: 9m 13s
Rendered 8135/16242, time remaining: 9m 13s
Rendered 8136/16242, time remaining: 9m 13s
Rendered 8137/16242, time remaining: 9m 13s
Rendered 8138/16242, time remaining: 9m 13s
Rendered 8139/16242, time remaining: 9m 13s
Rendered 8140/16242, time remaining: 9m 13s
Rendered 8141/16242, time remaining: 9m 13s
Rendered 8142/16242, time remaining: 9m 12s
Rendered 8143/16242, time remaining: 9m 12s
Rendered 8144/16242, time remaining: 9m 12s
Rendered 8145/16242, time remaining: 9m 12s
Rendered 8146/16242, time remaining: 9m 12s
Rendered 8147/16242, time remaining: 9m 12s
Rendered 8148/16242, time remaining: 9m 12s
Rendered 8149/16242, time remaining: 9m 12s
Rendered 8150/16242, time remaining: 9m 12s
Rendered 8151/16242, time remaining: 9m 12s
Rendered 8152/16242, time remaining: 9m 12s
Rendered 8153/16242, time remaining: 9m 12s
Rendered 8154/16242, time remaining: 9m 12s
Rendered 8155/16242, time remaining: 9m 12s
Rendered 8156/16242, time remaining: 9m 11s
Rendered 8157/16242, time remaining: 9m 11s
Rendered 8158/16242, time remaining: 9m 11s
Rendered 8159/16242, time remaining: 9m 11s
Rendered 8160/16242, time remaining: 9m 11s
Rendered 8161/16242, time remaining: 9m 11s
Rendered 8162/16242, time remaining: 9m 11s
Rendered 8163/16242, time remaining: 9m 11s
Rendered 8164/16242, time remaining: 9m 11s
Rendered 8165/16242, time remaining: 9m 11s
Rendered 8166/16242, time remaining: 9m 11s
Rendered 8167/16242, time remaining: 9m 11s
Rendered 8168/16242, time remaining: 9m 11s
Rendered 8169/16242, time remaining: 9m 11s
Rendered 8170/16242, time remaining: 9m 10s
Rendered 8171/16242, time remaining: 9m 10s
Rendered 8172/16242, time remaining: 9m 10s
Rendered 8173/16242, time remaining: 9m 10s
Rendered 8174/16242, time remaining: 9m 10s
Rendered 8175/16242, time remaining: 9m 10s
Rendered 8176/16242, time remaining: 9m 10s
Rendered 8177/16242, time remaining: 9m 10s
Rendered 8178/16242, time remaining: 9m 10s
Rendered 8179/16242, time remaining: 9m 10s
Rendered 8180/16242, time remaining: 9m 10s
Rendered 8181/16242, time remaining: 9m 10s
Rendered 8182/16242, time remaining: 9m 10s
Rendered 8183/16242, time remaining: 9m 10s
Rendered 8184/16242, time remaining: 9m 10s
Rendered 8185/16242, time remaining: 9m 9s
Rendered 8186/16242, time remaining: 9m 9s
Rendered 8187/16242, time remaining: 9m 9s
Rendered 8188/16242, time remaining: 9m 9s
Rendered 8189/16242, time remaining: 9m 9s
Rendered 8190/16242, time remaining: 9m 9s
Rendered 8191/16242, time remaining: 9m 9s
Rendered 8192/16242, time remaining: 9m 9s
Rendered 8193/16242, time remaining: 9m 9s
Rendered 8194/16242, time remaining: 9m 9s
Rendered 8195/16242, time remaining: 9m 9s
Rendered 8196/16242, time remaining: 9m 9s
Rendered 8197/16242, time remaining: 9m 9s
Rendered 8198/16242, time remaining: 9m 9s
Rendered 8199/16242, time remaining: 9m 8s
Rendered 8200/16242, time remaining: 9m 8s
Rendered 8201/16242, time remaining: 9m 8s
Rendered 8202/16242, time remaining: 9m 8s
Rendered 8203/16242, time remaining: 9m 8s
Rendered 8204/16242, time remaining: 9m 8s
Rendered 8205/16242, time remaining: 9m 8s
Rendered 8206/16242, time remaining: 9m 8s
Rendered 8207/16242, time remaining: 9m 8s
Rendered 8208/16242, time remaining: 9m 8s
Rendered 8209/16242, time remaining: 9m 8s
Rendered 8210/16242, time remaining: 9m 8s
Rendered 8211/16242, time remaining: 9m 8s
Rendered 8212/16242, time remaining: 9m 8s
Rendered 8213/16242, time remaining: 9m 8s
Rendered 8214/16242, time remaining: 9m 7s
Rendered 8215/16242, time remaining: 9m 7s
Rendered 8216/16242, time remaining: 9m 7s
Rendered 8217/16242, time remaining: 9m 7s
Rendered 8218/16242, time remaining: 9m 7s
Rendered 8219/16242, time remaining: 9m 7s
Rendered 8220/16242, time remaining: 9m 7s
Rendered 8221/16242, time remaining: 9m 7s
Rendered 8222/16242, time remaining: 9m 7s
Rendered 8223/16242, time remaining: 9m 7s
Rendered 8224/16242, time remaining: 9m 7s
Rendered 8225/16242, time remaining: 9m 7s
Rendered 8226/16242, time remaining: 9m 7s
Rendered 8227/16242, time remaining: 9m 7s
Rendered 8228/16242, time remaining: 9m 6s
Rendered 8229/16242, time remaining: 9m 6s
Rendered 8230/16242, time remaining: 9m 6s
Rendered 8231/16242, time remaining: 9m 6s
Rendered 8232/16242, time remaining: 9m 6s
Rendered 8233/16242, time remaining: 9m 6s
Rendered 8234/16242, time remaining: 9m 6s
Rendered 8235/16242, time remaining: 9m 6s
Rendered 8236/16242, time remaining: 9m 6s
Rendered 8237/16242, time remaining: 9m 6s
Rendered 8238/16242, time remaining: 9m 6s
Rendered 8239/16242, time remaining: 9m 6s
Rendered 8240/16242, time remaining: 9m 6s
Rendered 8241/16242, time remaining: 9m 6s
Rendered 8242/16242, time remaining: 9m 6s
Rendered 8243/16242, time remaining: 9m 5s
Rendered 8244/16242, time remaining: 9m 5s
Rendered 8245/16242, time remaining: 9m 5s
Rendered 8246/16242, time remaining: 9m 5s
Rendered 8247/16242, time remaining: 9m 5s
Rendered 8248/16242, time remaining: 9m 5s
Rendered 8249/16242, time remaining: 9m 5s
Rendered 8250/16242, time remaining: 9m 5s
Rendered 8251/16242, time remaining: 9m 5s
Rendered 8252/16242, time remaining: 9m 5s
Rendered 8253/16242, time remaining: 9m 5s
Rendered 8254/16242, time remaining: 9m 5s
Rendered 8255/16242, time remaining: 9m 5s
Rendered 8256/16242, time remaining: 9m 5s
Rendered 8257/16242, time remaining: 9m 4s
Rendered 8258/16242, time remaining: 9m 4s
Rendered 8259/16242, time remaining: 9m 4s
Rendered 8260/16242, time remaining: 9m 4s
Rendered 8261/16242, time remaining: 9m 4s
Rendered 8262/16242, time remaining: 9m 4s
Rendered 8263/16242, time remaining: 9m 4s
Rendered 8264/16242, time remaining: 9m 4s
Rendered 8265/16242, time remaining: 9m 4s
Rendered 8266/16242, time remaining: 9m 4s
Rendered 8267/16242, time remaining: 9m 4s
Rendered 8268/16242, time remaining: 9m 4s
Rendered 8269/16242, time remaining: 9m 4s
Rendered 8270/16242, time remaining: 9m 4s
Rendered 8271/16242, time remaining: 9m 3s
Rendered 8272/16242, time remaining: 9m 3s
Rendered 8273/16242, time remaining: 9m 3s
Rendered 8274/16242, time remaining: 9m 3s
Rendered 8275/16242, time remaining: 9m 3s
Rendered 8276/16242, time remaining: 9m 3s
Rendered 8277/16242, time remaining: 9m 3s
Rendered 8278/16242, time remaining: 9m 3s
Rendered 8279/16242, time remaining: 9m 3s
Rendered 8280/16242, time remaining: 9m 3s
Rendered 8281/16242, time remaining: 9m 3s
Rendered 8282/16242, time remaining: 9m 3s
Rendered 8283/16242, time remaining: 9m 3s
Rendered 8284/16242, time remaining: 9m 3s
Rendered 8285/16242, time remaining: 9m 2s
Rendered 8286/16242, time remaining: 9m 2s
Rendered 8287/16242, time remaining: 9m 2s
Rendered 8288/16242, time remaining: 9m 2s
Rendered 8289/16242, time remaining: 9m 2s
Rendered 8290/16242, time remaining: 9m 2s
Rendered 8291/16242, time remaining: 9m 2s
Rendered 8292/16242, time remaining: 9m 2s
Rendered 8293/16242, time remaining: 9m 2s
Rendered 8294/16242, time remaining: 9m 2s
Rendered 8295/16242, time remaining: 9m 2s
Rendered 8296/16242, time remaining: 9m 2s
Rendered 8297/16242, time remaining: 9m 2s
Rendered 8298/16242, time remaining: 9m 2s
Rendered 8299/16242, time remaining: 9m 2s
Rendered 8300/16242, time remaining: 9m 1s
Rendered 8301/16242, time remaining: 9m 1s
Rendered 8302/16242, time remaining: 9m 1s
Rendered 8303/16242, time remaining: 9m 1s
Rendered 8304/16242, time remaining: 9m 1s
Rendered 8305/16242, time remaining: 9m 1s
Rendered 8306/16242, time remaining: 9m 1s
Rendered 8307/16242, time remaining: 9m 1s
Rendered 8308/16242, time remaining: 9m 1s
Rendered 8309/16242, time remaining: 9m 1s
Rendered 8310/16242, time remaining: 9m 1s
Rendered 8311/16242, time remaining: 9m 1s
Rendered 8312/16242, time remaining: 9m 1s
Rendered 8313/16242, time remaining: 9m 1s
Rendered 8314/16242, time remaining: 9m 0s
Rendered 8315/16242, time remaining: 9m 0s
Rendered 8316/16242, time remaining: 9m 0s
Rendered 8317/16242, time remaining: 9m 0s
Rendered 8318/16242, time remaining: 9m 0s
Rendered 8319/16242, time remaining: 9m 0s
Rendered 8320/16242, time remaining: 9m 0s
Rendered 8321/16242, time remaining: 9m 0s
Rendered 8322/16242, time remaining: 9m 0s
Rendered 8323/16242, time remaining: 9m 0s
Rendered 8324/16242, time remaining: 9m 0s
Rendered 8325/16242, time remaining: 9m 0s
Rendered 8326/16242, time remaining: 9m 0s
Rendered 8327/16242, time remaining: 9m 0s
Rendered 8328/16242, time remaining: 9m 0s
Rendered 8329/16242, time remaining: 9m 0s
Rendered 8330/16242, time remaining: 9m 0s
Rendered 8331/16242, time remaining: 8m 59s
Rendered 8332/16242, time remaining: 8m 59s
Rendered 8333/16242, time remaining: 8m 59s
Rendered 8334/16242, time remaining: 8m 59s
Rendered 8335/16242, time remaining: 8m 59s
Rendered 8336/16242, time remaining: 8m 59s
Rendered 8337/16242, time remaining: 8m 59s
Rendered 8338/16242, time remaining: 8m 59s
Rendered 8339/16242, time remaining: 8m 59s
Rendered 8340/16242, time remaining: 8m 59s
Rendered 8341/16242, time remaining: 8m 59s
Rendered 8342/16242, time remaining: 8m 59s
Rendered 8343/16242, time remaining: 8m 59s
Rendered 8344/16242, time remaining: 8m 59s
Rendered 8345/16242, time remaining: 8m 58s
Rendered 8346/16242, time remaining: 8m 58s
Rendered 8347/16242, time remaining: 8m 58s
Rendered 8348/16242, time remaining: 8m 58s
Rendered 8349/16242, time remaining: 8m 58s
Rendered 8350/16242, time remaining: 8m 58s
Rendered 8351/16242, time remaining: 8m 58s
Rendered 8352/16242, time remaining: 8m 58s
Rendered 8353/16242, time remaining: 8m 58s
Rendered 8354/16242, time remaining: 8m 58s
Rendered 8355/16242, time remaining: 8m 58s
Rendered 8356/16242, time remaining: 8m 58s
Rendered 8357/16242, time remaining: 8m 58s
Rendered 8358/16242, time remaining: 8m 58s
Rendered 8359/16242, time remaining: 8m 57s
Rendered 8360/16242, time remaining: 8m 57s
Rendered 8361/16242, time remaining: 8m 57s
Rendered 8362/16242, time remaining: 8m 57s
Rendered 8363/16242, time remaining: 8m 57s
Rendered 8364/16242, time remaining: 8m 57s
Rendered 8365/16242, time remaining: 8m 57s
Rendered 8366/16242, time remaining: 8m 57s
Rendered 8367/16242, time remaining: 8m 57s
Rendered 8368/16242, time remaining: 8m 57s
Rendered 8369/16242, time remaining: 8m 57s
Rendered 8370/16242, time remaining: 8m 57s
Rendered 8371/16242, time remaining: 8m 57s
Rendered 8372/16242, time remaining: 8m 57s
Rendered 8373/16242, time remaining: 8m 57s
Rendered 8374/16242, time remaining: 8m 56s
Rendered 8375/16242, time remaining: 8m 56s
Rendered 8376/16242, time remaining: 8m 56s
Rendered 8377/16242, time remaining: 8m 56s
Rendered 8378/16242, time remaining: 8m 56s
Rendered 8379/16242, time remaining: 8m 56s
Rendered 8380/16242, time remaining: 8m 56s
Rendered 8381/16242, time remaining: 8m 56s
Rendered 8382/16242, time remaining: 8m 56s
Rendered 8383/16242, time remaining: 8m 56s
Rendered 8384/16242, time remaining: 8m 56s
Rendered 8385/16242, time remaining: 8m 56s
Rendered 8386/16242, time remaining: 8m 56s
Rendered 8387/16242, time remaining: 8m 56s
Rendered 8388/16242, time remaining: 8m 56s
Rendered 8389/16242, time remaining: 8m 55s
Rendered 8390/16242, time remaining: 8m 55s
Rendered 8391/16242, time remaining: 8m 55s
Rendered 8392/16242, time remaining: 8m 55s
Rendered 8393/16242, time remaining: 8m 55s
Rendered 8394/16242, time remaining: 8m 55s
Rendered 8395/16242, time remaining: 8m 55s
Rendered 8396/16242, time remaining: 8m 55s
Rendered 8397/16242, time remaining: 8m 55s
Rendered 8398/16242, time remaining: 8m 55s
Rendered 8399/16242, time remaining: 8m 55s
Rendered 8400/16242, time remaining: 8m 55s
Rendered 8401/16242, time remaining: 8m 55s
Rendered 8402/16242, time remaining: 8m 55s
Rendered 8403/16242, time remaining: 8m 54s
Rendered 8404/16242, time remaining: 8m 54s
Rendered 8405/16242, time remaining: 8m 54s
Rendered 8406/16242, time remaining: 8m 54s
Rendered 8407/16242, time remaining: 8m 54s
Rendered 8408/16242, time remaining: 8m 54s
Rendered 8409/16242, time remaining: 8m 54s
Rendered 8410/16242, time remaining: 8m 54s
Rendered 8411/16242, time remaining: 8m 54s
Rendered 8412/16242, time remaining: 8m 54s
Rendered 8413/16242, time remaining: 8m 54s
Rendered 8414/16242, time remaining: 8m 54s
Rendered 8415/16242, time remaining: 8m 54s
Rendered 8416/16242, time remaining: 8m 54s
Rendered 8417/16242, time remaining: 8m 54s
Rendered 8418/16242, time remaining: 8m 53s
Rendered 8419/16242, time remaining: 8m 53s
Rendered 8420/16242, time remaining: 8m 53s
Rendered 8421/16242, time remaining: 8m 53s
Rendered 8422/16242, time remaining: 8m 53s
Rendered 8423/16242, time remaining: 8m 53s
Rendered 8424/16242, time remaining: 8m 53s
Rendered 8425/16242, time remaining: 8m 53s
Rendered 8426/16242, time remaining: 8m 53s
Rendered 8427/16242, time remaining: 8m 53s
Rendered 8428/16242, time remaining: 8m 53s
Rendered 8429/16242, time remaining: 8m 53s
Rendered 8430/16242, time remaining: 8m 53s
Rendered 8431/16242, time remaining: 8m 53s
Rendered 8432/16242, time remaining: 8m 52s
Rendered 8433/16242, time remaining: 8m 52s
Rendered 8434/16242, time remaining: 8m 52s
Rendered 8435/16242, time remaining: 8m 52s
Rendered 8436/16242, time remaining: 8m 52s
Rendered 8437/16242, time remaining: 8m 52s
Rendered 8438/16242, time remaining: 8m 52s
Rendered 8439/16242, time remaining: 8m 52s
Rendered 8440/16242, time remaining: 8m 52s
Rendered 8441/16242, time remaining: 8m 52s
Rendered 8442/16242, time remaining: 8m 52s
Rendered 8443/16242, time remaining: 8m 52s
Rendered 8444/16242, time remaining: 8m 52s
Rendered 8445/16242, time remaining: 8m 52s
Rendered 8446/16242, time remaining: 8m 52s
Rendered 8447/16242, time remaining: 8m 51s
Rendered 8448/16242, time remaining: 8m 51s
Rendered 8449/16242, time remaining: 8m 51s
Rendered 8450/16242, time remaining: 8m 51s
Rendered 8451/16242, time remaining: 8m 51s
Rendered 8452/16242, time remaining: 8m 51s
Rendered 8453/16242, time remaining: 8m 51s
Rendered 8454/16242, time remaining: 8m 51s
Rendered 8455/16242, time remaining: 8m 51s
Rendered 8456/16242, time remaining: 8m 51s
Rendered 8457/16242, time remaining: 8m 51s
Rendered 8458/16242, time remaining: 8m 51s
Rendered 8459/16242, time remaining: 8m 51s
Rendered 8460/16242, time remaining: 8m 51s
Rendered 8461/16242, time remaining: 8m 50s
Rendered 8462/16242, time remaining: 8m 50s
Rendered 8463/16242, time remaining: 8m 50s
Rendered 8464/16242, time remaining: 8m 50s
Rendered 8465/16242, time remaining: 8m 50s
Rendered 8466/16242, time remaining: 8m 50s
Rendered 8467/16242, time remaining: 8m 50s
Rendered 8468/16242, time remaining: 8m 50s
Rendered 8469/16242, time remaining: 8m 50s
Rendered 8470/16242, time remaining: 8m 50s
Rendered 8471/16242, time remaining: 8m 50s
Rendered 8472/16242, time remaining: 8m 50s
Rendered 8473/16242, time remaining: 8m 50s
Rendered 8474/16242, time remaining: 8m 50s
Rendered 8475/16242, time remaining: 8m 49s
Rendered 8476/16242, time remaining: 8m 49s
Rendered 8477/16242, time remaining: 8m 49s
Rendered 8478/16242, time remaining: 8m 49s
Rendered 8479/16242, time remaining: 8m 49s
Rendered 8480/16242, time remaining: 8m 49s
Rendered 8481/16242, time remaining: 8m 49s
Rendered 8482/16242, time remaining: 8m 49s
Rendered 8483/16242, time remaining: 8m 49s
Rendered 8484/16242, time remaining: 8m 49s
Rendered 8485/16242, time remaining: 8m 49s
Rendered 8486/16242, time remaining: 8m 49s
Rendered 8487/16242, time remaining: 8m 49s
Rendered 8488/16242, time remaining: 8m 49s
Rendered 8489/16242, time remaining: 8m 48s
Rendered 8490/16242, time remaining: 8m 48s
Rendered 8491/16242, time remaining: 8m 48s
Rendered 8492/16242, time remaining: 8m 48s
Rendered 8493/16242, time remaining: 8m 48s
Rendered 8494/16242, time remaining: 8m 48s
Rendered 8495/16242, time remaining: 8m 48s
Rendered 8496/16242, time remaining: 8m 48s
Rendered 8497/16242, time remaining: 8m 48s
Rendered 8498/16242, time remaining: 8m 48s
Rendered 8499/16242, time remaining: 8m 48s
Rendered 8500/16242, time remaining: 8m 48s
Rendered 8501/16242, time remaining: 8m 48s
Rendered 8502/16242, time remaining: 8m 48s
Rendered 8503/16242, time remaining: 8m 48s
Rendered 8504/16242, time remaining: 8m 47s
Rendered 8505/16242, time remaining: 8m 47s
Rendered 8506/16242, time remaining: 8m 47s
Rendered 8507/16242, time remaining: 8m 47s
Rendered 8508/16242, time remaining: 8m 47s
Rendered 8509/16242, time remaining: 8m 47s
Rendered 8510/16242, time remaining: 8m 47s
Rendered 8511/16242, time remaining: 8m 47s
Rendered 8512/16242, time remaining: 8m 47s
Rendered 8513/16242, time remaining: 8m 47s
Rendered 8514/16242, time remaining: 8m 47s
Rendered 8515/16242, time remaining: 8m 47s
Rendered 8516/16242, time remaining: 8m 47s
Rendered 8517/16242, time remaining: 8m 47s
Rendered 8518/16242, time remaining: 8m 46s
Rendered 8519/16242, time remaining: 8m 46s
Rendered 8520/16242, time remaining: 8m 46s
Rendered 8521/16242, time remaining: 8m 46s
Rendered 8522/16242, time remaining: 8m 46s
Rendered 8523/16242, time remaining: 8m 46s
Rendered 8524/16242, time remaining: 8m 46s
Rendered 8525/16242, time remaining: 8m 46s
Rendered 8526/16242, time remaining: 8m 46s
Rendered 8527/16242, time remaining: 8m 46s
Rendered 8528/16242, time remaining: 8m 46s
Rendered 8529/16242, time remaining: 8m 46s
Rendered 8530/16242, time remaining: 8m 46s
Rendered 8531/16242, time remaining: 8m 46s
Rendered 8532/16242, time remaining: 8m 45s
Rendered 8533/16242, time remaining: 8m 45s
Rendered 8534/16242, time remaining: 8m 45s
Rendered 8535/16242, time remaining: 8m 45s
Rendered 8536/16242, time remaining: 8m 45s
Rendered 8537/16242, time remaining: 8m 45s
Rendered 8538/16242, time remaining: 8m 45s
Rendered 8539/16242, time remaining: 8m 45s
Rendered 8540/16242, time remaining: 8m 45s
Rendered 8541/16242, time remaining: 8m 45s
Rendered 8542/16242, time remaining: 8m 45s
Rendered 8543/16242, time remaining: 8m 45s
Rendered 8544/16242, time remaining: 8m 45s
Rendered 8545/16242, time remaining: 8m 45s
Rendered 8546/16242, time remaining: 8m 45s
Rendered 8547/16242, time remaining: 8m 44s
Rendered 8548/16242, time remaining: 8m 44s
Rendered 8549/16242, time remaining: 8m 44s
Rendered 8550/16242, time remaining: 8m 44s
Rendered 8551/16242, time remaining: 8m 44s
Rendered 8552/16242, time remaining: 8m 44s
Rendered 8553/16242, time remaining: 8m 44s
Rendered 8554/16242, time remaining: 8m 44s
Rendered 8555/16242, time remaining: 8m 44s
Rendered 8556/16242, time remaining: 8m 44s
Rendered 8557/16242, time remaining: 8m 44s
Rendered 8558/16242, time remaining: 8m 44s
Rendered 8559/16242, time remaining: 8m 44s
Rendered 8560/16242, time remaining: 8m 44s
Rendered 8561/16242, time remaining: 8m 43s
Rendered 8562/16242, time remaining: 8m 43s
Rendered 8563/16242, time remaining: 8m 43s
Rendered 8564/16242, time remaining: 8m 43s
Rendered 8565/16242, time remaining: 8m 43s
Rendered 8566/16242, time remaining: 8m 43s
Rendered 8567/16242, time remaining: 8m 43s
Rendered 8568/16242, time remaining: 8m 43s
Rendered 8569/16242, time remaining: 8m 43s
Rendered 8570/16242, time remaining: 8m 43s
Rendered 8571/16242, time remaining: 8m 43s
Rendered 8572/16242, time remaining: 8m 43s
Rendered 8573/16242, time remaining: 8m 43s
Rendered 8574/16242, time remaining: 8m 43s
Rendered 8575/16242, time remaining: 8m 42s
Rendered 8576/16242, time remaining: 8m 42s
Rendered 8577/16242, time remaining: 8m 42s
Rendered 8578/16242, time remaining: 8m 42s
Rendered 8579/16242, time remaining: 8m 42s
Rendered 8580/16242, time remaining: 8m 42s
Rendered 8581/16242, time remaining: 8m 42s
Rendered 8582/16242, time remaining: 8m 42s
Rendered 8583/16242, time remaining: 8m 42s
Rendered 8584/16242, time remaining: 8m 42s
Rendered 8585/16242, time remaining: 8m 42s
Rendered 8586/16242, time remaining: 8m 42s
Rendered 8587/16242, time remaining: 8m 42s
Rendered 8588/16242, time remaining: 8m 42s
Rendered 8589/16242, time remaining: 8m 41s
Rendered 8590/16242, time remaining: 8m 41s
Rendered 8591/16242, time remaining: 8m 41s
Rendered 8592/16242, time remaining: 8m 41s
Rendered 8593/16242, time remaining: 8m 41s
Rendered 8594/16242, time remaining: 8m 41s
Rendered 8595/16242, time remaining: 8m 41s
Rendered 8596/16242, time remaining: 8m 41s
Rendered 8597/16242, time remaining: 8m 41s
Rendered 8598/16242, time remaining: 8m 41s
Rendered 8599/16242, time remaining: 8m 41s
Rendered 8600/16242, time remaining: 8m 41s
Rendered 8601/16242, time remaining: 8m 41s
Rendered 8602/16242, time remaining: 8m 41s
Rendered 8603/16242, time remaining: 8m 41s
Rendered 8604/16242, time remaining: 8m 40s
Rendered 8605/16242, time remaining: 8m 40s
Rendered 8606/16242, time remaining: 8m 40s
Rendered 8607/16242, time remaining: 8m 40s
Rendered 8608/16242, time remaining: 8m 40s
Rendered 8609/16242, time remaining: 8m 40s
Rendered 8610/16242, time remaining: 8m 40s
Rendered 8611/16242, time remaining: 8m 40s
Rendered 8612/16242, time remaining: 8m 40s
Rendered 8613/16242, time remaining: 8m 40s
Rendered 8614/16242, time remaining: 8m 40s
Rendered 8615/16242, time remaining: 8m 40s
Rendered 8616/16242, time remaining: 8m 40s
Rendered 8617/16242, time remaining: 8m 40s
Rendered 8618/16242, time remaining: 8m 40s
Rendered 8619/16242, time remaining: 8m 39s
Rendered 8620/16242, time remaining: 8m 39s
Rendered 8621/16242, time remaining: 8m 39s
Rendered 8622/16242, time remaining: 8m 39s
Rendered 8623/16242, time remaining: 8m 39s
Rendered 8624/16242, time remaining: 8m 39s
Rendered 8625/16242, time remaining: 8m 39s
Rendered 8626/16242, time remaining: 8m 39s
Rendered 8627/16242, time remaining: 8m 39s
Rendered 8628/16242, time remaining: 8m 39s
Rendered 8629/16242, time remaining: 8m 39s
Rendered 8630/16242, time remaining: 8m 39s
Rendered 8631/16242, time remaining: 8m 39s
Rendered 8632/16242, time remaining: 8m 39s
Rendered 8633/16242, time remaining: 8m 38s
Rendered 8634/16242, time remaining: 8m 38s
Rendered 8635/16242, time remaining: 8m 38s
Rendered 8636/16242, time remaining: 8m 38s
Rendered 8637/16242, time remaining: 8m 38s
Rendered 8638/16242, time remaining: 8m 38s
Rendered 8639/16242, time remaining: 8m 38s
Rendered 8640/16242, time remaining: 8m 38s
Rendered 8641/16242, time remaining: 8m 38s
Rendered 8642/16242, time remaining: 8m 38s
Rendered 8643/16242, time remaining: 8m 38s
Rendered 8644/16242, time remaining: 8m 38s
Rendered 8645/16242, time remaining: 8m 38s
Rendered 8646/16242, time remaining: 8m 38s
Rendered 8647/16242, time remaining: 8m 37s
Rendered 8648/16242, time remaining: 8m 37s
Rendered 8649/16242, time remaining: 8m 37s
Rendered 8650/16242, time remaining: 8m 37s
Rendered 8651/16242, time remaining: 8m 37s
Rendered 8652/16242, time remaining: 8m 37s
Rendered 8653/16242, time remaining: 8m 37s
Rendered 8654/16242, time remaining: 8m 37s
Rendered 8655/16242, time remaining: 8m 37s
Rendered 8656/16242, time remaining: 8m 37s
Rendered 8657/16242, time remaining: 8m 37s
Rendered 8658/16242, time remaining: 8m 37s
Rendered 8659/16242, time remaining: 8m 37s
Rendered 8660/16242, time remaining: 8m 37s
Rendered 8661/16242, time remaining: 8m 37s
Rendered 8662/16242, time remaining: 8m 36s
Rendered 8663/16242, time remaining: 8m 36s
Rendered 8664/16242, time remaining: 8m 36s
Rendered 8665/16242, time remaining: 8m 36s
Rendered 8666/16242, time remaining: 8m 36s
Rendered 8667/16242, time remaining: 8m 36s
Rendered 8668/16242, time remaining: 8m 36s
Rendered 8669/16242, time remaining: 8m 36s
Rendered 8670/16242, time remaining: 8m 36s
Rendered 8671/16242, time remaining: 8m 36s
Rendered 8672/16242, time remaining: 8m 36s
Rendered 8673/16242, time remaining: 8m 36s
Rendered 8674/16242, time remaining: 8m 36s
Rendered 8675/16242, time remaining: 8m 36s
Rendered 8676/16242, time remaining: 8m 35s
Rendered 8677/16242, time remaining: 8m 35s
Rendered 8678/16242, time remaining: 8m 35s
Rendered 8679/16242, time remaining: 8m 35s
Rendered 8680/16242, time remaining: 8m 35s
Rendered 8681/16242, time remaining: 8m 35s
Rendered 8682/16242, time remaining: 8m 35s
Rendered 8683/16242, time remaining: 8m 35s
Rendered 8684/16242, time remaining: 8m 35s
Rendered 8685/16242, time remaining: 8m 35s
Rendered 8686/16242, time remaining: 8m 35s
Rendered 8687/16242, time remaining: 8m 35s
Rendered 8688/16242, time remaining: 8m 35s
Rendered 8689/16242, time remaining: 8m 35s
Rendered 8690/16242, time remaining: 8m 35s
Rendered 8691/16242, time remaining: 8m 34s
Rendered 8692/16242, time remaining: 8m 34s
Rendered 8693/16242, time remaining: 8m 34s
Rendered 8694/16242, time remaining: 8m 34s
Rendered 8695/16242, time remaining: 8m 34s
Rendered 8696/16242, time remaining: 8m 34s
Rendered 8697/16242, time remaining: 8m 34s
Rendered 8698/16242, time remaining: 8m 34s
Rendered 8699/16242, time remaining: 8m 34s
Rendered 8700/16242, time remaining: 8m 34s
Rendered 8701/16242, time remaining: 8m 34s
Rendered 8702/16242, time remaining: 8m 34s
Rendered 8703/16242, time remaining: 8m 34s
Rendered 8704/16242, time remaining: 8m 34s
Rendered 8705/16242, time remaining: 8m 33s
Rendered 8706/16242, time remaining: 8m 33s
Rendered 8707/16242, time remaining: 8m 33s
Rendered 8708/16242, time remaining: 8m 33s
Rendered 8709/16242, time remaining: 8m 33s
Rendered 8710/16242, time remaining: 8m 33s
Rendered 8711/16242, time remaining: 8m 33s
Rendered 8712/16242, time remaining: 8m 33s
Rendered 8713/16242, time remaining: 8m 33s
Rendered 8714/16242, time remaining: 8m 33s
Rendered 8715/16242, time remaining: 8m 33s
Rendered 8716/16242, time remaining: 8m 33s
Rendered 8717/16242, time remaining: 8m 33s
Rendered 8718/16242, time remaining: 8m 33s
Rendered 8719/16242, time remaining: 8m 33s
Rendered 8720/16242, time remaining: 8m 33s
Rendered 8721/16242, time remaining: 8m 32s
Rendered 8722/16242, time remaining: 8m 32s
Rendered 8723/16242, time remaining: 8m 32s
Rendered 8724/16242, time remaining: 8m 32s
Rendered 8725/16242, time remaining: 8m 32s
Rendered 8726/16242, time remaining: 8m 32s
Rendered 8727/16242, time remaining: 8m 32s
Rendered 8728/16242, time remaining: 8m 32s
Rendered 8729/16242, time remaining: 8m 32s
Rendered 8730/16242, time remaining: 8m 32s
Rendered 8731/16242, time remaining: 8m 32s
Rendered 8732/16242, time remaining: 8m 32s
Rendered 8733/16242, time remaining: 8m 32s
Rendered 8734/16242, time remaining: 8m 32s
Rendered 8735/16242, time remaining: 8m 31s
Rendered 8736/16242, time remaining: 8m 31s
Rendered 8737/16242, time remaining: 8m 31s
Rendered 8738/16242, time remaining: 8m 31s
Rendered 8739/16242, time remaining: 8m 31s
Rendered 8740/16242, time remaining: 8m 31s
Rendered 8741/16242, time remaining: 8m 31s
Rendered 8742/16242, time remaining: 8m 31s
Rendered 8743/16242, time remaining: 8m 31s
Rendered 8744/16242, time remaining: 8m 31s
Rendered 8745/16242, time remaining: 8m 31s
Rendered 8746/16242, time remaining: 8m 31s
Rendered 8747/16242, time remaining: 8m 31s
Rendered 8748/16242, time remaining: 8m 31s
Rendered 8749/16242, time remaining: 8m 30s
Rendered 8750/16242, time remaining: 8m 30s
Rendered 8751/16242, time remaining: 8m 30s
Rendered 8752/16242, time remaining: 8m 30s
Rendered 8753/16242, time remaining: 8m 30s
Rendered 8754/16242, time remaining: 8m 30s
Rendered 8755/16242, time remaining: 8m 30s
Rendered 8756/16242, time remaining: 8m 30s
Rendered 8757/16242, time remaining: 8m 30s
Rendered 8758/16242, time remaining: 8m 30s
Rendered 8759/16242, time remaining: 8m 30s
Rendered 8760/16242, time remaining: 8m 30s
Rendered 8761/16242, time remaining: 8m 30s
Rendered 8762/16242, time remaining: 8m 30s
Rendered 8763/16242, time remaining: 8m 30s
Rendered 8764/16242, time remaining: 8m 29s
Rendered 8765/16242, time remaining: 8m 29s
Rendered 8766/16242, time remaining: 8m 29s
Rendered 8767/16242, time remaining: 8m 29s
Rendered 8768/16242, time remaining: 8m 29s
Rendered 8769/16242, time remaining: 8m 29s
Rendered 8770/16242, time remaining: 8m 29s
Rendered 8771/16242, time remaining: 8m 29s
Rendered 8772/16242, time remaining: 8m 29s
Rendered 8773/16242, time remaining: 8m 29s
Rendered 8774/16242, time remaining: 8m 29s
Rendered 8775/16242, time remaining: 8m 29s
Rendered 8776/16242, time remaining: 8m 29s
Rendered 8777/16242, time remaining: 8m 29s
Rendered 8778/16242, time remaining: 8m 28s
Rendered 8779/16242, time remaining: 8m 28s
Rendered 8780/16242, time remaining: 8m 28s
Rendered 8781/16242, time remaining: 8m 28s
Rendered 8782/16242, time remaining: 8m 28s
Rendered 8783/16242, time remaining: 8m 28s
Rendered 8784/16242, time remaining: 8m 28s
Rendered 8785/16242, time remaining: 8m 28s
Rendered 8786/16242, time remaining: 8m 28s
Rendered 8787/16242, time remaining: 8m 28s
Rendered 8788/16242, time remaining: 8m 28s
Rendered 8789/16242, time remaining: 8m 28s
Rendered 8790/16242, time remaining: 8m 28s
Rendered 8791/16242, time remaining: 8m 28s
Rendered 8792/16242, time remaining: 8m 28s
Rendered 8793/16242, time remaining: 8m 27s
Rendered 8794/16242, time remaining: 8m 27s
Rendered 8795/16242, time remaining: 8m 27s
Rendered 8796/16242, time remaining: 8m 27s
Rendered 8797/16242, time remaining: 8m 27s
Rendered 8798/16242, time remaining: 8m 27s
Rendered 8799/16242, time remaining: 8m 27s
Rendered 8800/16242, time remaining: 8m 27s
Rendered 8801/16242, time remaining: 8m 27s
Rendered 8802/16242, time remaining: 8m 27s
Rendered 8803/16242, time remaining: 8m 27s
Rendered 8804/16242, time remaining: 8m 27s
Rendered 8805/16242, time remaining: 8m 27s
Rendered 8806/16242, time remaining: 8m 27s
Rendered 8807/16242, time remaining: 8m 26s
Rendered 8808/16242, time remaining: 8m 26s
Rendered 8809/16242, time remaining: 8m 26s
Rendered 8810/16242, time remaining: 8m 26s
Rendered 8811/16242, time remaining: 8m 26s
Rendered 8812/16242, time remaining: 8m 26s
Rendered 8813/16242, time remaining: 8m 26s
Rendered 8814/16242, time remaining: 8m 26s
Rendered 8815/16242, time remaining: 8m 26s
Rendered 8816/16242, time remaining: 8m 26s
Rendered 8817/16242, time remaining: 8m 26s
Rendered 8818/16242, time remaining: 8m 26s
Rendered 8819/16242, time remaining: 8m 26s
Rendered 8820/16242, time remaining: 8m 26s
Rendered 8821/16242, time remaining: 8m 25s
Rendered 8822/16242, time remaining: 8m 25s
Rendered 8823/16242, time remaining: 8m 25s
Rendered 8824/16242, time remaining: 8m 25s
Rendered 8825/16242, time remaining: 8m 25s
Rendered 8826/16242, time remaining: 8m 25s
Rendered 8827/16242, time remaining: 8m 25s
Rendered 8828/16242, time remaining: 8m 25s
Rendered 8829/16242, time remaining: 8m 25s
Rendered 8830/16242, time remaining: 8m 25s
Rendered 8831/16242, time remaining: 8m 25s
Rendered 8832/16242, time remaining: 8m 25s
Rendered 8833/16242, time remaining: 8m 25s
Rendered 8834/16242, time remaining: 8m 25s
Rendered 8835/16242, time remaining: 8m 25s
Rendered 8836/16242, time remaining: 8m 24s
Rendered 8837/16242, time remaining: 8m 24s
Rendered 8838/16242, time remaining: 8m 24s
Rendered 8839/16242, time remaining: 8m 24s
Rendered 8840/16242, time remaining: 8m 24s
Rendered 8841/16242, time remaining: 8m 24s
Rendered 8842/16242, time remaining: 8m 24s
Rendered 8843/16242, time remaining: 8m 24s
Rendered 8844/16242, time remaining: 8m 24s
Rendered 8845/16242, time remaining: 8m 24s
Rendered 8846/16242, time remaining: 8m 24s
Rendered 8847/16242, time remaining: 8m 24s
Rendered 8848/16242, time remaining: 8m 24s
Rendered 8849/16242, time remaining: 8m 24s
Rendered 8850/16242, time remaining: 8m 23s
Rendered 8851/16242, time remaining: 8m 23s
Rendered 8852/16242, time remaining: 8m 23s
Rendered 8853/16242, time remaining: 8m 23s
Rendered 8854/16242, time remaining: 8m 23s
Rendered 8855/16242, time remaining: 8m 23s
Rendered 8856/16242, time remaining: 8m 23s
Rendered 8857/16242, time remaining: 8m 23s
Rendered 8858/16242, time remaining: 8m 23s
Rendered 8859/16242, time remaining: 8m 23s
Rendered 8860/16242, time remaining: 8m 23s
Rendered 8861/16242, time remaining: 8m 23s
Rendered 8862/16242, time remaining: 8m 23s
Rendered 8863/16242, time remaining: 8m 23s
Rendered 8864/16242, time remaining: 8m 23s
Rendered 8865/16242, time remaining: 8m 22s
Rendered 8866/16242, time remaining: 8m 22s
Rendered 8867/16242, time remaining: 8m 22s
Rendered 8868/16242, time remaining: 8m 22s
Rendered 8869/16242, time remaining: 8m 22s
Rendered 8870/16242, time remaining: 8m 22s
Rendered 8871/16242, time remaining: 8m 22s
Rendered 8872/16242, time remaining: 8m 22s
Rendered 8873/16242, time remaining: 8m 22s
Rendered 8874/16242, time remaining: 8m 22s
Rendered 8875/16242, time remaining: 8m 22s
Rendered 8876/16242, time remaining: 8m 22s
Rendered 8877/16242, time remaining: 8m 22s
Rendered 8878/16242, time remaining: 8m 22s
Rendered 8879/16242, time remaining: 8m 21s
Rendered 8880/16242, time remaining: 8m 21s
Rendered 8881/16242, time remaining: 8m 21s
Rendered 8882/16242, time remaining: 8m 21s
Rendered 8883/16242, time remaining: 8m 21s
Rendered 8884/16242, time remaining: 8m 21s
Rendered 8885/16242, time remaining: 8m 21s
Rendered 8886/16242, time remaining: 8m 21s
Rendered 8887/16242, time remaining: 8m 21s
Rendered 8888/16242, time remaining: 8m 21s
Rendered 8889/16242, time remaining: 8m 21s
Rendered 8890/16242, time remaining: 8m 21s
Rendered 8891/16242, time remaining: 8m 21s
Rendered 8892/16242, time remaining: 8m 21s
Rendered 8893/16242, time remaining: 8m 21s
Rendered 8894/16242, time remaining: 8m 20s
Rendered 8895/16242, time remaining: 8m 20s
Rendered 8896/16242, time remaining: 8m 20s
Rendered 8897/16242, time remaining: 8m 20s
Rendered 8898/16242, time remaining: 8m 20s
Rendered 8899/16242, time remaining: 8m 20s
Rendered 8900/16242, time remaining: 8m 20s
Rendered 8901/16242, time remaining: 8m 20s
Rendered 8902/16242, time remaining: 8m 20s
Rendered 8903/16242, time remaining: 8m 20s
Rendered 8904/16242, time remaining: 8m 20s
Rendered 8905/16242, time remaining: 8m 20s
Rendered 8906/16242, time remaining: 8m 20s
Rendered 8907/16242, time remaining: 8m 20s
Rendered 8908/16242, time remaining: 8m 19s
Rendered 8909/16242, time remaining: 8m 19s
Rendered 8910/16242, time remaining: 8m 19s
Rendered 8911/16242, time remaining: 8m 19s
Rendered 8912/16242, time remaining: 8m 19s
Rendered 8913/16242, time remaining: 8m 19s
Rendered 8914/16242, time remaining: 8m 19s
Rendered 8915/16242, time remaining: 8m 19s
Rendered 8916/16242, time remaining: 8m 19s
Rendered 8917/16242, time remaining: 8m 19s
Rendered 8918/16242, time remaining: 8m 19s
Rendered 8919/16242, time remaining: 8m 19s
Rendered 8920/16242, time remaining: 8m 19s
Rendered 8921/16242, time remaining: 8m 19s
Rendered 8922/16242, time remaining: 8m 18s
Rendered 8923/16242, time remaining: 8m 18s
Rendered 8924/16242, time remaining: 8m 18s
Rendered 8925/16242, time remaining: 8m 18s
Rendered 8926/16242, time remaining: 8m 18s
Rendered 8927/16242, time remaining: 8m 18s
Rendered 8928/16242, time remaining: 8m 18s
Rendered 8929/16242, time remaining: 8m 18s
Rendered 8930/16242, time remaining: 8m 18s
Rendered 8931/16242, time remaining: 8m 18s
Rendered 8932/16242, time remaining: 8m 18s
Rendered 8933/16242, time remaining: 8m 18s
Rendered 8934/16242, time remaining: 8m 18s
Rendered 8935/16242, time remaining: 8m 18s
Rendered 8936/16242, time remaining: 8m 18s
Rendered 8937/16242, time remaining: 8m 17s
Rendered 8938/16242, time remaining: 8m 17s
Rendered 8939/16242, time remaining: 8m 17s
Rendered 8940/16242, time remaining: 8m 17s
Rendered 8941/16242, time remaining: 8m 17s
Rendered 8942/16242, time remaining: 8m 17s
Rendered 8943/16242, time remaining: 8m 17s
Rendered 8944/16242, time remaining: 8m 17s
Rendered 8945/16242, time remaining: 8m 17s
Rendered 8946/16242, time remaining: 8m 17s
Rendered 8947/16242, time remaining: 8m 17s
Rendered 8948/16242, time remaining: 8m 17s
Rendered 8949/16242, time remaining: 8m 17s
Rendered 8950/16242, time remaining: 8m 17s
Rendered 8951/16242, time remaining: 8m 16s
Rendered 8952/16242, time remaining: 8m 16s
Rendered 8953/16242, time remaining: 8m 16s
Rendered 8954/16242, time remaining: 8m 16s
Rendered 8955/16242, time remaining: 8m 16s
Rendered 8956/16242, time remaining: 8m 16s
Rendered 8957/16242, time remaining: 8m 16s
Rendered 8958/16242, time remaining: 8m 16s
Rendered 8959/16242, time remaining: 8m 16s
Rendered 8960/16242, time remaining: 8m 16s
Rendered 8961/16242, time remaining: 8m 16s
Rendered 8962/16242, time remaining: 8m 16s
Rendered 8963/16242, time remaining: 8m 16s
Rendered 8964/16242, time remaining: 8m 16s
Rendered 8965/16242, time remaining: 8m 16s
Rendered 8966/16242, time remaining: 8m 15s
Rendered 8967/16242, time remaining: 8m 15s
Rendered 8968/16242, time remaining: 8m 15s
Rendered 8969/16242, time remaining: 8m 15s
Rendered 8970/16242, time remaining: 8m 15s
Rendered 8971/16242, time remaining: 8m 15s
Rendered 8972/16242, time remaining: 8m 15s
Rendered 8973/16242, time remaining: 8m 15s
Rendered 8974/16242, time remaining: 8m 15s
Rendered 8975/16242, time remaining: 8m 15s
Rendered 8976/16242, time remaining: 8m 15s
Rendered 8977/16242, time remaining: 8m 15s
Rendered 8978/16242, time remaining: 8m 15s
Rendered 8979/16242, time remaining: 8m 15s
Rendered 8980/16242, time remaining: 8m 14s
Rendered 8981/16242, time remaining: 8m 14s
Rendered 8982/16242, time remaining: 8m 14s
Rendered 8983/16242, time remaining: 8m 14s
Rendered 8984/16242, time remaining: 8m 14s
Rendered 8985/16242, time remaining: 8m 14s
Rendered 8986/16242, time remaining: 8m 14s
Rendered 8987/16242, time remaining: 8m 14s
Rendered 8988/16242, time remaining: 8m 14s
Rendered 8989/16242, time remaining: 8m 14s
Rendered 8990/16242, time remaining: 8m 14s
Rendered 8991/16242, time remaining: 8m 14s
Rendered 8992/16242, time remaining: 8m 14s
Rendered 8993/16242, time remaining: 8m 14s
Rendered 8994/16242, time remaining: 8m 13s
Rendered 8995/16242, time remaining: 8m 13s
Rendered 8996/16242, time remaining: 8m 13s
Rendered 8997/16242, time remaining: 8m 13s
Rendered 8998/16242, time remaining: 8m 13s
Rendered 8999/16242, time remaining: 8m 13s
Rendered 9000/16242, time remaining: 8m 13s
Rendered 9001/16242, time remaining: 8m 13s
Rendered 9002/16242, time remaining: 8m 13s
Rendered 9003/16242, time remaining: 8m 13s
Rendered 9004/16242, time remaining: 8m 13s
Rendered 9005/16242, time remaining: 8m 13s
Rendered 9006/16242, time remaining: 8m 13s
Rendered 9007/16242, time remaining: 8m 13s
Rendered 9008/16242, time remaining: 8m 13s
Rendered 9009/16242, time remaining: 8m 12s
Rendered 9010/16242, time remaining: 8m 12s
Rendered 9011/16242, time remaining: 8m 12s
Rendered 9012/16242, time remaining: 8m 12s
Rendered 9013/16242, time remaining: 8m 12s
Rendered 9014/16242, time remaining: 8m 12s
Rendered 9015/16242, time remaining: 8m 12s
Rendered 9016/16242, time remaining: 8m 12s
Rendered 9017/16242, time remaining: 8m 12s
Rendered 9018/16242, time remaining: 8m 12s
Rendered 9019/16242, time remaining: 8m 12s
Rendered 9020/16242, time remaining: 8m 12s
Rendered 9021/16242, time remaining: 8m 12s
Rendered 9022/16242, time remaining: 8m 12s
Rendered 9023/16242, time remaining: 8m 11s
Rendered 9024/16242, time remaining: 8m 11s
Rendered 9025/16242, time remaining: 8m 11s
Rendered 9026/16242, time remaining: 8m 11s
Rendered 9027/16242, time remaining: 8m 11s
Rendered 9028/16242, time remaining: 8m 11s
Rendered 9029/16242, time remaining: 8m 11s
Rendered 9030/16242, time remaining: 8m 11s
Rendered 9031/16242, time remaining: 8m 11s
Rendered 9032/16242, time remaining: 8m 11s
Rendered 9033/16242, time remaining: 8m 11s
Rendered 9034/16242, time remaining: 8m 11s
Rendered 9035/16242, time remaining: 8m 11s
Rendered 9036/16242, time remaining: 8m 11s
Rendered 9037/16242, time remaining: 8m 11s
Rendered 9038/16242, time remaining: 8m 11s
Rendered 9039/16242, time remaining: 8m 10s
Rendered 9040/16242, time remaining: 8m 10s
Rendered 9041/16242, time remaining: 8m 10s
Rendered 9042/16242, time remaining: 8m 10s
Rendered 9043/16242, time remaining: 8m 10s
Rendered 9044/16242, time remaining: 8m 10s
Rendered 9045/16242, time remaining: 8m 10s
Rendered 9046/16242, time remaining: 8m 10s
Rendered 9047/16242, time remaining: 8m 10s
Rendered 9048/16242, time remaining: 8m 10s
Rendered 9049/16242, time remaining: 8m 10s
Rendered 9050/16242, time remaining: 8m 10s
Rendered 9051/16242, time remaining: 8m 10s
Rendered 9052/16242, time remaining: 8m 10s
Rendered 9053/16242, time remaining: 8m 10s
Rendered 9054/16242, time remaining: 8m 9s
Rendered 9055/16242, time remaining: 8m 9s
Rendered 9056/16242, time remaining: 8m 9s
Rendered 9057/16242, time remaining: 8m 9s
Rendered 9058/16242, time remaining: 8m 9s
Rendered 9059/16242, time remaining: 8m 9s
Rendered 9060/16242, time remaining: 8m 9s
Rendered 9061/16242, time remaining: 8m 9s
Rendered 9062/16242, time remaining: 8m 9s
Rendered 9063/16242, time remaining: 8m 9s
Rendered 9064/16242, time remaining: 8m 9s
Rendered 9065/16242, time remaining: 8m 9s
Rendered 9066/16242, time remaining: 8m 9s
Rendered 9067/16242, time remaining: 8m 9s
Rendered 9068/16242, time remaining: 8m 8s
Rendered 9069/16242, time remaining: 8m 8s
Rendered 9070/16242, time remaining: 8m 8s
Rendered 9071/16242, time remaining: 8m 8s
Rendered 9072/16242, time remaining: 8m 8s
Rendered 9073/16242, time remaining: 8m 8s
Rendered 9074/16242, time remaining: 8m 8s
Rendered 9075/16242, time remaining: 8m 8s
Rendered 9076/16242, time remaining: 8m 8s
Rendered 9077/16242, time remaining: 8m 8s
Rendered 9078/16242, time remaining: 8m 8s
Rendered 9079/16242, time remaining: 8m 8s
Rendered 9080/16242, time remaining: 8m 8s
Rendered 9081/16242, time remaining: 8m 8s
Rendered 9082/16242, time remaining: 8m 8s
Rendered 9083/16242, time remaining: 8m 7s
Rendered 9084/16242, time remaining: 8m 7s
Rendered 9085/16242, time remaining: 8m 7s
Rendered 9086/16242, time remaining: 8m 7s
Rendered 9087/16242, time remaining: 8m 7s
Rendered 9088/16242, time remaining: 8m 7s
Rendered 9089/16242, time remaining: 8m 7s
Rendered 9090/16242, time remaining: 8m 7s
Rendered 9091/16242, time remaining: 8m 7s
Rendered 9092/16242, time remaining: 8m 7s
Rendered 9093/16242, time remaining: 8m 7s
Rendered 9094/16242, time remaining: 8m 7s
Rendered 9095/16242, time remaining: 8m 7s
Rendered 9096/16242, time remaining: 8m 7s
Rendered 9097/16242, time remaining: 8m 6s
Rendered 9098/16242, time remaining: 8m 6s
Rendered 9099/16242, time remaining: 8m 6s
Rendered 9100/16242, time remaining: 8m 6s
Rendered 9101/16242, time remaining: 8m 6s
Rendered 9102/16242, time remaining: 8m 6s
Rendered 9103/16242, time remaining: 8m 6s
Rendered 9104/16242, time remaining: 8m 6s
Rendered 9105/16242, time remaining: 8m 6s
Rendered 9106/16242, time remaining: 8m 6s
Rendered 9107/16242, time remaining: 8m 6s
Rendered 9108/16242, time remaining: 8m 6s
Rendered 9109/16242, time remaining: 8m 6s
Rendered 9110/16242, time remaining: 8m 6s
Rendered 9111/16242, time remaining: 8m 6s
Rendered 9112/16242, time remaining: 8m 5s
Rendered 9113/16242, time remaining: 8m 5s
Rendered 9114/16242, time remaining: 8m 5s
Rendered 9115/16242, time remaining: 8m 5s
Rendered 9116/16242, time remaining: 8m 5s
Rendered 9117/16242, time remaining: 8m 5s
Rendered 9118/16242, time remaining: 8m 5s
Rendered 9119/16242, time remaining: 8m 5s
Rendered 9120/16242, time remaining: 8m 5s
Rendered 9121/16242, time remaining: 8m 5s
Rendered 9122/16242, time remaining: 8m 5s
Rendered 9123/16242, time remaining: 8m 5s
Rendered 9124/16242, time remaining: 8m 5s
Rendered 9125/16242, time remaining: 8m 5s
Rendered 9126/16242, time remaining: 8m 4s
Rendered 9127/16242, time remaining: 8m 4s
Rendered 9128/16242, time remaining: 8m 4s
Rendered 9129/16242, time remaining: 8m 4s
Rendered 9130/16242, time remaining: 8m 4s
Rendered 9131/16242, time remaining: 8m 4s
Rendered 9132/16242, time remaining: 8m 4s
Rendered 9133/16242, time remaining: 8m 4s
Rendered 9134/16242, time remaining: 8m 4s
Rendered 9135/16242, time remaining: 8m 4s
Rendered 9136/16242, time remaining: 8m 4s
Rendered 9137/16242, time remaining: 8m 4s
Rendered 9138/16242, time remaining: 8m 4s
Rendered 9139/16242, time remaining: 8m 4s
Rendered 9140/16242, time remaining: 8m 4s
Rendered 9141/16242, time remaining: 8m 3s
Rendered 9142/16242, time remaining: 8m 3s
Rendered 9143/16242, time remaining: 8m 3s
Rendered 9144/16242, time remaining: 8m 3s
Rendered 9145/16242, time remaining: 8m 3s
Rendered 9146/16242, time remaining: 8m 3s
Rendered 9147/16242, time remaining: 8m 3s
Rendered 9148/16242, time remaining: 8m 3s
Rendered 9149/16242, time remaining: 8m 3s
Rendered 9150/16242, time remaining: 8m 3s
Rendered 9151/16242, time remaining: 8m 3s
Rendered 9152/16242, time remaining: 8m 3s
Rendered 9153/16242, time remaining: 8m 3s
Rendered 9154/16242, time remaining: 8m 3s
Rendered 9155/16242, time remaining: 8m 2s
Rendered 9156/16242, time remaining: 8m 2s
Rendered 9157/16242, time remaining: 8m 2s
Rendered 9158/16242, time remaining: 8m 2s
Rendered 9159/16242, time remaining: 8m 2s
Rendered 9160/16242, time remaining: 8m 2s
Rendered 9161/16242, time remaining: 8m 2s
Rendered 9162/16242, time remaining: 8m 2s
Rendered 9163/16242, time remaining: 8m 2s
Rendered 9164/16242, time remaining: 8m 2s
Rendered 9165/16242, time remaining: 8m 2s
Rendered 9166/16242, time remaining: 8m 2s
Rendered 9167/16242, time remaining: 8m 2s
Rendered 9168/16242, time remaining: 8m 2s
Rendered 9169/16242, time remaining: 8m 1s
Rendered 9170/16242, time remaining: 8m 1s
Rendered 9171/16242, time remaining: 8m 1s
Rendered 9172/16242, time remaining: 8m 1s
Rendered 9173/16242, time remaining: 8m 1s
Rendered 9174/16242, time remaining: 8m 1s
Rendered 9175/16242, time remaining: 8m 1s
Rendered 9176/16242, time remaining: 8m 1s
Rendered 9177/16242, time remaining: 8m 1s
Rendered 9178/16242, time remaining: 8m 1s
Rendered 9179/16242, time remaining: 8m 1s
Rendered 9180/16242, time remaining: 8m 1s
Rendered 9181/16242, time remaining: 8m 1s
Rendered 9182/16242, time remaining: 8m 1s
Rendered 9183/16242, time remaining: 8m 1s
Rendered 9184/16242, time remaining: 8m 0s
Rendered 9185/16242, time remaining: 8m 0s
Rendered 9186/16242, time remaining: 8m 0s
Rendered 9187/16242, time remaining: 8m 0s
Rendered 9188/16242, time remaining: 8m 0s
Rendered 9189/16242, time remaining: 8m 0s
Rendered 9190/16242, time remaining: 8m 0s
Rendered 9191/16242, time remaining: 8m 0s
Rendered 9192/16242, time remaining: 8m 0s
Rendered 9193/16242, time remaining: 8m 0s
Rendered 9194/16242, time remaining: 8m 0s
Rendered 9195/16242, time remaining: 8m 0s
Rendered 9196/16242, time remaining: 8m 0s
Rendered 9197/16242, time remaining: 8m 0s
Rendered 9198/16242, time remaining: 7m 59s
Rendered 9199/16242, time remaining: 7m 59s
Rendered 9200/16242, time remaining: 7m 59s
Rendered 9201/16242, time remaining: 7m 59s
Rendered 9202/16242, time remaining: 7m 59s
Rendered 9203/16242, time remaining: 7m 59s
Rendered 9204/16242, time remaining: 7m 59s
Rendered 9205/16242, time remaining: 7m 59s
Rendered 9206/16242, time remaining: 7m 59s
Rendered 9207/16242, time remaining: 7m 59s
Rendered 9208/16242, time remaining: 7m 59s
Rendered 9209/16242, time remaining: 7m 59s
Rendered 9210/16242, time remaining: 7m 59s
Rendered 9211/16242, time remaining: 7m 59s
Rendered 9212/16242, time remaining: 7m 59s
Rendered 9213/16242, time remaining: 7m 58s
Rendered 9214/16242, time remaining: 7m 58s
Rendered 9215/16242, time remaining: 7m 58s
Rendered 9216/16242, time remaining: 7m 58s
Rendered 9217/16242, time remaining: 7m 58s
Rendered 9218/16242, time remaining: 7m 58s
Rendered 9219/16242, time remaining: 7m 58s
Rendered 9220/16242, time remaining: 7m 58s
Rendered 9221/16242, time remaining: 7m 58s
Rendered 9222/16242, time remaining: 7m 58s
Rendered 9223/16242, time remaining: 7m 58s
Rendered 9224/16242, time remaining: 7m 58s
Rendered 9225/16242, time remaining: 7m 58s
Rendered 9226/16242, time remaining: 7m 58s
Rendered 9227/16242, time remaining: 7m 57s
Rendered 9228/16242, time remaining: 7m 57s
Rendered 9229/16242, time remaining: 7m 57s
Rendered 9230/16242, time remaining: 7m 57s
Rendered 9231/16242, time remaining: 7m 57s
Rendered 9232/16242, time remaining: 7m 57s
Rendered 9233/16242, time remaining: 7m 57s
Rendered 9234/16242, time remaining: 7m 57s
Rendered 9235/16242, time remaining: 7m 57s
Rendered 9236/16242, time remaining: 7m 57s
Rendered 9237/16242, time remaining: 7m 57s
Rendered 9238/16242, time remaining: 7m 57s
Rendered 9239/16242, time remaining: 7m 57s
Rendered 9240/16242, time remaining: 7m 57s
Rendered 9241/16242, time remaining: 7m 56s
Rendered 9242/16242, time remaining: 7m 56s
Rendered 9243/16242, time remaining: 7m 56s
Rendered 9244/16242, time remaining: 7m 56s
Rendered 9245/16242, time remaining: 7m 56s
Rendered 9246/16242, time remaining: 7m 56s
Rendered 9247/16242, time remaining: 7m 56s
Rendered 9248/16242, time remaining: 7m 56s
Rendered 9249/16242, time remaining: 7m 56s
Rendered 9250/16242, time remaining: 7m 56s
Rendered 9251/16242, time remaining: 7m 56s
Rendered 9252/16242, time remaining: 7m 56s
Rendered 9253/16242, time remaining: 7m 56s
Rendered 9254/16242, time remaining: 7m 56s
Rendered 9255/16242, time remaining: 7m 56s
Rendered 9256/16242, time remaining: 7m 55s
Rendered 9257/16242, time remaining: 7m 55s
Rendered 9258/16242, time remaining: 7m 55s
Rendered 9259/16242, time remaining: 7m 55s
Rendered 9260/16242, time remaining: 7m 55s
Rendered 9261/16242, time remaining: 7m 55s
Rendered 9262/16242, time remaining: 7m 55s
Rendered 9263/16242, time remaining: 7m 55s
Rendered 9264/16242, time remaining: 7m 55s
Rendered 9265/16242, time remaining: 7m 55s
Rendered 9266/16242, time remaining: 7m 55s
Rendered 9267/16242, time remaining: 7m 55s
Rendered 9268/16242, time remaining: 7m 55s
Rendered 9269/16242, time remaining: 7m 55s
Rendered 9270/16242, time remaining: 7m 54s
Rendered 9271/16242, time remaining: 7m 54s
Rendered 9272/16242, time remaining: 7m 54s
Rendered 9273/16242, time remaining: 7m 54s
Rendered 9274/16242, time remaining: 7m 54s
Rendered 9275/16242, time remaining: 7m 54s
Rendered 9276/16242, time remaining: 7m 54s
Rendered 9277/16242, time remaining: 7m 54s
Rendered 9278/16242, time remaining: 7m 54s
Rendered 9279/16242, time remaining: 7m 54s
Rendered 9280/16242, time remaining: 7m 54s
Rendered 9281/16242, time remaining: 7m 54s
Rendered 9282/16242, time remaining: 7m 54s
Rendered 9283/16242, time remaining: 7m 54s
Rendered 9284/16242, time remaining: 7m 54s
Rendered 9285/16242, time remaining: 7m 53s
Rendered 9286/16242, time remaining: 7m 53s
Rendered 9287/16242, time remaining: 7m 53s
Rendered 9288/16242, time remaining: 7m 53s
Rendered 9289/16242, time remaining: 7m 53s
Rendered 9290/16242, time remaining: 7m 53s
Rendered 9291/16242, time remaining: 7m 53s
Rendered 9292/16242, time remaining: 7m 53s
Rendered 9293/16242, time remaining: 7m 53s
Rendered 9294/16242, time remaining: 7m 53s
Rendered 9295/16242, time remaining: 7m 53s
Rendered 9296/16242, time remaining: 7m 53s
Rendered 9297/16242, time remaining: 7m 53s
Rendered 9298/16242, time remaining: 7m 53s
Rendered 9299/16242, time remaining: 7m 52s
Rendered 9300/16242, time remaining: 7m 52s
Rendered 9301/16242, time remaining: 7m 52s
Rendered 9302/16242, time remaining: 7m 52s
Rendered 9303/16242, time remaining: 7m 52s
Rendered 9304/16242, time remaining: 7m 52s
Rendered 9305/16242, time remaining: 7m 52s
Rendered 9306/16242, time remaining: 7m 52s
Rendered 9307/16242, time remaining: 7m 52s
Rendered 9308/16242, time remaining: 7m 52s
Rendered 9309/16242, time remaining: 7m 52s
Rendered 9310/16242, time remaining: 7m 52s
Rendered 9311/16242, time remaining: 7m 52s
Rendered 9312/16242, time remaining: 7m 52s
Rendered 9313/16242, time remaining: 7m 52s
Rendered 9314/16242, time remaining: 7m 51s
Rendered 9315/16242, time remaining: 7m 51s
Rendered 9316/16242, time remaining: 7m 51s
Rendered 9317/16242, time remaining: 7m 51s
Rendered 9318/16242, time remaining: 7m 51s
Rendered 9319/16242, time remaining: 7m 51s
Rendered 9320/16242, time remaining: 7m 51s
Rendered 9321/16242, time remaining: 7m 51s
Rendered 9322/16242, time remaining: 7m 51s
Rendered 9323/16242, time remaining: 7m 51s
Rendered 9324/16242, time remaining: 7m 51s
Rendered 9325/16242, time remaining: 7m 51s
Rendered 9326/16242, time remaining: 7m 51s
Rendered 9327/16242, time remaining: 7m 51s
Rendered 9328/16242, time remaining: 7m 51s
Rendered 9329/16242, time remaining: 7m 50s
Rendered 9330/16242, time remaining: 7m 50s
Rendered 9331/16242, time remaining: 7m 50s
Rendered 9332/16242, time remaining: 7m 50s
Rendered 9333/16242, time remaining: 7m 50s
Rendered 9334/16242, time remaining: 7m 50s
Rendered 9335/16242, time remaining: 7m 50s
Rendered 9336/16242, time remaining: 7m 50s
Rendered 9337/16242, time remaining: 7m 50s
Rendered 9338/16242, time remaining: 7m 50s
Rendered 9339/16242, time remaining: 7m 50s
Rendered 9340/16242, time remaining: 7m 50s
Rendered 9341/16242, time remaining: 7m 50s
Rendered 9342/16242, time remaining: 7m 50s
Rendered 9343/16242, time remaining: 7m 49s
Rendered 9344/16242, time remaining: 7m 49s
Rendered 9345/16242, time remaining: 7m 49s
Rendered 9346/16242, time remaining: 7m 49s
Rendered 9347/16242, time remaining: 7m 49s
Rendered 9348/16242, time remaining: 7m 49s
Rendered 9349/16242, time remaining: 7m 49s
Rendered 9350/16242, time remaining: 7m 49s
Rendered 9351/16242, time remaining: 7m 49s
Rendered 9352/16242, time remaining: 7m 49s
Rendered 9353/16242, time remaining: 7m 49s
Rendered 9354/16242, time remaining: 7m 49s
Rendered 9355/16242, time remaining: 7m 49s
Rendered 9356/16242, time remaining: 7m 49s
Rendered 9357/16242, time remaining: 7m 48s
Rendered 9358/16242, time remaining: 7m 48s
Rendered 9359/16242, time remaining: 7m 48s
Rendered 9360/16242, time remaining: 7m 48s
Rendered 9361/16242, time remaining: 7m 48s
Rendered 9362/16242, time remaining: 7m 48s
Rendered 9363/16242, time remaining: 7m 48s
Rendered 9364/16242, time remaining: 7m 48s
Rendered 9365/16242, time remaining: 7m 48s
Rendered 9366/16242, time remaining: 7m 48s
Rendered 9367/16242, time remaining: 7m 48s
Rendered 9368/16242, time remaining: 7m 48s
Rendered 9369/16242, time remaining: 7m 48s
Rendered 9370/16242, time remaining: 7m 48s
Rendered 9371/16242, time remaining: 7m 48s
Rendered 9372/16242, time remaining: 7m 47s
Rendered 9373/16242, time remaining: 7m 47s
Rendered 9374/16242, time remaining: 7m 47s
Rendered 9375/16242, time remaining: 7m 47s
Rendered 9376/16242, time remaining: 7m 47s
Rendered 9377/16242, time remaining: 7m 47s
Rendered 9378/16242, time remaining: 7m 47s
Rendered 9379/16242, time remaining: 7m 47s
Rendered 9380/16242, time remaining: 7m 47s
Rendered 9381/16242, time remaining: 7m 47s
Rendered 9382/16242, time remaining: 7m 47s
Rendered 9383/16242, time remaining: 7m 47s
Rendered 9384/16242, time remaining: 7m 47s
Rendered 9385/16242, time remaining: 7m 47s
Rendered 9386/16242, time remaining: 7m 46s
Rendered 9387/16242, time remaining: 7m 46s
Rendered 9388/16242, time remaining: 7m 46s
Rendered 9389/16242, time remaining: 7m 46s
Rendered 9390/16242, time remaining: 7m 46s
Rendered 9391/16242, time remaining: 7m 46s
Rendered 9392/16242, time remaining: 7m 46s
Rendered 9393/16242, time remaining: 7m 46s
Rendered 9394/16242, time remaining: 7m 46s
Rendered 9395/16242, time remaining: 7m 46s
Rendered 9396/16242, time remaining: 7m 46s
Rendered 9397/16242, time remaining: 7m 46s
Rendered 9398/16242, time remaining: 7m 46s
Rendered 9399/16242, time remaining: 7m 46s
Rendered 9400/16242, time remaining: 7m 46s
Rendered 9401/16242, time remaining: 7m 45s
Rendered 9402/16242, time remaining: 7m 45s
Rendered 9403/16242, time remaining: 7m 45s
Rendered 9404/16242, time remaining: 7m 45s
Rendered 9405/16242, time remaining: 7m 45s
Rendered 9406/16242, time remaining: 7m 45s
Rendered 9407/16242, time remaining: 7m 45s
Rendered 9408/16242, time remaining: 7m 45s
Rendered 9409/16242, time remaining: 7m 45s
Rendered 9410/16242, time remaining: 7m 45s
Rendered 9411/16242, time remaining: 7m 45s
Rendered 9412/16242, time remaining: 7m 45s
Rendered 9413/16242, time remaining: 7m 45s
Rendered 9414/16242, time remaining: 7m 45s
Rendered 9415/16242, time remaining: 7m 44s
Rendered 9416/16242, time remaining: 7m 44s
Rendered 9417/16242, time remaining: 7m 44s
Rendered 9418/16242, time remaining: 7m 44s
Rendered 9419/16242, time remaining: 7m 44s
Rendered 9420/16242, time remaining: 7m 44s
Rendered 9421/16242, time remaining: 7m 44s
Rendered 9422/16242, time remaining: 7m 44s
Rendered 9423/16242, time remaining: 7m 44s
Rendered 9424/16242, time remaining: 7m 44s
Rendered 9425/16242, time remaining: 7m 44s
Rendered 9426/16242, time remaining: 7m 44s
Rendered 9427/16242, time remaining: 7m 44s
Rendered 9428/16242, time remaining: 7m 44s
Rendered 9429/16242, time remaining: 7m 44s
Rendered 9430/16242, time remaining: 7m 43s
Rendered 9431/16242, time remaining: 7m 43s
Rendered 9432/16242, time remaining: 7m 43s
Rendered 9433/16242, time remaining: 7m 43s
Rendered 9434/16242, time remaining: 7m 43s
Rendered 9435/16242, time remaining: 7m 43s
Rendered 9436/16242, time remaining: 7m 43s
Rendered 9437/16242, time remaining: 7m 43s
Rendered 9438/16242, time remaining: 7m 43s
Rendered 9439/16242, time remaining: 7m 43s
Rendered 9440/16242, time remaining: 7m 43s
Rendered 9441/16242, time remaining: 7m 43s
Rendered 9442/16242, time remaining: 7m 43s
Rendered 9443/16242, time remaining: 7m 43s
Rendered 9444/16242, time remaining: 7m 42s
Rendered 9445/16242, time remaining: 7m 42s
Rendered 9446/16242, time remaining: 7m 42s
Rendered 9447/16242, time remaining: 7m 42s
Rendered 9448/16242, time remaining: 7m 42s
Rendered 9449/16242, time remaining: 7m 42s
Rendered 9450/16242, time remaining: 7m 42s
Rendered 9451/16242, time remaining: 7m 42s
Rendered 9452/16242, time remaining: 7m 42s
Rendered 9453/16242, time remaining: 7m 42s
Rendered 9454/16242, time remaining: 7m 42s
Rendered 9455/16242, time remaining: 7m 42s
Rendered 9456/16242, time remaining: 7m 42s
Rendered 9457/16242, time remaining: 7m 42s
Rendered 9458/16242, time remaining: 7m 42s
Rendered 9459/16242, time remaining: 7m 41s
Rendered 9460/16242, time remaining: 7m 41s
Rendered 9461/16242, time remaining: 7m 41s
Rendered 9462/16242, time remaining: 7m 41s
Rendered 9463/16242, time remaining: 7m 41s
Rendered 9464/16242, time remaining: 7m 41s
Rendered 9465/16242, time remaining: 7m 41s
Rendered 9466/16242, time remaining: 7m 41s
Rendered 9467/16242, time remaining: 7m 41s
Rendered 9468/16242, time remaining: 7m 41s
Rendered 9469/16242, time remaining: 7m 41s
Rendered 9470/16242, time remaining: 7m 41s
Rendered 9471/16242, time remaining: 7m 41s
Rendered 9472/16242, time remaining: 7m 41s
Rendered 9473/16242, time remaining: 7m 40s
Rendered 9474/16242, time remaining: 7m 40s
Rendered 9475/16242, time remaining: 7m 40s
Rendered 9476/16242, time remaining: 7m 40s
Rendered 9477/16242, time remaining: 7m 40s
Rendered 9478/16242, time remaining: 7m 40s
Rendered 9479/16242, time remaining: 7m 40s
Rendered 9480/16242, time remaining: 7m 40s
Rendered 9481/16242, time remaining: 7m 40s
Rendered 9482/16242, time remaining: 7m 40s
Rendered 9483/16242, time remaining: 7m 40s
Rendered 9484/16242, time remaining: 7m 40s
Rendered 9485/16242, time remaining: 7m 40s
Rendered 9486/16242, time remaining: 7m 40s
Rendered 9487/16242, time remaining: 7m 40s
Rendered 9488/16242, time remaining: 7m 39s
Rendered 9489/16242, time remaining: 7m 39s
Rendered 9490/16242, time remaining: 7m 39s
Rendered 9491/16242, time remaining: 7m 39s
Rendered 9492/16242, time remaining: 7m 39s
Rendered 9493/16242, time remaining: 7m 39s
Rendered 9494/16242, time remaining: 7m 39s
Rendered 9495/16242, time remaining: 7m 39s
Rendered 9496/16242, time remaining: 7m 39s
Rendered 9497/16242, time remaining: 7m 39s
Rendered 9498/16242, time remaining: 7m 39s
Rendered 9499/16242, time remaining: 7m 39s
Rendered 9500/16242, time remaining: 7m 39s
Rendered 9501/16242, time remaining: 7m 39s
Rendered 9502/16242, time remaining: 7m 38s
Rendered 9503/16242, time remaining: 7m 38s
Rendered 9504/16242, time remaining: 7m 38s
Rendered 9505/16242, time remaining: 7m 38s
Rendered 9506/16242, time remaining: 7m 38s
Rendered 9507/16242, time remaining: 7m 38s
Rendered 9508/16242, time remaining: 7m 38s
Rendered 9509/16242, time remaining: 7m 38s
Rendered 9510/16242, time remaining: 7m 38s
Rendered 9511/16242, time remaining: 7m 38s
Rendered 9512/16242, time remaining: 7m 38s
Rendered 9513/16242, time remaining: 7m 38s
Rendered 9514/16242, time remaining: 7m 38s
Rendered 9515/16242, time remaining: 7m 38s
Rendered 9516/16242, time remaining: 7m 38s
Rendered 9517/16242, time remaining: 7m 37s
Rendered 9518/16242, time remaining: 7m 37s
Rendered 9519/16242, time remaining: 7m 37s
Rendered 9520/16242, time remaining: 7m 37s
Rendered 9521/16242, time remaining: 7m 37s
Rendered 9522/16242, time remaining: 7m 37s
Rendered 9523/16242, time remaining: 7m 37s
Rendered 9524/16242, time remaining: 7m 37s
Rendered 9525/16242, time remaining: 7m 37s
Rendered 9526/16242, time remaining: 7m 37s
Rendered 9527/16242, time remaining: 7m 37s
Rendered 9528/16242, time remaining: 7m 37s
Rendered 9529/16242, time remaining: 7m 37s
Rendered 9530/16242, time remaining: 7m 37s
Rendered 9531/16242, time remaining: 7m 36s
Rendered 9532/16242, time remaining: 7m 36s
Rendered 9533/16242, time remaining: 7m 36s
Rendered 9534/16242, time remaining: 7m 36s
Rendered 9535/16242, time remaining: 7m 36s
Rendered 9536/16242, time remaining: 7m 36s
Rendered 9537/16242, time remaining: 7m 36s
Rendered 9538/16242, time remaining: 7m 36s
Rendered 9539/16242, time remaining: 7m 36s
Rendered 9540/16242, time remaining: 7m 36s
Rendered 9541/16242, time remaining: 7m 36s
Rendered 9542/16242, time remaining: 7m 36s
Rendered 9543/16242, time remaining: 7m 36s
Rendered 9544/16242, time remaining: 7m 36s
Rendered 9545/16242, time remaining: 7m 35s
Rendered 9546/16242, time remaining: 7m 35s
Rendered 9547/16242, time remaining: 7m 35s
Rendered 9548/16242, time remaining: 7m 35s
Rendered 9549/16242, time remaining: 7m 35s
Rendered 9550/16242, time remaining: 7m 35s
Rendered 9551/16242, time remaining: 7m 35s
Rendered 9552/16242, time remaining: 7m 35s
Rendered 9553/16242, time remaining: 7m 35s
Rendered 9554/16242, time remaining: 7m 35s
Rendered 9555/16242, time remaining: 7m 35s
Rendered 9556/16242, time remaining: 7m 35s
Rendered 9557/16242, time remaining: 7m 35s
Rendered 9558/16242, time remaining: 7m 35s
Rendered 9559/16242, time remaining: 7m 35s
Rendered 9560/16242, time remaining: 7m 34s
Rendered 9561/16242, time remaining: 7m 34s
Rendered 9562/16242, time remaining: 7m 34s
Rendered 9563/16242, time remaining: 7m 34s
Rendered 9564/16242, time remaining: 7m 34s
Rendered 9565/16242, time remaining: 7m 34s
Rendered 9566/16242, time remaining: 7m 34s
Rendered 9567/16242, time remaining: 7m 34s
Rendered 9568/16242, time remaining: 7m 34s
Rendered 9569/16242, time remaining: 7m 34s
Rendered 9570/16242, time remaining: 7m 34s
Rendered 9571/16242, time remaining: 7m 34s
Rendered 9572/16242, time remaining: 7m 34s
Rendered 9573/16242, time remaining: 7m 34s
Rendered 9574/16242, time remaining: 7m 33s
Rendered 9575/16242, time remaining: 7m 33s
Rendered 9576/16242, time remaining: 7m 33s
Rendered 9577/16242, time remaining: 7m 33s
Rendered 9578/16242, time remaining: 7m 33s
Rendered 9579/16242, time remaining: 7m 33s
Rendered 9580/16242, time remaining: 7m 33s
Rendered 9581/16242, time remaining: 7m 33s
Rendered 9582/16242, time remaining: 7m 33s
Rendered 9583/16242, time remaining: 7m 33s
Rendered 9584/16242, time remaining: 7m 33s
Rendered 9585/16242, time remaining: 7m 33s
Rendered 9586/16242, time remaining: 7m 33s
Rendered 9587/16242, time remaining: 7m 33s
Rendered 9588/16242, time remaining: 7m 33s
Rendered 9589/16242, time remaining: 7m 32s
Rendered 9590/16242, time remaining: 7m 32s
Rendered 9591/16242, time remaining: 7m 32s
Rendered 9592/16242, time remaining: 7m 32s
Rendered 9593/16242, time remaining: 7m 32s
Rendered 9594/16242, time remaining: 7m 32s
Rendered 9595/16242, time remaining: 7m 32s
Rendered 9596/16242, time remaining: 7m 32s
Rendered 9597/16242, time remaining: 7m 32s
Rendered 9598/16242, time remaining: 7m 32s
Rendered 9599/16242, time remaining: 7m 32s
Rendered 9600/16242, time remaining: 7m 32s
Rendered 9601/16242, time remaining: 7m 32s
Rendered 9602/16242, time remaining: 7m 32s
Rendered 9603/16242, time remaining: 7m 32s
Rendered 9604/16242, time remaining: 7m 31s
Rendered 9605/16242, time remaining: 7m 31s
Rendered 9606/16242, time remaining: 7m 31s
Rendered 9607/16242, time remaining: 7m 31s
Rendered 9608/16242, time remaining: 7m 31s
Rendered 9609/16242, time remaining: 7m 31s
Rendered 9610/16242, time remaining: 7m 31s
Rendered 9611/16242, time remaining: 7m 31s
Rendered 9612/16242, time remaining: 7m 31s
Rendered 9613/16242, time remaining: 7m 31s
Rendered 9614/16242, time remaining: 7m 31s
Rendered 9615/16242, time remaining: 7m 31s
Rendered 9616/16242, time remaining: 7m 31s
Rendered 9617/16242, time remaining: 7m 31s
Rendered 9618/16242, time remaining: 7m 30s
Rendered 9619/16242, time remaining: 7m 30s
Rendered 9620/16242, time remaining: 7m 30s
Rendered 9621/16242, time remaining: 7m 30s
Rendered 9622/16242, time remaining: 7m 30s
Rendered 9623/16242, time remaining: 7m 30s
Rendered 9624/16242, time remaining: 7m 30s
Rendered 9625/16242, time remaining: 7m 30s
Rendered 9626/16242, time remaining: 7m 30s
Rendered 9627/16242, time remaining: 7m 30s
Rendered 9628/16242, time remaining: 7m 30s
Rendered 9629/16242, time remaining: 7m 30s
Rendered 9630/16242, time remaining: 7m 30s
Rendered 9631/16242, time remaining: 7m 30s
Rendered 9632/16242, time remaining: 7m 30s
Rendered 9633/16242, time remaining: 7m 29s
Rendered 9634/16242, time remaining: 7m 29s
Rendered 9635/16242, time remaining: 7m 29s
Rendered 9636/16242, time remaining: 7m 29s
Rendered 9637/16242, time remaining: 7m 29s
Rendered 9638/16242, time remaining: 7m 29s
Rendered 9639/16242, time remaining: 7m 29s
Rendered 9640/16242, time remaining: 7m 29s
Rendered 9641/16242, time remaining: 7m 29s
Rendered 9642/16242, time remaining: 7m 29s
Rendered 9643/16242, time remaining: 7m 29s
Rendered 9644/16242, time remaining: 7m 29s
Rendered 9645/16242, time remaining: 7m 29s
Rendered 9646/16242, time remaining: 7m 29s
Rendered 9647/16242, time remaining: 7m 28s
Rendered 9648/16242, time remaining: 7m 28s
Rendered 9649/16242, time remaining: 7m 28s
Rendered 9650/16242, time remaining: 7m 28s
Rendered 9651/16242, time remaining: 7m 28s
Rendered 9652/16242, time remaining: 7m 28s
Rendered 9653/16242, time remaining: 7m 28s
Rendered 9654/16242, time remaining: 7m 28s
Rendered 9655/16242, time remaining: 7m 28s
Rendered 9656/16242, time remaining: 7m 28s
Rendered 9657/16242, time remaining: 7m 28s
Rendered 9658/16242, time remaining: 7m 28s
Rendered 9659/16242, time remaining: 7m 28s
Rendered 9660/16242, time remaining: 7m 28s
Rendered 9661/16242, time remaining: 7m 28s
Rendered 9662/16242, time remaining: 7m 27s
Rendered 9663/16242, time remaining: 7m 27s
Rendered 9664/16242, time remaining: 7m 27s
Rendered 9665/16242, time remaining: 7m 27s
Rendered 9666/16242, time remaining: 7m 27s
Rendered 9667/16242, time remaining: 7m 27s
Rendered 9668/16242, time remaining: 7m 27s
Rendered 9669/16242, time remaining: 7m 27s
Rendered 9670/16242, time remaining: 7m 27s
Rendered 9671/16242, time remaining: 7m 27s
Rendered 9672/16242, time remaining: 7m 27s
Rendered 9673/16242, time remaining: 7m 27s
Rendered 9674/16242, time remaining: 7m 27s
Rendered 9675/16242, time remaining: 7m 27s
Rendered 9676/16242, time remaining: 7m 27s
Rendered 9677/16242, time remaining: 7m 26s
Rendered 9678/16242, time remaining: 7m 26s
Rendered 9679/16242, time remaining: 7m 26s
Rendered 9680/16242, time remaining: 7m 26s
Rendered 9681/16242, time remaining: 7m 26s
Rendered 9682/16242, time remaining: 7m 26s
Rendered 9683/16242, time remaining: 7m 26s
Rendered 9684/16242, time remaining: 7m 26s
Rendered 9685/16242, time remaining: 7m 26s
Rendered 9686/16242, time remaining: 7m 26s
Rendered 9687/16242, time remaining: 7m 26s
Rendered 9688/16242, time remaining: 7m 26s
Rendered 9689/16242, time remaining: 7m 26s
Rendered 9690/16242, time remaining: 7m 26s
Rendered 9691/16242, time remaining: 7m 25s
Rendered 9692/16242, time remaining: 7m 25s
Rendered 9693/16242, time remaining: 7m 25s
Rendered 9694/16242, time remaining: 7m 25s
Rendered 9695/16242, time remaining: 7m 25s
Rendered 9696/16242, time remaining: 7m 25s
Rendered 9697/16242, time remaining: 7m 25s
Rendered 9698/16242, time remaining: 7m 25s
Rendered 9699/16242, time remaining: 7m 25s
Rendered 9700/16242, time remaining: 7m 25s
Rendered 9701/16242, time remaining: 7m 25s
Rendered 9702/16242, time remaining: 7m 25s
Rendered 9703/16242, time remaining: 7m 25s
Rendered 9704/16242, time remaining: 7m 25s
Rendered 9705/16242, time remaining: 7m 25s
Rendered 9706/16242, time remaining: 7m 24s
Rendered 9707/16242, time remaining: 7m 24s
Rendered 9708/16242, time remaining: 7m 24s
Rendered 9709/16242, time remaining: 7m 24s
Rendered 9710/16242, time remaining: 7m 24s
Rendered 9711/16242, time remaining: 7m 24s
Rendered 9712/16242, time remaining: 7m 24s
Rendered 9713/16242, time remaining: 7m 24s
Rendered 9714/16242, time remaining: 7m 24s
Rendered 9715/16242, time remaining: 7m 24s
Rendered 9716/16242, time remaining: 7m 24s
Rendered 9717/16242, time remaining: 7m 24s
Rendered 9718/16242, time remaining: 7m 24s
Rendered 9719/16242, time remaining: 7m 24s
Rendered 9720/16242, time remaining: 7m 23s
Rendered 9721/16242, time remaining: 7m 23s
Rendered 9722/16242, time remaining: 7m 23s
Rendered 9723/16242, time remaining: 7m 23s
Rendered 9724/16242, time remaining: 7m 23s
Rendered 9725/16242, time remaining: 7m 23s
Rendered 9726/16242, time remaining: 7m 23s
Rendered 9727/16242, time remaining: 7m 23s
Rendered 9728/16242, time remaining: 7m 23s
Rendered 9729/16242, time remaining: 7m 23s
Rendered 9730/16242, time remaining: 7m 23s
Rendered 9731/16242, time remaining: 7m 23s
Rendered 9732/16242, time remaining: 7m 23s
Rendered 9733/16242, time remaining: 7m 23s
Rendered 9734/16242, time remaining: 7m 23s
Rendered 9735/16242, time remaining: 7m 22s
Rendered 9736/16242, time remaining: 7m 22s
Rendered 9737/16242, time remaining: 7m 22s
Rendered 9738/16242, time remaining: 7m 22s
Rendered 9739/16242, time remaining: 7m 22s
Rendered 9740/16242, time remaining: 7m 22s
Rendered 9741/16242, time remaining: 7m 22s
Rendered 9742/16242, time remaining: 7m 22s
Rendered 9743/16242, time remaining: 7m 22s
Rendered 9744/16242, time remaining: 7m 22s
Rendered 9745/16242, time remaining: 7m 22s
Rendered 9746/16242, time remaining: 7m 22s
Rendered 9747/16242, time remaining: 7m 22s
Rendered 9748/16242, time remaining: 7m 22s
Rendered 9749/16242, time remaining: 7m 22s
Rendered 9750/16242, time remaining: 7m 22s
Rendered 9751/16242, time remaining: 7m 21s
Rendered 9752/16242, time remaining: 7m 21s
Rendered 9753/16242, time remaining: 7m 21s
Rendered 9754/16242, time remaining: 7m 21s
Rendered 9755/16242, time remaining: 7m 21s
Rendered 9756/16242, time remaining: 7m 21s
Rendered 9757/16242, time remaining: 7m 21s
Rendered 9758/16242, time remaining: 7m 21s
Rendered 9759/16242, time remaining: 7m 21s
Rendered 9760/16242, time remaining: 7m 21s
Rendered 9761/16242, time remaining: 7m 21s
Rendered 9762/16242, time remaining: 7m 21s
Rendered 9763/16242, time remaining: 7m 21s
Rendered 9764/16242, time remaining: 7m 21s
Rendered 9765/16242, time remaining: 7m 21s
Rendered 9766/16242, time remaining: 7m 21s
Rendered 9767/16242, time remaining: 7m 21s
Rendered 9768/16242, time remaining: 7m 20s
Rendered 9769/16242, time remaining: 7m 20s
Rendered 9770/16242, time remaining: 7m 20s
Rendered 9771/16242, time remaining: 7m 20s
Rendered 9772/16242, time remaining: 7m 20s
Rendered 9773/16242, time remaining: 7m 20s
Rendered 9774/16242, time remaining: 7m 20s
Rendered 9775/16242, time remaining: 7m 20s
Rendered 9776/16242, time remaining: 7m 20s
Rendered 9777/16242, time remaining: 7m 20s
Rendered 9778/16242, time remaining: 7m 20s
Rendered 9779/16242, time remaining: 7m 20s
Rendered 9780/16242, time remaining: 7m 20s
Rendered 9781/16242, time remaining: 7m 20s
Rendered 9782/16242, time remaining: 7m 19s
Rendered 9783/16242, time remaining: 7m 19s
Rendered 9784/16242, time remaining: 7m 19s
Rendered 9785/16242, time remaining: 7m 19s
Rendered 9786/16242, time remaining: 7m 19s
Rendered 9787/16242, time remaining: 7m 19s
Rendered 9788/16242, time remaining: 7m 19s
Rendered 9789/16242, time remaining: 7m 19s
Rendered 9790/16242, time remaining: 7m 19s
Rendered 9791/16242, time remaining: 7m 19s
Rendered 9792/16242, time remaining: 7m 19s
Rendered 9793/16242, time remaining: 7m 19s
Rendered 9794/16242, time remaining: 7m 19s
Rendered 9795/16242, time remaining: 7m 19s
Rendered 9796/16242, time remaining: 7m 19s
Rendered 9797/16242, time remaining: 7m 18s
Rendered 9798/16242, time remaining: 7m 18s
Rendered 9799/16242, time remaining: 7m 18s
Rendered 9800/16242, time remaining: 7m 18s
Rendered 9801/16242, time remaining: 7m 18s
Rendered 9802/16242, time remaining: 7m 18s
Rendered 9803/16242, time remaining: 7m 18s
Rendered 9804/16242, time remaining: 7m 18s
Rendered 9805/16242, time remaining: 7m 18s
Rendered 9806/16242, time remaining: 7m 18s
Rendered 9807/16242, time remaining: 7m 18s
Rendered 9808/16242, time remaining: 7m 18s
Rendered 9809/16242, time remaining: 7m 18s
Rendered 9810/16242, time remaining: 7m 18s
Rendered 9811/16242, time remaining: 7m 17s
Rendered 9812/16242, time remaining: 7m 17s
Rendered 9813/16242, time remaining: 7m 17s
Rendered 9814/16242, time remaining: 7m 17s
Rendered 9815/16242, time remaining: 7m 17s
Rendered 9816/16242, time remaining: 7m 17s
Rendered 9817/16242, time remaining: 7m 17s
Rendered 9818/16242, time remaining: 7m 17s
Rendered 9819/16242, time remaining: 7m 17s
Rendered 9820/16242, time remaining: 7m 17s
Rendered 9821/16242, time remaining: 7m 17s
Rendered 9822/16242, time remaining: 7m 17s
Rendered 9823/16242, time remaining: 7m 17s
Rendered 9824/16242, time remaining: 7m 17s
Rendered 9825/16242, time remaining: 7m 16s
Rendered 9826/16242, time remaining: 7m 16s
Rendered 9827/16242, time remaining: 7m 16s
Rendered 9828/16242, time remaining: 7m 16s
Rendered 9829/16242, time remaining: 7m 16s
Rendered 9830/16242, time remaining: 7m 16s
Rendered 9831/16242, time remaining: 7m 16s
Rendered 9832/16242, time remaining: 7m 16s
Rendered 9833/16242, time remaining: 7m 16s
Rendered 9834/16242, time remaining: 7m 16s
Rendered 9835/16242, time remaining: 7m 16s
Rendered 9836/16242, time remaining: 7m 16s
Rendered 9837/16242, time remaining: 7m 16s
Rendered 9838/16242, time remaining: 7m 16s
Rendered 9839/16242, time remaining: 7m 16s
Rendered 9840/16242, time remaining: 7m 15s
Rendered 9841/16242, time remaining: 7m 15s
Rendered 9842/16242, time remaining: 7m 15s
Rendered 9843/16242, time remaining: 7m 15s
Rendered 9844/16242, time remaining: 7m 15s
Rendered 9845/16242, time remaining: 7m 15s
Rendered 9846/16242, time remaining: 7m 15s
Rendered 9847/16242, time remaining: 7m 15s
Rendered 9848/16242, time remaining: 7m 15s
Rendered 9849/16242, time remaining: 7m 15s
Rendered 9850/16242, time remaining: 7m 15s
Rendered 9851/16242, time remaining: 7m 15s
Rendered 9852/16242, time remaining: 7m 15s
Rendered 9853/16242, time remaining: 7m 15s
Rendered 9854/16242, time remaining: 7m 14s
Rendered 9855/16242, time remaining: 7m 14s
Rendered 9856/16242, time remaining: 7m 14s
Rendered 9857/16242, time remaining: 7m 14s
Rendered 9858/16242, time remaining: 7m 14s
Rendered 9859/16242, time remaining: 7m 14s
Rendered 9860/16242, time remaining: 7m 14s
Rendered 9861/16242, time remaining: 7m 14s
Rendered 9862/16242, time remaining: 7m 14s
Rendered 9863/16242, time remaining: 7m 14s
Rendered 9864/16242, time remaining: 7m 14s
Rendered 9865/16242, time remaining: 7m 14s
Rendered 9866/16242, time remaining: 7m 14s
Rendered 9867/16242, time remaining: 7m 14s
Rendered 9868/16242, time remaining: 7m 14s
Rendered 9869/16242, time remaining: 7m 13s
Rendered 9870/16242, time remaining: 7m 13s
Rendered 9871/16242, time remaining: 7m 13s
Rendered 9872/16242, time remaining: 7m 13s
Rendered 9873/16242, time remaining: 7m 13s
Rendered 9874/16242, time remaining: 7m 13s
Rendered 9875/16242, time remaining: 7m 13s
Rendered 9876/16242, time remaining: 7m 13s
Rendered 9877/16242, time remaining: 7m 13s
Rendered 9878/16242, time remaining: 7m 13s
Rendered 9879/16242, time remaining: 7m 13s
Rendered 9880/16242, time remaining: 7m 13s
Rendered 9881/16242, time remaining: 7m 13s
Rendered 9882/16242, time remaining: 7m 13s
Rendered 9883/16242, time remaining: 7m 12s
Rendered 9884/16242, time remaining: 7m 12s
Rendered 9885/16242, time remaining: 7m 12s
Rendered 9886/16242, time remaining: 7m 12s
Rendered 9887/16242, time remaining: 7m 12s
Rendered 9888/16242, time remaining: 7m 12s
Rendered 9889/16242, time remaining: 7m 12s
Rendered 9890/16242, time remaining: 7m 12s
Rendered 9891/16242, time remaining: 7m 12s
Rendered 9892/16242, time remaining: 7m 12s
Rendered 9893/16242, time remaining: 7m 12s
Rendered 9894/16242, time remaining: 7m 12s
Rendered 9895/16242, time remaining: 7m 12s
Rendered 9896/16242, time remaining: 7m 12s
Rendered 9897/16242, time remaining: 7m 12s
Rendered 9898/16242, time remaining: 7m 11s
Rendered 9899/16242, time remaining: 7m 11s
Rendered 9900/16242, time remaining: 7m 11s
Rendered 9901/16242, time remaining: 7m 11s
Rendered 9902/16242, time remaining: 7m 11s
Rendered 9903/16242, time remaining: 7m 11s
Rendered 9904/16242, time remaining: 7m 11s
Rendered 9905/16242, time remaining: 7m 11s
Rendered 9906/16242, time remaining: 7m 11s
Rendered 9907/16242, time remaining: 7m 11s
Rendered 9908/16242, time remaining: 7m 11s
Rendered 9909/16242, time remaining: 7m 11s
Rendered 9910/16242, time remaining: 7m 11s
Rendered 9911/16242, time remaining: 7m 11s
Rendered 9912/16242, time remaining: 7m 10s
Rendered 9913/16242, time remaining: 7m 10s
Rendered 9914/16242, time remaining: 7m 10s
Rendered 9915/16242, time remaining: 7m 10s
Rendered 9916/16242, time remaining: 7m 10s
Rendered 9917/16242, time remaining: 7m 10s
Rendered 9918/16242, time remaining: 7m 10s
Rendered 9919/16242, time remaining: 7m 10s
Rendered 9920/16242, time remaining: 7m 10s
Rendered 9921/16242, time remaining: 7m 10s
Rendered 9922/16242, time remaining: 7m 10s
Rendered 9923/16242, time remaining: 7m 10s
Rendered 9924/16242, time remaining: 7m 10s
Rendered 9925/16242, time remaining: 7m 10s
Rendered 9926/16242, time remaining: 7m 10s
Rendered 9927/16242, time remaining: 7m 9s
Rendered 9928/16242, time remaining: 7m 9s
Rendered 9929/16242, time remaining: 7m 9s
Rendered 9930/16242, time remaining: 7m 9s
Rendered 9931/16242, time remaining: 7m 9s
Rendered 9932/16242, time remaining: 7m 9s
Rendered 9933/16242, time remaining: 7m 9s
Rendered 9934/16242, time remaining: 7m 9s
Rendered 9935/16242, time remaining: 7m 9s
Rendered 9936/16242, time remaining: 7m 9s
Rendered 9937/16242, time remaining: 7m 9s
Rendered 9938/16242, time remaining: 7m 9s
Rendered 9939/16242, time remaining: 7m 9s
Rendered 9940/16242, time remaining: 7m 9s
Rendered 9941/16242, time remaining: 7m 8s
Rendered 9942/16242, time remaining: 7m 8s
Rendered 9943/16242, time remaining: 7m 8s
Rendered 9944/16242, time remaining: 7m 8s
Rendered 9945/16242, time remaining: 7m 8s
Rendered 9946/16242, time remaining: 7m 8s
Rendered 9947/16242, time remaining: 7m 8s
Rendered 9948/16242, time remaining: 7m 8s
Rendered 9949/16242, time remaining: 7m 8s
Rendered 9950/16242, time remaining: 7m 8s
Rendered 9951/16242, time remaining: 7m 8s
Rendered 9952/16242, time remaining: 7m 8s
Rendered 9953/16242, time remaining: 7m 8s
Rendered 9954/16242, time remaining: 7m 8s
Rendered 9955/16242, time remaining: 7m 8s
Rendered 9956/16242, time remaining: 7m 7s
Rendered 9957/16242, time remaining: 7m 7s
Rendered 9958/16242, time remaining: 7m 7s
Rendered 9959/16242, time remaining: 7m 7s
Rendered 9960/16242, time remaining: 7m 7s
Rendered 9961/16242, time remaining: 7m 7s
Rendered 9962/16242, time remaining: 7m 7s
Rendered 9963/16242, time remaining: 7m 7s
Rendered 9964/16242, time remaining: 7m 7s
Rendered 9965/16242, time remaining: 7m 7s
Rendered 9966/16242, time remaining: 7m 7s
Rendered 9967/16242, time remaining: 7m 7s
Rendered 9968/16242, time remaining: 7m 7s
Rendered 9969/16242, time remaining: 7m 7s
Rendered 9970/16242, time remaining: 7m 7s
Rendered 9971/16242, time remaining: 7m 6s
Rendered 9972/16242, time remaining: 7m 6s
Rendered 9973/16242, time remaining: 7m 6s
Rendered 9974/16242, time remaining: 7m 6s
Rendered 9975/16242, time remaining: 7m 6s
Rendered 9976/16242, time remaining: 7m 6s
Rendered 9977/16242, time remaining: 7m 6s
Rendered 9978/16242, time remaining: 7m 6s
Rendered 9979/16242, time remaining: 7m 6s
Rendered 9980/16242, time remaining: 7m 6s
Rendered 9981/16242, time remaining: 7m 6s
Rendered 9982/16242, time remaining: 7m 6s
Rendered 9983/16242, time remaining: 7m 6s
Rendered 9984/16242, time remaining: 7m 6s
Rendered 9985/16242, time remaining: 7m 6s
Rendered 9986/16242, time remaining: 7m 5s
Rendered 9987/16242, time remaining: 7m 5s
Rendered 9988/16242, time remaining: 7m 5s
Rendered 9989/16242, time remaining: 7m 5s
Rendered 9990/16242, time remaining: 7m 5s
Rendered 9991/16242, time remaining: 7m 5s
Rendered 9992/16242, time remaining: 7m 5s
Rendered 9993/16242, time remaining: 7m 5s
Rendered 9994/16242, time remaining: 7m 5s
Rendered 9995/16242, time remaining: 7m 5s
Rendered 9996/16242, time remaining: 7m 5s
Rendered 9997/16242, time remaining: 7m 5s
Rendered 9998/16242, time remaining: 7m 5s
Rendered 9999/16242, time remaining: 7m 5s
Rendered 10000/16242, time remaining: 7m 4s
Rendered 10001/16242, time remaining: 7m 4s
Rendered 10002/16242, time remaining: 7m 4s
Rendered 10003/16242, time remaining: 7m 4s
Rendered 10004/16242, time remaining: 7m 4s
Rendered 10005/16242, time remaining: 7m 4s
Rendered 10006/16242, time remaining: 7m 4s
Rendered 10007/16242, time remaining: 7m 4s
Rendered 10008/16242, time remaining: 7m 4s
Rendered 10009/16242, time remaining: 7m 4s
Rendered 10010/16242, time remaining: 7m 4s
Rendered 10011/16242, time remaining: 7m 4s
Rendered 10012/16242, time remaining: 7m 4s
Rendered 10013/16242, time remaining: 7m 4s
Rendered 10014/16242, time remaining: 7m 3s
Rendered 10015/16242, time remaining: 7m 3s
Rendered 10016/16242, time remaining: 7m 3s
Rendered 10017/16242, time remaining: 7m 3s
Rendered 10018/16242, time remaining: 7m 3s
Rendered 10019/16242, time remaining: 7m 3s
Rendered 10020/16242, time remaining: 7m 3s
Rendered 10021/16242, time remaining: 7m 3s
Rendered 10022/16242, time remaining: 7m 3s
Rendered 10023/16242, time remaining: 7m 3s
Rendered 10024/16242, time remaining: 7m 3s
Rendered 10025/16242, time remaining: 7m 3s
Rendered 10026/16242, time remaining: 7m 3s
Rendered 10027/16242, time remaining: 7m 3s
Rendered 10028/16242, time remaining: 7m 3s
Rendered 10029/16242, time remaining: 7m 2s
Rendered 10030/16242, time remaining: 7m 2s
Rendered 10031/16242, time remaining: 7m 2s
Rendered 10032/16242, time remaining: 7m 2s
Rendered 10033/16242, time remaining: 7m 2s
Rendered 10034/16242, time remaining: 7m 2s
Rendered 10035/16242, time remaining: 7m 2s
Rendered 10036/16242, time remaining: 7m 2s
Rendered 10037/16242, time remaining: 7m 2s
Rendered 10038/16242, time remaining: 7m 2s
Rendered 10039/16242, time remaining: 7m 2s
Rendered 10040/16242, time remaining: 7m 2s
Rendered 10041/16242, time remaining: 7m 2s
Rendered 10042/16242, time remaining: 7m 2s
Rendered 10043/16242, time remaining: 7m 1s
Rendered 10044/16242, time remaining: 7m 1s
Rendered 10045/16242, time remaining: 7m 1s
Rendered 10046/16242, time remaining: 7m 1s
Rendered 10047/16242, time remaining: 7m 1s
Rendered 10048/16242, time remaining: 7m 1s
Rendered 10049/16242, time remaining: 7m 1s
Rendered 10050/16242, time remaining: 7m 1s
Rendered 10051/16242, time remaining: 7m 1s
Rendered 10052/16242, time remaining: 7m 1s
Rendered 10053/16242, time remaining: 7m 1s
Rendered 10054/16242, time remaining: 7m 1s
Rendered 10055/16242, time remaining: 7m 1s
Rendered 10056/16242, time remaining: 7m 1s
Rendered 10057/16242, time remaining: 7m 1s
Rendered 10058/16242, time remaining: 7m 1s
Rendered 10059/16242, time remaining: 7m 0s
Rendered 10060/16242, time remaining: 7m 0s
Rendered 10061/16242, time remaining: 7m 0s
Rendered 10062/16242, time remaining: 7m 0s
Rendered 10063/16242, time remaining: 7m 0s
Rendered 10064/16242, time remaining: 7m 0s
Rendered 10065/16242, time remaining: 7m 0s
Rendered 10066/16242, time remaining: 7m 0s
Rendered 10067/16242, time remaining: 7m 0s
Rendered 10068/16242, time remaining: 7m 0s
Rendered 10069/16242, time remaining: 7m 0s
Rendered 10070/16242, time remaining: 7m 0s
Rendered 10071/16242, time remaining: 7m 0s
Rendered 10072/16242, time remaining: 7m 0s
Rendered 10073/16242, time remaining: 6m 59s
Rendered 10074/16242, time remaining: 6m 59s
Rendered 10075/16242, time remaining: 6m 59s
Rendered 10076/16242, time remaining: 6m 59s
Rendered 10077/16242, time remaining: 6m 59s
Rendered 10078/16242, time remaining: 6m 59s
Rendered 10079/16242, time remaining: 6m 59s
Rendered 10080/16242, time remaining: 6m 59s
Rendered 10081/16242, time remaining: 6m 59s
Rendered 10082/16242, time remaining: 6m 59s
Rendered 10083/16242, time remaining: 6m 59s
Rendered 10084/16242, time remaining: 6m 59s
Rendered 10085/16242, time remaining: 6m 59s
Rendered 10086/16242, time remaining: 6m 59s
Rendered 10087/16242, time remaining: 6m 59s
Rendered 10088/16242, time remaining: 6m 58s
Rendered 10089/16242, time remaining: 6m 58s
Rendered 10090/16242, time remaining: 6m 58s
Rendered 10091/16242, time remaining: 6m 58s
Rendered 10092/16242, time remaining: 6m 58s
Rendered 10093/16242, time remaining: 6m 58s
Rendered 10094/16242, time remaining: 6m 58s
Rendered 10095/16242, time remaining: 6m 58s
Rendered 10096/16242, time remaining: 6m 58s
Rendered 10097/16242, time remaining: 6m 58s
Rendered 10098/16242, time remaining: 6m 58s
Rendered 10099/16242, time remaining: 6m 58s
Rendered 10100/16242, time remaining: 6m 58s
Rendered 10101/16242, time remaining: 6m 58s
Rendered 10102/16242, time remaining: 6m 57s
Rendered 10103/16242, time remaining: 6m 57s
Rendered 10104/16242, time remaining: 6m 57s
Rendered 10105/16242, time remaining: 6m 57s
Rendered 10106/16242, time remaining: 6m 57s
Rendered 10107/16242, time remaining: 6m 57s
Rendered 10108/16242, time remaining: 6m 57s
Rendered 10109/16242, time remaining: 6m 57s
Rendered 10110/16242, time remaining: 6m 57s
Rendered 10111/16242, time remaining: 6m 57s
Rendered 10112/16242, time remaining: 6m 57s
Rendered 10113/16242, time remaining: 6m 57s
Rendered 10114/16242, time remaining: 6m 57s
Rendered 10115/16242, time remaining: 6m 57s
Rendered 10116/16242, time remaining: 6m 57s
Rendered 10117/16242, time remaining: 6m 56s
Rendered 10118/16242, time remaining: 6m 56s
Rendered 10119/16242, time remaining: 6m 56s
Rendered 10120/16242, time remaining: 6m 56s
Rendered 10121/16242, time remaining: 6m 56s
Rendered 10122/16242, time remaining: 6m 56s
Rendered 10123/16242, time remaining: 6m 56s
Rendered 10124/16242, time remaining: 6m 56s
Rendered 10125/16242, time remaining: 6m 56s
Rendered 10126/16242, time remaining: 6m 56s
Rendered 10127/16242, time remaining: 6m 56s
Rendered 10128/16242, time remaining: 6m 56s
Rendered 10129/16242, time remaining: 6m 56s
Rendered 10130/16242, time remaining: 6m 56s
Rendered 10131/16242, time remaining: 6m 55s
Rendered 10132/16242, time remaining: 6m 55s
Rendered 10133/16242, time remaining: 6m 55s
Rendered 10134/16242, time remaining: 6m 55s
Rendered 10135/16242, time remaining: 6m 55s
Rendered 10136/16242, time remaining: 6m 55s
Rendered 10137/16242, time remaining: 6m 55s
Rendered 10138/16242, time remaining: 6m 55s
Rendered 10139/16242, time remaining: 6m 55s
Rendered 10140/16242, time remaining: 6m 55s
Rendered 10141/16242, time remaining: 6m 55s
Rendered 10142/16242, time remaining: 6m 55s
Rendered 10143/16242, time remaining: 6m 55s
Rendered 10144/16242, time remaining: 6m 55s
Rendered 10145/16242, time remaining: 6m 55s
Rendered 10146/16242, time remaining: 6m 54s
Rendered 10147/16242, time remaining: 6m 54s
Rendered 10148/16242, time remaining: 6m 54s
Rendered 10149/16242, time remaining: 6m 54s
Rendered 10150/16242, time remaining: 6m 54s
Rendered 10151/16242, time remaining: 6m 54s
Rendered 10152/16242, time remaining: 6m 54s
Rendered 10153/16242, time remaining: 6m 54s
Rendered 10154/16242, time remaining: 6m 54s
Rendered 10155/16242, time remaining: 6m 54s
Rendered 10156/16242, time remaining: 6m 54s
Rendered 10157/16242, time remaining: 6m 54s
Rendered 10158/16242, time remaining: 6m 54s
Rendered 10159/16242, time remaining: 6m 54s
Rendered 10160/16242, time remaining: 6m 53s
Rendered 10161/16242, time remaining: 6m 53s
Rendered 10162/16242, time remaining: 6m 53s
Rendered 10163/16242, time remaining: 6m 53s
Rendered 10164/16242, time remaining: 6m 53s
Rendered 10165/16242, time remaining: 6m 53s
Rendered 10166/16242, time remaining: 6m 53s
Rendered 10167/16242, time remaining: 6m 53s
Rendered 10168/16242, time remaining: 6m 53s
Rendered 10169/16242, time remaining: 6m 53s
Rendered 10170/16242, time remaining: 6m 53s
Rendered 10171/16242, time remaining: 6m 53s
Rendered 10172/16242, time remaining: 6m 53s
Rendered 10173/16242, time remaining: 6m 53s
Rendered 10174/16242, time remaining: 6m 52s
Rendered 10175/16242, time remaining: 6m 52s
Rendered 10176/16242, time remaining: 6m 52s
Rendered 10177/16242, time remaining: 6m 52s
Rendered 10178/16242, time remaining: 6m 52s
Rendered 10179/16242, time remaining: 6m 52s
Rendered 10180/16242, time remaining: 6m 52s
Rendered 10181/16242, time remaining: 6m 52s
Rendered 10182/16242, time remaining: 6m 52s
Rendered 10183/16242, time remaining: 6m 52s
Rendered 10184/16242, time remaining: 6m 52s
Rendered 10185/16242, time remaining: 6m 52s
Rendered 10186/16242, time remaining: 6m 52s
Rendered 10187/16242, time remaining: 6m 52s
Rendered 10188/16242, time remaining: 6m 52s
Rendered 10189/16242, time remaining: 6m 51s
Rendered 10190/16242, time remaining: 6m 51s
Rendered 10191/16242, time remaining: 6m 51s
Rendered 10192/16242, time remaining: 6m 51s
Rendered 10193/16242, time remaining: 6m 51s
Rendered 10194/16242, time remaining: 6m 51s
Rendered 10195/16242, time remaining: 6m 51s
Rendered 10196/16242, time remaining: 6m 51s
Rendered 10197/16242, time remaining: 6m 51s
Rendered 10198/16242, time remaining: 6m 51s
Rendered 10199/16242, time remaining: 6m 51s
Rendered 10200/16242, time remaining: 6m 51s
Rendered 10201/16242, time remaining: 6m 51s
Rendered 10202/16242, time remaining: 6m 51s
Rendered 10203/16242, time remaining: 6m 51s
Rendered 10204/16242, time remaining: 6m 50s
Rendered 10205/16242, time remaining: 6m 50s
Rendered 10206/16242, time remaining: 6m 50s
Rendered 10207/16242, time remaining: 6m 50s
Rendered 10208/16242, time remaining: 6m 50s
Rendered 10209/16242, time remaining: 6m 50s
Rendered 10210/16242, time remaining: 6m 50s
Rendered 10211/16242, time remaining: 6m 50s
Rendered 10212/16242, time remaining: 6m 50s
Rendered 10213/16242, time remaining: 6m 50s
Rendered 10214/16242, time remaining: 6m 50s
Rendered 10215/16242, time remaining: 6m 50s
Rendered 10216/16242, time remaining: 6m 50s
Rendered 10217/16242, time remaining: 6m 50s
Rendered 10218/16242, time remaining: 6m 49s
Rendered 10219/16242, time remaining: 6m 49s
Rendered 10220/16242, time remaining: 6m 49s
Rendered 10221/16242, time remaining: 6m 49s
Rendered 10222/16242, time remaining: 6m 49s
Rendered 10223/16242, time remaining: 6m 49s
Rendered 10224/16242, time remaining: 6m 49s
Rendered 10225/16242, time remaining: 6m 49s
Rendered 10226/16242, time remaining: 6m 49s
Rendered 10227/16242, time remaining: 6m 49s
Rendered 10228/16242, time remaining: 6m 49s
Rendered 10229/16242, time remaining: 6m 49s
Rendered 10230/16242, time remaining: 6m 49s
Rendered 10231/16242, time remaining: 6m 49s
Rendered 10232/16242, time remaining: 6m 49s
Rendered 10233/16242, time remaining: 6m 48s
Rendered 10234/16242, time remaining: 6m 48s
Rendered 10235/16242, time remaining: 6m 48s
Rendered 10236/16242, time remaining: 6m 48s
Rendered 10237/16242, time remaining: 6m 48s
Rendered 10238/16242, time remaining: 6m 48s
Rendered 10239/16242, time remaining: 6m 48s
Rendered 10240/16242, time remaining: 6m 48s
Rendered 10241/16242, time remaining: 6m 48s
Rendered 10242/16242, time remaining: 6m 48s
Rendered 10243/16242, time remaining: 6m 48s
Rendered 10244/16242, time remaining: 6m 48s
Rendered 10245/16242, time remaining: 6m 48s
Rendered 10246/16242, time remaining: 6m 48s
Rendered 10247/16242, time remaining: 6m 47s
Rendered 10248/16242, time remaining: 6m 47s
Rendered 10249/16242, time remaining: 6m 47s
Rendered 10250/16242, time remaining: 6m 47s
Rendered 10251/16242, time remaining: 6m 47s
Rendered 10252/16242, time remaining: 6m 47s
Rendered 10253/16242, time remaining: 6m 47s
Rendered 10254/16242, time remaining: 6m 47s
Rendered 10255/16242, time remaining: 6m 47s
Rendered 10256/16242, time remaining: 6m 47s
Rendered 10257/16242, time remaining: 6m 47s
Rendered 10258/16242, time remaining: 6m 47s
Rendered 10259/16242, time remaining: 6m 47s
Rendered 10260/16242, time remaining: 6m 47s
Rendered 10261/16242, time remaining: 6m 47s
Rendered 10262/16242, time remaining: 6m 46s
Rendered 10263/16242, time remaining: 6m 46s
Rendered 10264/16242, time remaining: 6m 46s
Rendered 10265/16242, time remaining: 6m 46s
Rendered 10266/16242, time remaining: 6m 46s
Rendered 10267/16242, time remaining: 6m 46s
Rendered 10268/16242, time remaining: 6m 46s
Rendered 10269/16242, time remaining: 6m 46s
Rendered 10270/16242, time remaining: 6m 46s
Rendered 10271/16242, time remaining: 6m 46s
Rendered 10272/16242, time remaining: 6m 46s
Rendered 10273/16242, time remaining: 6m 46s
Rendered 10274/16242, time remaining: 6m 46s
Rendered 10275/16242, time remaining: 6m 46s
Rendered 10276/16242, time remaining: 6m 45s
Rendered 10277/16242, time remaining: 6m 45s
Rendered 10278/16242, time remaining: 6m 45s
Rendered 10279/16242, time remaining: 6m 45s
Rendered 10280/16242, time remaining: 6m 45s
Rendered 10281/16242, time remaining: 6m 45s
Rendered 10282/16242, time remaining: 6m 45s
Rendered 10283/16242, time remaining: 6m 45s
Rendered 10284/16242, time remaining: 6m 45s
Rendered 10285/16242, time remaining: 6m 45s
Rendered 10286/16242, time remaining: 6m 45s
Rendered 10287/16242, time remaining: 6m 45s
Rendered 10288/16242, time remaining: 6m 45s
Rendered 10289/16242, time remaining: 6m 45s
Rendered 10290/16242, time remaining: 6m 45s
Rendered 10291/16242, time remaining: 6m 44s
Rendered 10292/16242, time remaining: 6m 44s
Rendered 10293/16242, time remaining: 6m 44s
Rendered 10294/16242, time remaining: 6m 44s
Rendered 10295/16242, time remaining: 6m 44s
Rendered 10296/16242, time remaining: 6m 44s
Rendered 10297/16242, time remaining: 6m 44s
Rendered 10298/16242, time remaining: 6m 44s
Rendered 10299/16242, time remaining: 6m 44s
Rendered 10300/16242, time remaining: 6m 44s
Rendered 10301/16242, time remaining: 6m 44s
Rendered 10302/16242, time remaining: 6m 44s
Rendered 10303/16242, time remaining: 6m 44s
Rendered 10304/16242, time remaining: 6m 44s
Rendered 10305/16242, time remaining: 6m 43s
Rendered 10306/16242, time remaining: 6m 43s
Rendered 10307/16242, time remaining: 6m 43s
Rendered 10308/16242, time remaining: 6m 43s
Rendered 10309/16242, time remaining: 6m 43s
Rendered 10310/16242, time remaining: 6m 43s
Rendered 10311/16242, time remaining: 6m 43s
Rendered 10312/16242, time remaining: 6m 43s
Rendered 10313/16242, time remaining: 6m 43s
Rendered 10314/16242, time remaining: 6m 43s
Rendered 10315/16242, time remaining: 6m 43s
Rendered 10316/16242, time remaining: 6m 43s
Rendered 10317/16242, time remaining: 6m 43s
Rendered 10318/16242, time remaining: 6m 43s
Rendered 10319/16242, time remaining: 6m 43s
Rendered 10320/16242, time remaining: 6m 42s
Rendered 10321/16242, time remaining: 6m 42s
Rendered 10322/16242, time remaining: 6m 42s
Rendered 10323/16242, time remaining: 6m 42s
Rendered 10324/16242, time remaining: 6m 42s
Rendered 10325/16242, time remaining: 6m 42s
Rendered 10326/16242, time remaining: 6m 42s
Rendered 10327/16242, time remaining: 6m 42s
Rendered 10328/16242, time remaining: 6m 42s
Rendered 10329/16242, time remaining: 6m 42s
Rendered 10330/16242, time remaining: 6m 42s
Rendered 10331/16242, time remaining: 6m 42s
Rendered 10332/16242, time remaining: 6m 42s
Rendered 10333/16242, time remaining: 6m 42s
Rendered 10334/16242, time remaining: 6m 41s
Rendered 10335/16242, time remaining: 6m 41s
Rendered 10336/16242, time remaining: 6m 41s
Rendered 10337/16242, time remaining: 6m 41s
Rendered 10338/16242, time remaining: 6m 41s
Rendered 10339/16242, time remaining: 6m 41s
Rendered 10340/16242, time remaining: 6m 41s
Rendered 10341/16242, time remaining: 6m 41s
Rendered 10342/16242, time remaining: 6m 41s
Rendered 10343/16242, time remaining: 6m 41s
Rendered 10344/16242, time remaining: 6m 41s
Rendered 10345/16242, time remaining: 6m 41s
Rendered 10346/16242, time remaining: 6m 41s
Rendered 10347/16242, time remaining: 6m 41s
Rendered 10348/16242, time remaining: 6m 41s
Rendered 10349/16242, time remaining: 6m 40s
Rendered 10350/16242, time remaining: 6m 40s
Rendered 10351/16242, time remaining: 6m 40s
Rendered 10352/16242, time remaining: 6m 40s
Rendered 10353/16242, time remaining: 6m 40s
Rendered 10354/16242, time remaining: 6m 40s
Rendered 10355/16242, time remaining: 6m 40s
Rendered 10356/16242, time remaining: 6m 40s
Rendered 10357/16242, time remaining: 6m 40s
Rendered 10358/16242, time remaining: 6m 40s
Rendered 10359/16242, time remaining: 6m 40s
Rendered 10360/16242, time remaining: 6m 40s
Rendered 10361/16242, time remaining: 6m 40s
Rendered 10362/16242, time remaining: 6m 40s
Rendered 10363/16242, time remaining: 6m 39s
Rendered 10364/16242, time remaining: 6m 39s
Rendered 10365/16242, time remaining: 6m 39s
Rendered 10366/16242, time remaining: 6m 39s
Rendered 10367/16242, time remaining: 6m 39s
Rendered 10368/16242, time remaining: 6m 39s
Rendered 10369/16242, time remaining: 6m 39s
Rendered 10370/16242, time remaining: 6m 39s
Rendered 10371/16242, time remaining: 6m 39s
Rendered 10372/16242, time remaining: 6m 39s
Rendered 10373/16242, time remaining: 6m 39s
Rendered 10374/16242, time remaining: 6m 39s
Rendered 10375/16242, time remaining: 6m 39s
Rendered 10376/16242, time remaining: 6m 39s
Rendered 10377/16242, time remaining: 6m 39s
Rendered 10378/16242, time remaining: 6m 38s
Rendered 10379/16242, time remaining: 6m 38s
Rendered 10380/16242, time remaining: 6m 38s
Rendered 10381/16242, time remaining: 6m 38s
Rendered 10382/16242, time remaining: 6m 38s
Rendered 10383/16242, time remaining: 6m 38s
Rendered 10384/16242, time remaining: 6m 38s
Rendered 10385/16242, time remaining: 6m 38s
Rendered 10386/16242, time remaining: 6m 38s
Rendered 10387/16242, time remaining: 6m 38s
Rendered 10388/16242, time remaining: 6m 38s
Rendered 10389/16242, time remaining: 6m 38s
Rendered 10390/16242, time remaining: 6m 38s
Rendered 10391/16242, time remaining: 6m 38s
Rendered 10392/16242, time remaining: 6m 37s
Rendered 10393/16242, time remaining: 6m 37s
Rendered 10394/16242, time remaining: 6m 37s
Rendered 10395/16242, time remaining: 6m 37s
Rendered 10396/16242, time remaining: 6m 37s
Rendered 10397/16242, time remaining: 6m 37s
Rendered 10398/16242, time remaining: 6m 37s
Rendered 10399/16242, time remaining: 6m 37s
Rendered 10400/16242, time remaining: 6m 37s
Rendered 10401/16242, time remaining: 6m 37s
Rendered 10402/16242, time remaining: 6m 37s
Rendered 10403/16242, time remaining: 6m 37s
Rendered 10404/16242, time remaining: 6m 37s
Rendered 10405/16242, time remaining: 6m 37s
Rendered 10406/16242, time remaining: 6m 37s
Rendered 10407/16242, time remaining: 6m 36s
Rendered 10408/16242, time remaining: 6m 36s
Rendered 10409/16242, time remaining: 6m 36s
Rendered 10410/16242, time remaining: 6m 36s
Rendered 10411/16242, time remaining: 6m 36s
Rendered 10412/16242, time remaining: 6m 36s
Rendered 10413/16242, time remaining: 6m 36s
Rendered 10414/16242, time remaining: 6m 36s
Rendered 10415/16242, time remaining: 6m 36s
Rendered 10416/16242, time remaining: 6m 36s
Rendered 10417/16242, time remaining: 6m 36s
Rendered 10418/16242, time remaining: 6m 36s
Rendered 10419/16242, time remaining: 6m 36s
Rendered 10420/16242, time remaining: 6m 36s
Rendered 10421/16242, time remaining: 6m 35s
Rendered 10422/16242, time remaining: 6m 35s
Rendered 10423/16242, time remaining: 6m 35s
Rendered 10424/16242, time remaining: 6m 35s
Rendered 10425/16242, time remaining: 6m 35s
Rendered 10426/16242, time remaining: 6m 35s
Rendered 10427/16242, time remaining: 6m 35s
Rendered 10428/16242, time remaining: 6m 35s
Rendered 10429/16242, time remaining: 6m 35s
Rendered 10430/16242, time remaining: 6m 35s
Rendered 10431/16242, time remaining: 6m 35s
Rendered 10432/16242, time remaining: 6m 35s
Rendered 10433/16242, time remaining: 6m 35s
Rendered 10434/16242, time remaining: 6m 35s
Rendered 10435/16242, time remaining: 6m 35s
Rendered 10436/16242, time remaining: 6m 34s
Rendered 10437/16242, time remaining: 6m 34s
Rendered 10438/16242, time remaining: 6m 34s
Rendered 10439/16242, time remaining: 6m 34s
Rendered 10440/16242, time remaining: 6m 34s
Rendered 10441/16242, time remaining: 6m 34s
Rendered 10442/16242, time remaining: 6m 34s
Rendered 10443/16242, time remaining: 6m 34s
Rendered 10444/16242, time remaining: 6m 34s
Rendered 10445/16242, time remaining: 6m 34s
Rendered 10446/16242, time remaining: 6m 34s
Rendered 10447/16242, time remaining: 6m 34s
Rendered 10448/16242, time remaining: 6m 34s
Rendered 10449/16242, time remaining: 6m 34s
Rendered 10450/16242, time remaining: 6m 33s
Rendered 10451/16242, time remaining: 6m 33s
Rendered 10452/16242, time remaining: 6m 33s
Rendered 10453/16242, time remaining: 6m 33s
Rendered 10454/16242, time remaining: 6m 33s
Rendered 10455/16242, time remaining: 6m 33s
Rendered 10456/16242, time remaining: 6m 33s
Rendered 10457/16242, time remaining: 6m 33s
Rendered 10458/16242, time remaining: 6m 33s
Rendered 10459/16242, time remaining: 6m 33s
Rendered 10460/16242, time remaining: 6m 33s
Rendered 10461/16242, time remaining: 6m 33s
Rendered 10462/16242, time remaining: 6m 33s
Rendered 10463/16242, time remaining: 6m 33s
Rendered 10464/16242, time remaining: 6m 32s
Rendered 10465/16242, time remaining: 6m 32s
Rendered 10466/16242, time remaining: 6m 32s
Rendered 10467/16242, time remaining: 6m 32s
Rendered 10468/16242, time remaining: 6m 32s
Rendered 10469/16242, time remaining: 6m 32s
Rendered 10470/16242, time remaining: 6m 32s
Rendered 10471/16242, time remaining: 6m 32s
Rendered 10472/16242, time remaining: 6m 32s
Rendered 10473/16242, time remaining: 6m 32s
Rendered 10474/16242, time remaining: 6m 32s
Rendered 10475/16242, time remaining: 6m 32s
Rendered 10476/16242, time remaining: 6m 32s
Rendered 10477/16242, time remaining: 6m 32s
Rendered 10478/16242, time remaining: 6m 32s
Rendered 10479/16242, time remaining: 6m 31s
Rendered 10480/16242, time remaining: 6m 31s
Rendered 10481/16242, time remaining: 6m 31s
Rendered 10482/16242, time remaining: 6m 31s
Rendered 10483/16242, time remaining: 6m 31s
Rendered 10484/16242, time remaining: 6m 31s
Rendered 10485/16242, time remaining: 6m 31s
Rendered 10486/16242, time remaining: 6m 31s
Rendered 10487/16242, time remaining: 6m 31s
Rendered 10488/16242, time remaining: 6m 31s
Rendered 10489/16242, time remaining: 6m 31s
Rendered 10490/16242, time remaining: 6m 31s
Rendered 10491/16242, time remaining: 6m 31s
Rendered 10492/16242, time remaining: 6m 31s
Rendered 10493/16242, time remaining: 6m 31s
Rendered 10494/16242, time remaining: 6m 30s
Rendered 10495/16242, time remaining: 6m 30s
Rendered 10496/16242, time remaining: 6m 30s
Rendered 10497/16242, time remaining: 6m 30s
Rendered 10498/16242, time remaining: 6m 30s
Rendered 10499/16242, time remaining: 6m 30s
Rendered 10500/16242, time remaining: 6m 30s
Rendered 10501/16242, time remaining: 6m 30s
Rendered 10502/16242, time remaining: 6m 30s
Rendered 10503/16242, time remaining: 6m 30s
Rendered 10504/16242, time remaining: 6m 30s
Rendered 10505/16242, time remaining: 6m 30s
Rendered 10506/16242, time remaining: 6m 30s
Rendered 10507/16242, time remaining: 6m 30s
Rendered 10508/16242, time remaining: 6m 29s
Rendered 10509/16242, time remaining: 6m 29s
Rendered 10510/16242, time remaining: 6m 29s
Rendered 10511/16242, time remaining: 6m 29s
Rendered 10512/16242, time remaining: 6m 29s
Rendered 10513/16242, time remaining: 6m 29s
Rendered 10514/16242, time remaining: 6m 29s
Rendered 10515/16242, time remaining: 6m 29s
Rendered 10516/16242, time remaining: 6m 29s
Rendered 10517/16242, time remaining: 6m 29s
Rendered 10518/16242, time remaining: 6m 29s
Rendered 10519/16242, time remaining: 6m 29s
Rendered 10520/16242, time remaining: 6m 29s
Rendered 10521/16242, time remaining: 6m 29s
Rendered 10522/16242, time remaining: 6m 28s
Rendered 10523/16242, time remaining: 6m 28s
Rendered 10524/16242, time remaining: 6m 28s
Rendered 10525/16242, time remaining: 6m 28s
Rendered 10526/16242, time remaining: 6m 28s
Rendered 10527/16242, time remaining: 6m 28s
Rendered 10528/16242, time remaining: 6m 28s
Rendered 10529/16242, time remaining: 6m 28s
Rendered 10530/16242, time remaining: 6m 28s
Rendered 10531/16242, time remaining: 6m 28s
Rendered 10532/16242, time remaining: 6m 28s
Rendered 10533/16242, time remaining: 6m 28s
Rendered 10534/16242, time remaining: 6m 28s
Rendered 10535/16242, time remaining: 6m 28s
Rendered 10536/16242, time remaining: 6m 28s
Rendered 10537/16242, time remaining: 6m 27s
Rendered 10538/16242, time remaining: 6m 27s
Rendered 10539/16242, time remaining: 6m 27s
Rendered 10540/16242, time remaining: 6m 27s
Rendered 10541/16242, time remaining: 6m 27s
Rendered 10542/16242, time remaining: 6m 27s
Rendered 10543/16242, time remaining: 6m 27s
Rendered 10544/16242, time remaining: 6m 27s
Rendered 10545/16242, time remaining: 6m 27s
Rendered 10546/16242, time remaining: 6m 27s
Rendered 10547/16242, time remaining: 6m 27s
Rendered 10548/16242, time remaining: 6m 27s
Rendered 10549/16242, time remaining: 6m 27s
Rendered 10550/16242, time remaining: 6m 27s
Rendered 10551/16242, time remaining: 6m 26s
Rendered 10552/16242, time remaining: 6m 26s
Rendered 10553/16242, time remaining: 6m 26s
Rendered 10554/16242, time remaining: 6m 26s
Rendered 10555/16242, time remaining: 6m 26s
Rendered 10556/16242, time remaining: 6m 26s
Rendered 10557/16242, time remaining: 6m 26s
Rendered 10558/16242, time remaining: 6m 26s
Rendered 10559/16242, time remaining: 6m 26s
Rendered 10560/16242, time remaining: 6m 26s
Rendered 10561/16242, time remaining: 6m 26s
Rendered 10562/16242, time remaining: 6m 26s
Rendered 10563/16242, time remaining: 6m 26s
Rendered 10564/16242, time remaining: 6m 26s
Rendered 10565/16242, time remaining: 6m 26s
Rendered 10566/16242, time remaining: 6m 25s
Rendered 10567/16242, time remaining: 6m 25s
Rendered 10568/16242, time remaining: 6m 25s
Rendered 10569/16242, time remaining: 6m 25s
Rendered 10570/16242, time remaining: 6m 25s
Rendered 10571/16242, time remaining: 6m 25s
Rendered 10572/16242, time remaining: 6m 25s
Rendered 10573/16242, time remaining: 6m 25s
Rendered 10574/16242, time remaining: 6m 25s
Rendered 10575/16242, time remaining: 6m 25s
Rendered 10576/16242, time remaining: 6m 25s
Rendered 10577/16242, time remaining: 6m 25s
Rendered 10578/16242, time remaining: 6m 25s
Rendered 10579/16242, time remaining: 6m 25s
Rendered 10580/16242, time remaining: 6m 24s
Rendered 10581/16242, time remaining: 6m 24s
Rendered 10582/16242, time remaining: 6m 24s
Rendered 10583/16242, time remaining: 6m 24s
Rendered 10584/16242, time remaining: 6m 24s
Rendered 10585/16242, time remaining: 6m 24s
Rendered 10586/16242, time remaining: 6m 24s
Rendered 10587/16242, time remaining: 6m 24s
Rendered 10588/16242, time remaining: 6m 24s
Rendered 10589/16242, time remaining: 6m 24s
Rendered 10590/16242, time remaining: 6m 24s
Rendered 10591/16242, time remaining: 6m 24s
Rendered 10592/16242, time remaining: 6m 24s
Rendered 10593/16242, time remaining: 6m 24s
Rendered 10594/16242, time remaining: 6m 24s
Rendered 10595/16242, time remaining: 6m 23s
Rendered 10596/16242, time remaining: 6m 23s
Rendered 10597/16242, time remaining: 6m 23s
Rendered 10598/16242, time remaining: 6m 23s
Rendered 10599/16242, time remaining: 6m 23s
Rendered 10600/16242, time remaining: 6m 23s
Rendered 10601/16242, time remaining: 6m 23s
Rendered 10602/16242, time remaining: 6m 23s
Rendered 10603/16242, time remaining: 6m 23s
Rendered 10604/16242, time remaining: 6m 23s
Rendered 10605/16242, time remaining: 6m 23s
Rendered 10606/16242, time remaining: 6m 23s
Rendered 10607/16242, time remaining: 6m 23s
Rendered 10608/16242, time remaining: 6m 23s
Rendered 10609/16242, time remaining: 6m 22s
Rendered 10610/16242, time remaining: 6m 22s
Rendered 10611/16242, time remaining: 6m 22s
Rendered 10612/16242, time remaining: 6m 22s
Rendered 10613/16242, time remaining: 6m 22s
Rendered 10614/16242, time remaining: 6m 22s
Rendered 10615/16242, time remaining: 6m 22s
Rendered 10616/16242, time remaining: 6m 22s
Rendered 10617/16242, time remaining: 6m 22s
Rendered 10618/16242, time remaining: 6m 22s
Rendered 10619/16242, time remaining: 6m 22s
Rendered 10620/16242, time remaining: 6m 22s
Rendered 10621/16242, time remaining: 6m 22s
Rendered 10622/16242, time remaining: 6m 22s
Rendered 10623/16242, time remaining: 6m 22s
Rendered 10624/16242, time remaining: 6m 21s
Rendered 10625/16242, time remaining: 6m 21s
Rendered 10626/16242, time remaining: 6m 21s
Rendered 10627/16242, time remaining: 6m 21s
Rendered 10628/16242, time remaining: 6m 21s
Rendered 10629/16242, time remaining: 6m 21s
Rendered 10630/16242, time remaining: 6m 21s
Rendered 10631/16242, time remaining: 6m 21s
Rendered 10632/16242, time remaining: 6m 21s
Rendered 10633/16242, time remaining: 6m 21s
Rendered 10634/16242, time remaining: 6m 21s
Rendered 10635/16242, time remaining: 6m 21s
Rendered 10636/16242, time remaining: 6m 21s
Rendered 10637/16242, time remaining: 6m 21s
Rendered 10638/16242, time remaining: 6m 21s
Rendered 10639/16242, time remaining: 6m 20s
Rendered 10640/16242, time remaining: 6m 20s
Rendered 10641/16242, time remaining: 6m 20s
Rendered 10642/16242, time remaining: 6m 20s
Rendered 10643/16242, time remaining: 6m 20s
Rendered 10644/16242, time remaining: 6m 20s
Rendered 10645/16242, time remaining: 6m 20s
Rendered 10646/16242, time remaining: 6m 20s
Rendered 10647/16242, time remaining: 6m 20s
Rendered 10648/16242, time remaining: 6m 20s
Rendered 10649/16242, time remaining: 6m 20s
Rendered 10650/16242, time remaining: 6m 20s
Rendered 10651/16242, time remaining: 6m 20s
Rendered 10652/16242, time remaining: 6m 20s
Rendered 10653/16242, time remaining: 6m 19s
Rendered 10654/16242, time remaining: 6m 19s
Rendered 10655/16242, time remaining: 6m 19s
Rendered 10656/16242, time remaining: 6m 19s
Rendered 10657/16242, time remaining: 6m 19s
Rendered 10658/16242, time remaining: 6m 19s
Rendered 10659/16242, time remaining: 6m 19s
Rendered 10660/16242, time remaining: 6m 19s
Rendered 10661/16242, time remaining: 6m 19s
Rendered 10662/16242, time remaining: 6m 19s
Rendered 10663/16242, time remaining: 6m 19s
Rendered 10664/16242, time remaining: 6m 19s
Rendered 10665/16242, time remaining: 6m 19s
Rendered 10666/16242, time remaining: 6m 19s
Rendered 10667/16242, time remaining: 6m 19s
Rendered 10668/16242, time remaining: 6m 18s
Rendered 10669/16242, time remaining: 6m 18s
Rendered 10670/16242, time remaining: 6m 18s
Rendered 10671/16242, time remaining: 6m 18s
Rendered 10672/16242, time remaining: 6m 18s
Rendered 10673/16242, time remaining: 6m 18s
Rendered 10674/16242, time remaining: 6m 18s
Rendered 10675/16242, time remaining: 6m 18s
Rendered 10676/16242, time remaining: 6m 18s
Rendered 10677/16242, time remaining: 6m 18s
Rendered 10678/16242, time remaining: 6m 18s
Rendered 10679/16242, time remaining: 6m 18s
Rendered 10680/16242, time remaining: 6m 18s
Rendered 10681/16242, time remaining: 6m 18s
Rendered 10682/16242, time remaining: 6m 17s
Rendered 10683/16242, time remaining: 6m 17s
Rendered 10684/16242, time remaining: 6m 17s
Rendered 10685/16242, time remaining: 6m 17s
Rendered 10686/16242, time remaining: 6m 17s
Rendered 10687/16242, time remaining: 6m 17s
Rendered 10688/16242, time remaining: 6m 17s
Rendered 10689/16242, time remaining: 6m 17s
Rendered 10690/16242, time remaining: 6m 17s
Rendered 10691/16242, time remaining: 6m 17s
Rendered 10692/16242, time remaining: 6m 17s
Rendered 10693/16242, time remaining: 6m 17s
Rendered 10694/16242, time remaining: 6m 17s
Rendered 10695/16242, time remaining: 6m 17s
Rendered 10696/16242, time remaining: 6m 17s
Rendered 10697/16242, time remaining: 6m 16s
Rendered 10698/16242, time remaining: 6m 16s
Rendered 10699/16242, time remaining: 6m 16s
Rendered 10700/16242, time remaining: 6m 16s
Rendered 10701/16242, time remaining: 6m 16s
Rendered 10702/16242, time remaining: 6m 16s
Rendered 10703/16242, time remaining: 6m 16s
Rendered 10704/16242, time remaining: 6m 16s
Rendered 10705/16242, time remaining: 6m 16s
Rendered 10706/16242, time remaining: 6m 16s
Rendered 10707/16242, time remaining: 6m 16s
Rendered 10708/16242, time remaining: 6m 16s
Rendered 10709/16242, time remaining: 6m 16s
Rendered 10710/16242, time remaining: 6m 16s
Rendered 10711/16242, time remaining: 6m 15s
Rendered 10712/16242, time remaining: 6m 15s
Rendered 10713/16242, time remaining: 6m 15s
Rendered 10714/16242, time remaining: 6m 15s
Rendered 10715/16242, time remaining: 6m 15s
Rendered 10716/16242, time remaining: 6m 15s
Rendered 10717/16242, time remaining: 6m 15s
Rendered 10718/16242, time remaining: 6m 15s
Rendered 10719/16242, time remaining: 6m 15s
Rendered 10720/16242, time remaining: 6m 15s
Rendered 10721/16242, time remaining: 6m 15s
Rendered 10722/16242, time remaining: 6m 15s
Rendered 10723/16242, time remaining: 6m 15s
Rendered 10724/16242, time remaining: 6m 15s
Rendered 10725/16242, time remaining: 6m 14s
Rendered 10726/16242, time remaining: 6m 14s
Rendered 10727/16242, time remaining: 6m 14s
Rendered 10728/16242, time remaining: 6m 14s
Rendered 10729/16242, time remaining: 6m 14s
Rendered 10730/16242, time remaining: 6m 14s
Rendered 10731/16242, time remaining: 6m 14s
Rendered 10732/16242, time remaining: 6m 14s
Rendered 10733/16242, time remaining: 6m 14s
Rendered 10734/16242, time remaining: 6m 14s
Rendered 10735/16242, time remaining: 6m 14s
Rendered 10736/16242, time remaining: 6m 14s
Rendered 10737/16242, time remaining: 6m 14s
Rendered 10738/16242, time remaining: 6m 14s
Rendered 10739/16242, time remaining: 6m 13s
Rendered 10740/16242, time remaining: 6m 13s
Rendered 10741/16242, time remaining: 6m 13s
Rendered 10742/16242, time remaining: 6m 13s
Rendered 10743/16242, time remaining: 6m 13s
Rendered 10744/16242, time remaining: 6m 13s
Rendered 10745/16242, time remaining: 6m 13s
Rendered 10746/16242, time remaining: 6m 13s
Rendered 10747/16242, time remaining: 6m 13s
Rendered 10748/16242, time remaining: 6m 13s
Rendered 10749/16242, time remaining: 6m 13s
Rendered 10750/16242, time remaining: 6m 13s
Rendered 10751/16242, time remaining: 6m 13s
Rendered 10752/16242, time remaining: 6m 13s
Rendered 10753/16242, time remaining: 6m 13s
Rendered 10754/16242, time remaining: 6m 12s
Rendered 10755/16242, time remaining: 6m 12s
Rendered 10756/16242, time remaining: 6m 12s
Rendered 10757/16242, time remaining: 6m 12s
Rendered 10758/16242, time remaining: 6m 12s
Rendered 10759/16242, time remaining: 6m 12s
Rendered 10760/16242, time remaining: 6m 12s
Rendered 10761/16242, time remaining: 6m 12s
Rendered 10762/16242, time remaining: 6m 12s
Rendered 10763/16242, time remaining: 6m 12s
Rendered 10764/16242, time remaining: 6m 12s
Rendered 10765/16242, time remaining: 6m 12s
Rendered 10766/16242, time remaining: 6m 12s
Rendered 10767/16242, time remaining: 6m 12s
Rendered 10768/16242, time remaining: 6m 11s
Rendered 10769/16242, time remaining: 6m 11s
Rendered 10770/16242, time remaining: 6m 11s
Rendered 10771/16242, time remaining: 6m 11s
Rendered 10772/16242, time remaining: 6m 11s
Rendered 10773/16242, time remaining: 6m 11s
Rendered 10774/16242, time remaining: 6m 11s
Rendered 10775/16242, time remaining: 6m 11s
Rendered 10776/16242, time remaining: 6m 11s
Rendered 10777/16242, time remaining: 6m 11s
Rendered 10778/16242, time remaining: 6m 11s
Rendered 10779/16242, time remaining: 6m 11s
Rendered 10780/16242, time remaining: 6m 11s
Rendered 10781/16242, time remaining: 6m 11s
Rendered 10782/16242, time remaining: 6m 11s
Rendered 10783/16242, time remaining: 6m 10s
Rendered 10784/16242, time remaining: 6m 10s
Rendered 10785/16242, time remaining: 6m 10s
Rendered 10786/16242, time remaining: 6m 10s
Rendered 10787/16242, time remaining: 6m 10s
Rendered 10788/16242, time remaining: 6m 10s
Rendered 10789/16242, time remaining: 6m 10s
Rendered 10790/16242, time remaining: 6m 10s
Rendered 10791/16242, time remaining: 6m 10s
Rendered 10792/16242, time remaining: 6m 10s
Rendered 10793/16242, time remaining: 6m 10s
Rendered 10794/16242, time remaining: 6m 10s
Rendered 10795/16242, time remaining: 6m 10s
Rendered 10796/16242, time remaining: 6m 10s
Rendered 10797/16242, time remaining: 6m 10s
Rendered 10798/16242, time remaining: 6m 9s
Rendered 10799/16242, time remaining: 6m 9s
Rendered 10800/16242, time remaining: 6m 9s
Rendered 10801/16242, time remaining: 6m 9s
Rendered 10802/16242, time remaining: 6m 9s
Rendered 10803/16242, time remaining: 6m 9s
Rendered 10804/16242, time remaining: 6m 9s
Rendered 10805/16242, time remaining: 6m 9s
Rendered 10806/16242, time remaining: 6m 9s
Rendered 10807/16242, time remaining: 6m 9s
Rendered 10808/16242, time remaining: 6m 9s
Rendered 10809/16242, time remaining: 6m 9s
Rendered 10810/16242, time remaining: 6m 9s
Rendered 10811/16242, time remaining: 6m 9s
Rendered 10812/16242, time remaining: 6m 8s
Rendered 10813/16242, time remaining: 6m 8s
Rendered 10814/16242, time remaining: 6m 8s
Rendered 10815/16242, time remaining: 6m 8s
Rendered 10816/16242, time remaining: 6m 8s
Rendered 10817/16242, time remaining: 6m 8s
Rendered 10818/16242, time remaining: 6m 8s
Rendered 10819/16242, time remaining: 6m 8s
Rendered 10820/16242, time remaining: 6m 8s
Rendered 10821/16242, time remaining: 6m 8s
Rendered 10822/16242, time remaining: 6m 8s
Rendered 10823/16242, time remaining: 6m 8s
Rendered 10824/16242, time remaining: 6m 8s
Rendered 10825/16242, time remaining: 6m 8s
Rendered 10826/16242, time remaining: 6m 8s
Rendered 10827/16242, time remaining: 6m 7s
Rendered 10828/16242, time remaining: 6m 7s
Rendered 10829/16242, time remaining: 6m 7s
Rendered 10830/16242, time remaining: 6m 7s
Rendered 10831/16242, time remaining: 6m 7s
Rendered 10832/16242, time remaining: 6m 7s
Rendered 10833/16242, time remaining: 6m 7s
Rendered 10834/16242, time remaining: 6m 7s
Rendered 10835/16242, time remaining: 6m 7s
Rendered 10836/16242, time remaining: 6m 7s
Rendered 10837/16242, time remaining: 6m 7s
Rendered 10838/16242, time remaining: 6m 7s
Rendered 10839/16242, time remaining: 6m 7s
Rendered 10840/16242, time remaining: 6m 7s
Rendered 10841/16242, time remaining: 6m 6s
Rendered 10842/16242, time remaining: 6m 6s
Rendered 10843/16242, time remaining: 6m 6s
Rendered 10844/16242, time remaining: 6m 6s
Rendered 10845/16242, time remaining: 6m 6s
Rendered 10846/16242, time remaining: 6m 6s
Rendered 10847/16242, time remaining: 6m 6s
Rendered 10848/16242, time remaining: 6m 6s
Rendered 10849/16242, time remaining: 6m 6s
Rendered 10850/16242, time remaining: 6m 6s
Rendered 10851/16242, time remaining: 6m 6s
Rendered 10852/16242, time remaining: 6m 6s
Rendered 10853/16242, time remaining: 6m 6s
Rendered 10854/16242, time remaining: 6m 6s
Rendered 10855/16242, time remaining: 6m 6s
Rendered 10856/16242, time remaining: 6m 5s
Rendered 10857/16242, time remaining: 6m 5s
Rendered 10858/16242, time remaining: 6m 5s
Rendered 10859/16242, time remaining: 6m 5s
Rendered 10860/16242, time remaining: 6m 5s
Rendered 10861/16242, time remaining: 6m 5s
Rendered 10862/16242, time remaining: 6m 5s
Rendered 10863/16242, time remaining: 6m 5s
Rendered 10864/16242, time remaining: 6m 5s
Rendered 10865/16242, time remaining: 6m 5s
Rendered 10866/16242, time remaining: 6m 5s
Rendered 10867/16242, time remaining: 6m 5s
Rendered 10868/16242, time remaining: 6m 5s
Rendered 10869/16242, time remaining: 6m 5s
Rendered 10870/16242, time remaining: 6m 4s
Rendered 10871/16242, time remaining: 6m 4s
Rendered 10872/16242, time remaining: 6m 4s
Rendered 10873/16242, time remaining: 6m 4s
Rendered 10874/16242, time remaining: 6m 4s
Rendered 10875/16242, time remaining: 6m 4s
Rendered 10876/16242, time remaining: 6m 4s
Rendered 10877/16242, time remaining: 6m 4s
Rendered 10878/16242, time remaining: 6m 4s
Rendered 10879/16242, time remaining: 6m 4s
Rendered 10880/16242, time remaining: 6m 4s
Rendered 10881/16242, time remaining: 6m 4s
Rendered 10882/16242, time remaining: 6m 4s
Rendered 10883/16242, time remaining: 6m 4s
Rendered 10884/16242, time remaining: 6m 4s
Rendered 10885/16242, time remaining: 6m 3s
Rendered 10886/16242, time remaining: 6m 3s
Rendered 10887/16242, time remaining: 6m 3s
Rendered 10888/16242, time remaining: 6m 3s
Rendered 10889/16242, time remaining: 6m 3s
Rendered 10890/16242, time remaining: 6m 3s
Rendered 10891/16242, time remaining: 6m 3s
Rendered 10892/16242, time remaining: 6m 3s
Rendered 10893/16242, time remaining: 6m 3s
Rendered 10894/16242, time remaining: 6m 3s
Rendered 10895/16242, time remaining: 6m 3s
Rendered 10896/16242, time remaining: 6m 3s
Rendered 10897/16242, time remaining: 6m 3s
Rendered 10898/16242, time remaining: 6m 3s
Rendered 10899/16242, time remaining: 6m 3s
Rendered 10900/16242, time remaining: 6m 2s
Rendered 10901/16242, time remaining: 6m 2s
Rendered 10902/16242, time remaining: 6m 2s
Rendered 10903/16242, time remaining: 6m 2s
Rendered 10904/16242, time remaining: 6m 2s
Rendered 10905/16242, time remaining: 6m 2s
Rendered 10906/16242, time remaining: 6m 2s
Rendered 10907/16242, time remaining: 6m 2s
Rendered 10908/16242, time remaining: 6m 2s
Rendered 10909/16242, time remaining: 6m 2s
Rendered 10910/16242, time remaining: 6m 2s
Rendered 10911/16242, time remaining: 6m 2s
Rendered 10912/16242, time remaining: 6m 2s
Rendered 10913/16242, time remaining: 6m 2s
Rendered 10914/16242, time remaining: 6m 1s
Rendered 10915/16242, time remaining: 6m 1s
Rendered 10916/16242, time remaining: 6m 1s
Rendered 10917/16242, time remaining: 6m 1s
Rendered 10918/16242, time remaining: 6m 1s
Rendered 10919/16242, time remaining: 6m 1s
Rendered 10920/16242, time remaining: 6m 1s
Rendered 10921/16242, time remaining: 6m 1s
Rendered 10922/16242, time remaining: 6m 1s
Rendered 10923/16242, time remaining: 6m 1s
Rendered 10924/16242, time remaining: 6m 1s
Rendered 10925/16242, time remaining: 6m 1s
Rendered 10926/16242, time remaining: 6m 1s
Rendered 10927/16242, time remaining: 6m 1s
Rendered 10928/16242, time remaining: 6m 1s
Rendered 10929/16242, time remaining: 6m 0s
Rendered 10930/16242, time remaining: 6m 0s
Rendered 10931/16242, time remaining: 6m 0s
Rendered 10932/16242, time remaining: 6m 0s
Rendered 10933/16242, time remaining: 6m 0s
Rendered 10934/16242, time remaining: 6m 0s
Rendered 10935/16242, time remaining: 6m 0s
Rendered 10936/16242, time remaining: 6m 0s
Rendered 10937/16242, time remaining: 6m 0s
Rendered 10938/16242, time remaining: 6m 0s
Rendered 10939/16242, time remaining: 6m 0s
Rendered 10940/16242, time remaining: 6m 0s
Rendered 10941/16242, time remaining: 6m 0s
Rendered 10942/16242, time remaining: 6m 0s
Rendered 10943/16242, time remaining: 5m 59s
Rendered 10944/16242, time remaining: 5m 59s
Rendered 10945/16242, time remaining: 5m 59s
Rendered 10946/16242, time remaining: 5m 59s
Rendered 10947/16242, time remaining: 5m 59s
Rendered 10948/16242, time remaining: 5m 59s
Rendered 10949/16242, time remaining: 5m 59s
Rendered 10950/16242, time remaining: 5m 59s
Rendered 10951/16242, time remaining: 5m 59s
Rendered 10952/16242, time remaining: 5m 59s
Rendered 10953/16242, time remaining: 5m 59s
Rendered 10954/16242, time remaining: 5m 59s
Rendered 10955/16242, time remaining: 5m 59s
Rendered 10956/16242, time remaining: 5m 59s
Rendered 10957/16242, time remaining: 5m 59s
Rendered 10958/16242, time remaining: 5m 58s
Rendered 10959/16242, time remaining: 5m 58s
Rendered 10960/16242, time remaining: 5m 58s
Rendered 10961/16242, time remaining: 5m 58s
Rendered 10962/16242, time remaining: 5m 58s
Rendered 10963/16242, time remaining: 5m 58s
Rendered 10964/16242, time remaining: 5m 58s
Rendered 10965/16242, time remaining: 5m 58s
Rendered 10966/16242, time remaining: 5m 58s
Rendered 10967/16242, time remaining: 5m 58s
Rendered 10968/16242, time remaining: 5m 58s
Rendered 10969/16242, time remaining: 5m 58s
Rendered 10970/16242, time remaining: 5m 58s
Rendered 10971/16242, time remaining: 5m 58s
Rendered 10972/16242, time remaining: 5m 57s
Rendered 10973/16242, time remaining: 5m 57s
Rendered 10974/16242, time remaining: 5m 57s
Rendered 10975/16242, time remaining: 5m 57s
Rendered 10976/16242, time remaining: 5m 57s
Rendered 10977/16242, time remaining: 5m 57s
Rendered 10978/16242, time remaining: 5m 57s
Rendered 10979/16242, time remaining: 5m 57s
Rendered 10980/16242, time remaining: 5m 57s
Rendered 10981/16242, time remaining: 5m 57s
Rendered 10982/16242, time remaining: 5m 57s
Rendered 10983/16242, time remaining: 5m 57s
Rendered 10984/16242, time remaining: 5m 57s
Rendered 10985/16242, time remaining: 5m 57s
Rendered 10986/16242, time remaining: 5m 57s
Rendered 10987/16242, time remaining: 5m 56s
Rendered 10988/16242, time remaining: 5m 56s
Rendered 10989/16242, time remaining: 5m 56s
Rendered 10990/16242, time remaining: 5m 56s
Rendered 10991/16242, time remaining: 5m 56s
Rendered 10992/16242, time remaining: 5m 56s
Rendered 10993/16242, time remaining: 5m 56s
Rendered 10994/16242, time remaining: 5m 56s
Rendered 10995/16242, time remaining: 5m 56s
Rendered 10996/16242, time remaining: 5m 56s
Rendered 10997/16242, time remaining: 5m 56s
Rendered 10998/16242, time remaining: 5m 56s
Rendered 10999/16242, time remaining: 5m 56s
Rendered 11000/16242, time remaining: 5m 56s
Rendered 11001/16242, time remaining: 5m 56s
Rendered 11002/16242, time remaining: 5m 55s
Rendered 11003/16242, time remaining: 5m 55s
Rendered 11004/16242, time remaining: 5m 55s
Rendered 11005/16242, time remaining: 5m 55s
Rendered 11006/16242, time remaining: 5m 55s
Rendered 11007/16242, time remaining: 5m 55s
Rendered 11008/16242, time remaining: 5m 55s
Rendered 11009/16242, time remaining: 5m 55s
Rendered 11010/16242, time remaining: 5m 55s
Rendered 11011/16242, time remaining: 5m 55s
Rendered 11012/16242, time remaining: 5m 55s
Rendered 11013/16242, time remaining: 5m 55s
Rendered 11014/16242, time remaining: 5m 55s
Rendered 11015/16242, time remaining: 5m 55s
Rendered 11016/16242, time remaining: 5m 54s
Rendered 11017/16242, time remaining: 5m 54s
Rendered 11018/16242, time remaining: 5m 54s
Rendered 11019/16242, time remaining: 5m 54s
Rendered 11020/16242, time remaining: 5m 54s
Rendered 11021/16242, time remaining: 5m 54s
Rendered 11022/16242, time remaining: 5m 54s
Rendered 11023/16242, time remaining: 5m 54s
Rendered 11024/16242, time remaining: 5m 54s
Rendered 11025/16242, time remaining: 5m 54s
Rendered 11026/16242, time remaining: 5m 54s
Rendered 11027/16242, time remaining: 5m 54s
Rendered 11028/16242, time remaining: 5m 54s
Rendered 11029/16242, time remaining: 5m 54s
Rendered 11030/16242, time remaining: 5m 54s
Rendered 11031/16242, time remaining: 5m 53s
Rendered 11032/16242, time remaining: 5m 53s
Rendered 11033/16242, time remaining: 5m 53s
Rendered 11034/16242, time remaining: 5m 53s
Rendered 11035/16242, time remaining: 5m 53s
Rendered 11036/16242, time remaining: 5m 53s
Rendered 11037/16242, time remaining: 5m 53s
Rendered 11038/16242, time remaining: 5m 53s
Rendered 11039/16242, time remaining: 5m 53s
Rendered 11040/16242, time remaining: 5m 53s
Rendered 11041/16242, time remaining: 5m 53s
Rendered 11042/16242, time remaining: 5m 53s
Rendered 11043/16242, time remaining: 5m 53s
Rendered 11044/16242, time remaining: 5m 53s
Rendered 11045/16242, time remaining: 5m 52s
Rendered 11046/16242, time remaining: 5m 52s
Rendered 11047/16242, time remaining: 5m 52s
Rendered 11048/16242, time remaining: 5m 52s
Rendered 11049/16242, time remaining: 5m 52s
Rendered 11050/16242, time remaining: 5m 52s
Rendered 11051/16242, time remaining: 5m 52s
Rendered 11052/16242, time remaining: 5m 52s
Rendered 11053/16242, time remaining: 5m 52s
Rendered 11054/16242, time remaining: 5m 52s
Rendered 11055/16242, time remaining: 5m 52s
Rendered 11056/16242, time remaining: 5m 52s
Rendered 11057/16242, time remaining: 5m 52s
Rendered 11058/16242, time remaining: 5m 52s
Rendered 11059/16242, time remaining: 5m 52s
Rendered 11060/16242, time remaining: 5m 51s
Rendered 11061/16242, time remaining: 5m 51s
Rendered 11062/16242, time remaining: 5m 51s
Rendered 11063/16242, time remaining: 5m 51s
Rendered 11064/16242, time remaining: 5m 51s
Rendered 11065/16242, time remaining: 5m 51s
Rendered 11066/16242, time remaining: 5m 51s
Rendered 11067/16242, time remaining: 5m 51s
Rendered 11068/16242, time remaining: 5m 51s
Rendered 11069/16242, time remaining: 5m 51s
Rendered 11070/16242, time remaining: 5m 51s
Rendered 11071/16242, time remaining: 5m 51s
Rendered 11072/16242, time remaining: 5m 51s
Rendered 11073/16242, time remaining: 5m 51s
Rendered 11074/16242, time remaining: 5m 50s
Rendered 11075/16242, time remaining: 5m 50s
Rendered 11076/16242, time remaining: 5m 50s
Rendered 11077/16242, time remaining: 5m 50s
Rendered 11078/16242, time remaining: 5m 50s
Rendered 11079/16242, time remaining: 5m 50s
Rendered 11080/16242, time remaining: 5m 50s
Rendered 11081/16242, time remaining: 5m 50s
Rendered 11082/16242, time remaining: 5m 50s
Rendered 11083/16242, time remaining: 5m 50s
Rendered 11084/16242, time remaining: 5m 50s
Rendered 11085/16242, time remaining: 5m 50s
Rendered 11086/16242, time remaining: 5m 50s
Rendered 11087/16242, time remaining: 5m 50s
Rendered 11088/16242, time remaining: 5m 50s
Rendered 11089/16242, time remaining: 5m 49s
Rendered 11090/16242, time remaining: 5m 49s
Rendered 11091/16242, time remaining: 5m 49s
Rendered 11092/16242, time remaining: 5m 49s
Rendered 11093/16242, time remaining: 5m 49s
Rendered 11094/16242, time remaining: 5m 49s
Rendered 11095/16242, time remaining: 5m 49s
Rendered 11096/16242, time remaining: 5m 49s
Rendered 11097/16242, time remaining: 5m 49s
Rendered 11098/16242, time remaining: 5m 49s
Rendered 11099/16242, time remaining: 5m 49s
Rendered 11100/16242, time remaining: 5m 49s
Rendered 11101/16242, time remaining: 5m 49s
Rendered 11102/16242, time remaining: 5m 49s
Rendered 11103/16242, time remaining: 5m 49s
Rendered 11104/16242, time remaining: 5m 48s
Rendered 11105/16242, time remaining: 5m 48s
Rendered 11106/16242, time remaining: 5m 48s
Rendered 11107/16242, time remaining: 5m 48s
Rendered 11108/16242, time remaining: 5m 48s
Rendered 11109/16242, time remaining: 5m 48s
Rendered 11110/16242, time remaining: 5m 48s
Rendered 11111/16242, time remaining: 5m 48s
Rendered 11112/16242, time remaining: 5m 48s
Rendered 11113/16242, time remaining: 5m 48s
Rendered 11114/16242, time remaining: 5m 48s
Rendered 11115/16242, time remaining: 5m 48s
Rendered 11116/16242, time remaining: 5m 48s
Rendered 11117/16242, time remaining: 5m 48s
Rendered 11118/16242, time remaining: 5m 48s
Rendered 11119/16242, time remaining: 5m 47s
Rendered 11120/16242, time remaining: 5m 47s
Rendered 11121/16242, time remaining: 5m 47s
Rendered 11122/16242, time remaining: 5m 47s
Rendered 11123/16242, time remaining: 5m 47s
Rendered 11124/16242, time remaining: 5m 47s
Rendered 11125/16242, time remaining: 5m 47s
Rendered 11126/16242, time remaining: 5m 47s
Rendered 11127/16242, time remaining: 5m 47s
Rendered 11128/16242, time remaining: 5m 47s
Rendered 11129/16242, time remaining: 5m 47s
Rendered 11130/16242, time remaining: 5m 47s
Rendered 11131/16242, time remaining: 5m 47s
Rendered 11132/16242, time remaining: 5m 47s
Rendered 11133/16242, time remaining: 5m 47s
Rendered 11134/16242, time remaining: 5m 46s
Rendered 11135/16242, time remaining: 5m 46s
Rendered 11136/16242, time remaining: 5m 46s
Rendered 11137/16242, time remaining: 5m 46s
Rendered 11138/16242, time remaining: 5m 46s
Rendered 11139/16242, time remaining: 5m 46s
Rendered 11140/16242, time remaining: 5m 46s
Rendered 11141/16242, time remaining: 5m 46s
Rendered 11142/16242, time remaining: 5m 46s
Rendered 11143/16242, time remaining: 5m 46s
Rendered 11144/16242, time remaining: 5m 46s
Rendered 11145/16242, time remaining: 5m 46s
Rendered 11146/16242, time remaining: 5m 46s
Rendered 11147/16242, time remaining: 5m 46s
Rendered 11148/16242, time remaining: 5m 45s
Rendered 11149/16242, time remaining: 5m 45s
Rendered 11150/16242, time remaining: 5m 45s
Rendered 11151/16242, time remaining: 5m 45s
Rendered 11152/16242, time remaining: 5m 45s
Rendered 11153/16242, time remaining: 5m 45s
Rendered 11154/16242, time remaining: 5m 45s
Rendered 11155/16242, time remaining: 5m 45s
Rendered 11156/16242, time remaining: 5m 45s
Rendered 11157/16242, time remaining: 5m 45s
Rendered 11158/16242, time remaining: 5m 45s
Rendered 11159/16242, time remaining: 5m 45s
Rendered 11160/16242, time remaining: 5m 45s
Rendered 11161/16242, time remaining: 5m 45s
Rendered 11162/16242, time remaining: 5m 45s
Rendered 11163/16242, time remaining: 5m 44s
Rendered 11164/16242, time remaining: 5m 44s
Rendered 11165/16242, time remaining: 5m 44s
Rendered 11166/16242, time remaining: 5m 44s
Rendered 11167/16242, time remaining: 5m 44s
Rendered 11168/16242, time remaining: 5m 44s
Rendered 11169/16242, time remaining: 5m 44s
Rendered 11170/16242, time remaining: 5m 44s
Rendered 11171/16242, time remaining: 5m 44s
Rendered 11172/16242, time remaining: 5m 44s
Rendered 11173/16242, time remaining: 5m 44s
Rendered 11174/16242, time remaining: 5m 44s
Rendered 11175/16242, time remaining: 5m 44s
Rendered 11176/16242, time remaining: 5m 44s
Rendered 11177/16242, time remaining: 5m 43s
Rendered 11178/16242, time remaining: 5m 43s
Rendered 11179/16242, time remaining: 5m 43s
Rendered 11180/16242, time remaining: 5m 43s
Rendered 11181/16242, time remaining: 5m 43s
Rendered 11182/16242, time remaining: 5m 43s
Rendered 11183/16242, time remaining: 5m 43s
Rendered 11184/16242, time remaining: 5m 43s
Rendered 11185/16242, time remaining: 5m 43s
Rendered 11186/16242, time remaining: 5m 43s
Rendered 11187/16242, time remaining: 5m 43s
Rendered 11188/16242, time remaining: 5m 43s
Rendered 11189/16242, time remaining: 5m 43s
Rendered 11190/16242, time remaining: 5m 43s
Rendered 11191/16242, time remaining: 5m 42s
Rendered 11192/16242, time remaining: 5m 42s
Rendered 11193/16242, time remaining: 5m 42s
Rendered 11194/16242, time remaining: 5m 42s
Rendered 11195/16242, time remaining: 5m 42s
Rendered 11196/16242, time remaining: 5m 42s
Rendered 11197/16242, time remaining: 5m 42s
Rendered 11198/16242, time remaining: 5m 42s
Rendered 11199/16242, time remaining: 5m 42s
Rendered 11200/16242, time remaining: 5m 42s
Rendered 11201/16242, time remaining: 5m 42s
Rendered 11202/16242, time remaining: 5m 42s
Rendered 11203/16242, time remaining: 5m 42s
Rendered 11204/16242, time remaining: 5m 42s
Rendered 11205/16242, time remaining: 5m 42s
Rendered 11206/16242, time remaining: 5m 41s
Rendered 11207/16242, time remaining: 5m 41s
Rendered 11208/16242, time remaining: 5m 41s
Rendered 11209/16242, time remaining: 5m 41s
Rendered 11210/16242, time remaining: 5m 41s
Rendered 11211/16242, time remaining: 5m 41s
Rendered 11212/16242, time remaining: 5m 41s
Rendered 11213/16242, time remaining: 5m 41s
Rendered 11214/16242, time remaining: 5m 41s
Rendered 11215/16242, time remaining: 5m 41s
Rendered 11216/16242, time remaining: 5m 41s
Rendered 11217/16242, time remaining: 5m 41s
Rendered 11218/16242, time remaining: 5m 41s
Rendered 11219/16242, time remaining: 5m 41s
Rendered 11220/16242, time remaining: 5m 40s
Rendered 11221/16242, time remaining: 5m 40s
Rendered 11222/16242, time remaining: 5m 40s
Rendered 11223/16242, time remaining: 5m 40s
Rendered 11224/16242, time remaining: 5m 40s
Rendered 11225/16242, time remaining: 5m 40s
Rendered 11226/16242, time remaining: 5m 40s
Rendered 11227/16242, time remaining: 5m 40s
Rendered 11228/16242, time remaining: 5m 40s
Rendered 11229/16242, time remaining: 5m 40s
Rendered 11230/16242, time remaining: 5m 40s
Rendered 11231/16242, time remaining: 5m 40s
Rendered 11232/16242, time remaining: 5m 40s
Rendered 11233/16242, time remaining: 5m 40s
Rendered 11234/16242, time remaining: 5m 40s
Rendered 11235/16242, time remaining: 5m 39s
Rendered 11236/16242, time remaining: 5m 39s
Rendered 11237/16242, time remaining: 5m 39s
Rendered 11238/16242, time remaining: 5m 39s
Rendered 11239/16242, time remaining: 5m 39s
Rendered 11240/16242, time remaining: 5m 39s
Rendered 11241/16242, time remaining: 5m 39s
Rendered 11242/16242, time remaining: 5m 39s
Rendered 11243/16242, time remaining: 5m 39s
Rendered 11244/16242, time remaining: 5m 39s
Rendered 11245/16242, time remaining: 5m 39s
Rendered 11246/16242, time remaining: 5m 39s
Rendered 11247/16242, time remaining: 5m 39s
Rendered 11248/16242, time remaining: 5m 39s
Rendered 11249/16242, time remaining: 5m 38s
Rendered 11250/16242, time remaining: 5m 38s
Rendered 11251/16242, time remaining: 5m 38s
Rendered 11252/16242, time remaining: 5m 38s
Rendered 11253/16242, time remaining: 5m 38s
Rendered 11254/16242, time remaining: 5m 38s
Rendered 11255/16242, time remaining: 5m 38s
Rendered 11256/16242, time remaining: 5m 38s
Rendered 11257/16242, time remaining: 5m 38s
Rendered 11258/16242, time remaining: 5m 38s
Rendered 11259/16242, time remaining: 5m 38s
Rendered 11260/16242, time remaining: 5m 38s
Rendered 11261/16242, time remaining: 5m 38s
Rendered 11262/16242, time remaining: 5m 38s
Rendered 11263/16242, time remaining: 5m 38s
Rendered 11264/16242, time remaining: 5m 37s
Rendered 11265/16242, time remaining: 5m 37s
Rendered 11266/16242, time remaining: 5m 37s
Rendered 11267/16242, time remaining: 5m 37s
Rendered 11268/16242, time remaining: 5m 37s
Rendered 11269/16242, time remaining: 5m 37s
Rendered 11270/16242, time remaining: 5m 37s
Rendered 11271/16242, time remaining: 5m 37s
Rendered 11272/16242, time remaining: 5m 37s
Rendered 11273/16242, time remaining: 5m 37s
Rendered 11274/16242, time remaining: 5m 37s
Rendered 11275/16242, time remaining: 5m 37s
Rendered 11276/16242, time remaining: 5m 37s
Rendered 11277/16242, time remaining: 5m 37s
Rendered 11278/16242, time remaining: 5m 37s
Rendered 11279/16242, time remaining: 5m 36s
Rendered 11280/16242, time remaining: 5m 36s
Rendered 11281/16242, time remaining: 5m 36s
Rendered 11282/16242, time remaining: 5m 36s
Rendered 11283/16242, time remaining: 5m 36s
Rendered 11284/16242, time remaining: 5m 36s
Rendered 11285/16242, time remaining: 5m 36s
Rendered 11286/16242, time remaining: 5m 36s
Rendered 11287/16242, time remaining: 5m 36s
Rendered 11288/16242, time remaining: 5m 36s
Rendered 11289/16242, time remaining: 5m 36s
Rendered 11290/16242, time remaining: 5m 36s
Rendered 11291/16242, time remaining: 5m 36s
Rendered 11292/16242, time remaining: 5m 36s
Rendered 11293/16242, time remaining: 5m 35s
Rendered 11294/16242, time remaining: 5m 35s
Rendered 11295/16242, time remaining: 5m 35s
Rendered 11296/16242, time remaining: 5m 35s
Rendered 11297/16242, time remaining: 5m 35s
Rendered 11298/16242, time remaining: 5m 35s
Rendered 11299/16242, time remaining: 5m 35s
Rendered 11300/16242, time remaining: 5m 35s
Rendered 11301/16242, time remaining: 5m 35s
Rendered 11302/16242, time remaining: 5m 35s
Rendered 11303/16242, time remaining: 5m 35s
Rendered 11304/16242, time remaining: 5m 35s
Rendered 11305/16242, time remaining: 5m 35s
Rendered 11306/16242, time remaining: 5m 35s
Rendered 11307/16242, time remaining: 5m 35s
Rendered 11308/16242, time remaining: 5m 34s
Rendered 11309/16242, time remaining: 5m 34s
Rendered 11310/16242, time remaining: 5m 34s
Rendered 11311/16242, time remaining: 5m 34s
Rendered 11312/16242, time remaining: 5m 34s
Rendered 11313/16242, time remaining: 5m 34s
Rendered 11314/16242, time remaining: 5m 34s
Rendered 11315/16242, time remaining: 5m 34s
Rendered 11316/16242, time remaining: 5m 34s
Rendered 11317/16242, time remaining: 5m 34s
Rendered 11318/16242, time remaining: 5m 34s
Rendered 11319/16242, time remaining: 5m 34s
Rendered 11320/16242, time remaining: 5m 34s
Rendered 11321/16242, time remaining: 5m 34s
Rendered 11322/16242, time remaining: 5m 34s
Rendered 11323/16242, time remaining: 5m 33s
Rendered 11324/16242, time remaining: 5m 33s
Rendered 11325/16242, time remaining: 5m 33s
Rendered 11326/16242, time remaining: 5m 33s
Rendered 11327/16242, time remaining: 5m 33s
Rendered 11328/16242, time remaining: 5m 33s
Rendered 11329/16242, time remaining: 5m 33s
Rendered 11330/16242, time remaining: 5m 33s
Rendered 11331/16242, time remaining: 5m 33s
Rendered 11332/16242, time remaining: 5m 33s
Rendered 11333/16242, time remaining: 5m 33s
Rendered 11334/16242, time remaining: 5m 33s
Rendered 11335/16242, time remaining: 5m 33s
Rendered 11336/16242, time remaining: 5m 33s
Rendered 11337/16242, time remaining: 5m 32s
Rendered 11338/16242, time remaining: 5m 32s
Rendered 11339/16242, time remaining: 5m 32s
Rendered 11340/16242, time remaining: 5m 32s
Rendered 11341/16242, time remaining: 5m 32s
Rendered 11342/16242, time remaining: 5m 32s
Rendered 11343/16242, time remaining: 5m 32s
Rendered 11344/16242, time remaining: 5m 32s
Rendered 11345/16242, time remaining: 5m 32s
Rendered 11346/16242, time remaining: 5m 32s
Rendered 11347/16242, time remaining: 5m 32s
Rendered 11348/16242, time remaining: 5m 32s
Rendered 11349/16242, time remaining: 5m 32s
Rendered 11350/16242, time remaining: 5m 32s
Rendered 11351/16242, time remaining: 5m 32s
Rendered 11352/16242, time remaining: 5m 31s
Rendered 11353/16242, time remaining: 5m 31s
Rendered 11354/16242, time remaining: 5m 31s
Rendered 11355/16242, time remaining: 5m 31s
Rendered 11356/16242, time remaining: 5m 31s
Rendered 11357/16242, time remaining: 5m 31s
Rendered 11358/16242, time remaining: 5m 31s
Rendered 11359/16242, time remaining: 5m 31s
Rendered 11360/16242, time remaining: 5m 31s
Rendered 11361/16242, time remaining: 5m 31s
Rendered 11362/16242, time remaining: 5m 31s
Rendered 11363/16242, time remaining: 5m 31s
Rendered 11364/16242, time remaining: 5m 31s
Rendered 11365/16242, time remaining: 5m 31s
Rendered 11366/16242, time remaining: 5m 31s
Rendered 11367/16242, time remaining: 5m 30s
Rendered 11368/16242, time remaining: 5m 30s
Rendered 11369/16242, time remaining: 5m 30s
Rendered 11370/16242, time remaining: 5m 30s
Rendered 11371/16242, time remaining: 5m 30s
Rendered 11372/16242, time remaining: 5m 30s
Rendered 11373/16242, time remaining: 5m 30s
Rendered 11374/16242, time remaining: 5m 30s
Rendered 11375/16242, time remaining: 5m 30s
Rendered 11376/16242, time remaining: 5m 30s
Rendered 11377/16242, time remaining: 5m 30s
Rendered 11378/16242, time remaining: 5m 30s
Rendered 11379/16242, time remaining: 5m 30s
Rendered 11380/16242, time remaining: 5m 30s
Rendered 11381/16242, time remaining: 5m 29s
Rendered 11382/16242, time remaining: 5m 29s
Rendered 11383/16242, time remaining: 5m 29s
Rendered 11384/16242, time remaining: 5m 29s
Rendered 11385/16242, time remaining: 5m 29s
Rendered 11386/16242, time remaining: 5m 29s
Rendered 11387/16242, time remaining: 5m 29s
Rendered 11388/16242, time remaining: 5m 29s
Rendered 11389/16242, time remaining: 5m 29s
Rendered 11390/16242, time remaining: 5m 29s
Rendered 11391/16242, time remaining: 5m 29s
Rendered 11392/16242, time remaining: 5m 29s
Rendered 11393/16242, time remaining: 5m 29s
Rendered 11394/16242, time remaining: 5m 29s
Rendered 11395/16242, time remaining: 5m 29s
Rendered 11396/16242, time remaining: 5m 28s
Rendered 11397/16242, time remaining: 5m 28s
Rendered 11398/16242, time remaining: 5m 28s
Rendered 11399/16242, time remaining: 5m 28s
Rendered 11400/16242, time remaining: 5m 28s
Rendered 11401/16242, time remaining: 5m 28s
Rendered 11402/16242, time remaining: 5m 28s
Rendered 11403/16242, time remaining: 5m 28s
Rendered 11404/16242, time remaining: 5m 28s
Rendered 11405/16242, time remaining: 5m 28s
Rendered 11406/16242, time remaining: 5m 28s
Rendered 11407/16242, time remaining: 5m 28s
Rendered 11408/16242, time remaining: 5m 28s
Rendered 11409/16242, time remaining: 5m 28s
Rendered 11410/16242, time remaining: 5m 28s
Rendered 11411/16242, time remaining: 5m 27s
Rendered 11412/16242, time remaining: 5m 27s
Rendered 11413/16242, time remaining: 5m 27s
Rendered 11414/16242, time remaining: 5m 27s
Rendered 11415/16242, time remaining: 5m 27s
Rendered 11416/16242, time remaining: 5m 27s
Rendered 11417/16242, time remaining: 5m 27s
Rendered 11418/16242, time remaining: 5m 27s
Rendered 11419/16242, time remaining: 5m 27s
Rendered 11420/16242, time remaining: 5m 27s
Rendered 11421/16242, time remaining: 5m 27s
Rendered 11422/16242, time remaining: 5m 27s
Rendered 11423/16242, time remaining: 5m 27s
Rendered 11424/16242, time remaining: 5m 27s
Rendered 11425/16242, time remaining: 5m 26s
Rendered 11426/16242, time remaining: 5m 26s
Rendered 11427/16242, time remaining: 5m 26s
Rendered 11428/16242, time remaining: 5m 26s
Rendered 11429/16242, time remaining: 5m 26s
Rendered 11430/16242, time remaining: 5m 26s
Rendered 11431/16242, time remaining: 5m 26s
Rendered 11432/16242, time remaining: 5m 26s
Rendered 11433/16242, time remaining: 5m 26s
Rendered 11434/16242, time remaining: 5m 26s
Rendered 11435/16242, time remaining: 5m 26s
Rendered 11436/16242, time remaining: 5m 26s
Rendered 11437/16242, time remaining: 5m 26s
Rendered 11438/16242, time remaining: 5m 26s
Rendered 11439/16242, time remaining: 5m 26s
Rendered 11440/16242, time remaining: 5m 25s
Rendered 11441/16242, time remaining: 5m 25s
Rendered 11442/16242, time remaining: 5m 25s
Rendered 11443/16242, time remaining: 5m 25s
Rendered 11444/16242, time remaining: 5m 25s
Rendered 11445/16242, time remaining: 5m 25s
Rendered 11446/16242, time remaining: 5m 25s
Rendered 11447/16242, time remaining: 5m 25s
Rendered 11448/16242, time remaining: 5m 25s
Rendered 11449/16242, time remaining: 5m 25s
Rendered 11450/16242, time remaining: 5m 25s
Rendered 11451/16242, time remaining: 5m 25s
Rendered 11452/16242, time remaining: 5m 25s
Rendered 11453/16242, time remaining: 5m 25s
Rendered 11454/16242, time remaining: 5m 25s
Rendered 11455/16242, time remaining: 5m 25s
Rendered 11456/16242, time remaining: 5m 24s
Rendered 11457/16242, time remaining: 5m 24s
Rendered 11458/16242, time remaining: 5m 24s
Rendered 11459/16242, time remaining: 5m 24s
Rendered 11460/16242, time remaining: 5m 24s
Rendered 11461/16242, time remaining: 5m 24s
Rendered 11462/16242, time remaining: 5m 24s
Rendered 11463/16242, time remaining: 5m 24s
Rendered 11464/16242, time remaining: 5m 24s
Rendered 11465/16242, time remaining: 5m 24s
Rendered 11466/16242, time remaining: 5m 24s
Rendered 11467/16242, time remaining: 5m 24s
Rendered 11468/16242, time remaining: 5m 24s
Rendered 11469/16242, time remaining: 5m 24s
Rendered 11470/16242, time remaining: 5m 24s
Rendered 11471/16242, time remaining: 5m 24s
Rendered 11472/16242, time remaining: 5m 24s
Rendered 11473/16242, time remaining: 5m 24s
Rendered 11474/16242, time remaining: 5m 23s
Rendered 11475/16242, time remaining: 5m 23s
Rendered 11476/16242, time remaining: 5m 23s
Rendered 11477/16242, time remaining: 5m 23s
Rendered 11478/16242, time remaining: 5m 23s
Rendered 11479/16242, time remaining: 5m 23s
Rendered 11480/16242, time remaining: 5m 23s
Rendered 11481/16242, time remaining: 5m 23s
Rendered 11482/16242, time remaining: 5m 23s
Rendered 11483/16242, time remaining: 5m 23s
Rendered 11484/16242, time remaining: 5m 23s
Rendered 11485/16242, time remaining: 5m 23s
Rendered 11486/16242, time remaining: 5m 23s
Rendered 11487/16242, time remaining: 5m 23s
Rendered 11488/16242, time remaining: 5m 23s
Rendered 11489/16242, time remaining: 5m 23s
Rendered 11490/16242, time remaining: 5m 23s
Rendered 11491/16242, time remaining: 5m 22s
Rendered 11492/16242, time remaining: 5m 22s
Rendered 11493/16242, time remaining: 5m 22s
Rendered 11494/16242, time remaining: 5m 22s
Rendered 11495/16242, time remaining: 5m 22s
Rendered 11496/16242, time remaining: 5m 22s
Rendered 11497/16242, time remaining: 5m 22s
Rendered 11498/16242, time remaining: 5m 22s
Rendered 11499/16242, time remaining: 5m 22s
Rendered 11500/16242, time remaining: 5m 22s
Rendered 11501/16242, time remaining: 5m 22s
Rendered 11502/16242, time remaining: 5m 22s
Rendered 11503/16242, time remaining: 5m 22s
Rendered 11504/16242, time remaining: 5m 22s
Rendered 11505/16242, time remaining: 5m 22s
Rendered 11506/16242, time remaining: 5m 22s
Rendered 11507/16242, time remaining: 5m 22s
Rendered 11508/16242, time remaining: 5m 21s
Rendered 11509/16242, time remaining: 5m 21s
Rendered 11510/16242, time remaining: 5m 21s
Rendered 11511/16242, time remaining: 5m 21s
Rendered 11512/16242, time remaining: 5m 21s
Rendered 11513/16242, time remaining: 5m 21s
Rendered 11514/16242, time remaining: 5m 21s
Rendered 11515/16242, time remaining: 5m 21s
Rendered 11516/16242, time remaining: 5m 21s
Rendered 11517/16242, time remaining: 5m 21s
Rendered 11518/16242, time remaining: 5m 21s
Rendered 11519/16242, time remaining: 5m 21s
Rendered 11520/16242, time remaining: 5m 21s
Rendered 11521/16242, time remaining: 5m 21s
Rendered 11522/16242, time remaining: 5m 21s
Rendered 11523/16242, time remaining: 5m 21s
Rendered 11524/16242, time remaining: 5m 21s
Rendered 11525/16242, time remaining: 5m 20s
Rendered 11526/16242, time remaining: 5m 20s
Rendered 11527/16242, time remaining: 5m 20s
Rendered 11528/16242, time remaining: 5m 20s
Rendered 11529/16242, time remaining: 5m 20s
Rendered 11530/16242, time remaining: 5m 20s
Rendered 11531/16242, time remaining: 5m 20s
Rendered 11532/16242, time remaining: 5m 20s
Rendered 11533/16242, time remaining: 5m 20s
Rendered 11534/16242, time remaining: 5m 20s
Rendered 11535/16242, time remaining: 5m 20s
Rendered 11536/16242, time remaining: 5m 20s
Rendered 11537/16242, time remaining: 5m 20s
Rendered 11538/16242, time remaining: 5m 20s
Rendered 11539/16242, time remaining: 5m 20s
Rendered 11540/16242, time remaining: 5m 20s
Rendered 11541/16242, time remaining: 5m 20s
Rendered 11542/16242, time remaining: 5m 19s
Rendered 11543/16242, time remaining: 5m 19s
Rendered 11544/16242, time remaining: 5m 19s
Rendered 11545/16242, time remaining: 5m 19s
Rendered 11546/16242, time remaining: 5m 19s
Rendered 11547/16242, time remaining: 5m 19s
Rendered 11548/16242, time remaining: 5m 19s
Rendered 11549/16242, time remaining: 5m 19s
Rendered 11550/16242, time remaining: 5m 19s
Rendered 11551/16242, time remaining: 5m 19s
Rendered 11552/16242, time remaining: 5m 19s
Rendered 11553/16242, time remaining: 5m 19s
Rendered 11554/16242, time remaining: 5m 19s
Rendered 11555/16242, time remaining: 5m 19s
Rendered 11556/16242, time remaining: 5m 19s
Rendered 11557/16242, time remaining: 5m 19s
Rendered 11558/16242, time remaining: 5m 19s
Rendered 11559/16242, time remaining: 5m 18s
Rendered 11560/16242, time remaining: 5m 18s
Rendered 11561/16242, time remaining: 5m 18s
Rendered 11562/16242, time remaining: 5m 18s
Rendered 11563/16242, time remaining: 5m 18s
Rendered 11564/16242, time remaining: 5m 18s
Rendered 11565/16242, time remaining: 5m 18s
Rendered 11566/16242, time remaining: 5m 18s
Rendered 11567/16242, time remaining: 5m 18s
Rendered 11568/16242, time remaining: 5m 18s
Rendered 11569/16242, time remaining: 5m 18s
Rendered 11570/16242, time remaining: 5m 18s
Rendered 11571/16242, time remaining: 5m 18s
Rendered 11572/16242, time remaining: 5m 18s
Rendered 11573/16242, time remaining: 5m 18s
Rendered 11574/16242, time remaining: 5m 18s
Rendered 11575/16242, time remaining: 5m 18s
Rendered 11576/16242, time remaining: 5m 18s
Rendered 11577/16242, time remaining: 5m 17s
Rendered 11578/16242, time remaining: 5m 17s
Rendered 11579/16242, time remaining: 5m 17s
Rendered 11580/16242, time remaining: 5m 17s
Rendered 11581/16242, time remaining: 5m 17s
Rendered 11582/16242, time remaining: 5m 17s
Rendered 11583/16242, time remaining: 5m 17s
Rendered 11584/16242, time remaining: 5m 17s
Rendered 11585/16242, time remaining: 5m 17s
Rendered 11586/16242, time remaining: 5m 17s
Rendered 11587/16242, time remaining: 5m 17s
Rendered 11588/16242, time remaining: 5m 17s
Rendered 11589/16242, time remaining: 5m 17s
Rendered 11590/16242, time remaining: 5m 17s
Rendered 11591/16242, time remaining: 5m 17s
Rendered 11592/16242, time remaining: 5m 17s
Rendered 11593/16242, time remaining: 5m 17s
Rendered 11594/16242, time remaining: 5m 17s
Rendered 11595/16242, time remaining: 5m 16s
Rendered 11596/16242, time remaining: 5m 16s
Rendered 11597/16242, time remaining: 5m 16s
Rendered 11598/16242, time remaining: 5m 16s
Rendered 11599/16242, time remaining: 5m 16s
Rendered 11600/16242, time remaining: 5m 16s
Rendered 11601/16242, time remaining: 5m 16s
Rendered 11602/16242, time remaining: 5m 16s
Rendered 11603/16242, time remaining: 5m 16s
Rendered 11604/16242, time remaining: 5m 16s
Rendered 11605/16242, time remaining: 5m 16s
Rendered 11606/16242, time remaining: 5m 16s
Rendered 11607/16242, time remaining: 5m 16s
Rendered 11608/16242, time remaining: 5m 16s
Rendered 11609/16242, time remaining: 5m 16s
Rendered 11610/16242, time remaining: 5m 16s
Rendered 11611/16242, time remaining: 5m 15s
Rendered 11612/16242, time remaining: 5m 15s
Rendered 11613/16242, time remaining: 5m 15s
Rendered 11614/16242, time remaining: 5m 15s
Rendered 11615/16242, time remaining: 5m 15s
Rendered 11616/16242, time remaining: 5m 15s
Rendered 11617/16242, time remaining: 5m 15s
Rendered 11618/16242, time remaining: 5m 15s
Rendered 11619/16242, time remaining: 5m 15s
Rendered 11620/16242, time remaining: 5m 15s
Rendered 11621/16242, time remaining: 5m 15s
Rendered 11622/16242, time remaining: 5m 15s
Rendered 11623/16242, time remaining: 5m 15s
Rendered 11624/16242, time remaining: 5m 15s
Rendered 11625/16242, time remaining: 5m 15s
Rendered 11626/16242, time remaining: 5m 15s
Rendered 11627/16242, time remaining: 5m 15s
Rendered 11628/16242, time remaining: 5m 14s
Rendered 11629/16242, time remaining: 5m 14s
Rendered 11630/16242, time remaining: 5m 14s
Rendered 11631/16242, time remaining: 5m 14s
Rendered 11632/16242, time remaining: 5m 14s
Rendered 11633/16242, time remaining: 5m 14s
Rendered 11634/16242, time remaining: 5m 14s
Rendered 11635/16242, time remaining: 5m 14s
Rendered 11636/16242, time remaining: 5m 14s
Rendered 11637/16242, time remaining: 5m 14s
Rendered 11638/16242, time remaining: 5m 14s
Rendered 11639/16242, time remaining: 5m 14s
Rendered 11640/16242, time remaining: 5m 14s
Rendered 11641/16242, time remaining: 5m 14s
Rendered 11642/16242, time remaining: 5m 14s
Rendered 11643/16242, time remaining: 5m 14s
Rendered 11644/16242, time remaining: 5m 14s
Rendered 11645/16242, time remaining: 5m 13s
Rendered 11646/16242, time remaining: 5m 13s
Rendered 11647/16242, time remaining: 5m 13s
Rendered 11648/16242, time remaining: 5m 13s
Rendered 11649/16242, time remaining: 5m 13s
Rendered 11650/16242, time remaining: 5m 13s
Rendered 11651/16242, time remaining: 5m 13s
Rendered 11652/16242, time remaining: 5m 13s
Rendered 11653/16242, time remaining: 5m 13s
Rendered 11654/16242, time remaining: 5m 13s
Rendered 11655/16242, time remaining: 5m 13s
Rendered 11656/16242, time remaining: 5m 13s
Rendered 11657/16242, time remaining: 5m 13s
Rendered 11658/16242, time remaining: 5m 13s
Rendered 11659/16242, time remaining: 5m 13s
Rendered 11660/16242, time remaining: 5m 13s
Rendered 11661/16242, time remaining: 5m 12s
Rendered 11662/16242, time remaining: 5m 12s
Rendered 11663/16242, time remaining: 5m 12s
Rendered 11664/16242, time remaining: 5m 12s
Rendered 11665/16242, time remaining: 5m 12s
Rendered 11666/16242, time remaining: 5m 12s
Rendered 11667/16242, time remaining: 5m 12s
Rendered 11668/16242, time remaining: 5m 12s
Rendered 11669/16242, time remaining: 5m 12s
Rendered 11670/16242, time remaining: 5m 12s
Rendered 11671/16242, time remaining: 5m 12s
Rendered 11672/16242, time remaining: 5m 12s
Rendered 11673/16242, time remaining: 5m 12s
Rendered 11674/16242, time remaining: 5m 12s
Rendered 11675/16242, time remaining: 5m 12s
Rendered 11676/16242, time remaining: 5m 12s
Rendered 11677/16242, time remaining: 5m 12s
Rendered 11678/16242, time remaining: 5m 11s
Rendered 11679/16242, time remaining: 5m 11s
Rendered 11680/16242, time remaining: 5m 11s
Rendered 11681/16242, time remaining: 5m 11s
Rendered 11682/16242, time remaining: 5m 11s
Rendered 11683/16242, time remaining: 5m 11s
Rendered 11684/16242, time remaining: 5m 11s
Rendered 11685/16242, time remaining: 5m 11s
Rendered 11686/16242, time remaining: 5m 11s
Rendered 11687/16242, time remaining: 5m 11s
Rendered 11688/16242, time remaining: 5m 11s
Rendered 11689/16242, time remaining: 5m 11s
Rendered 11690/16242, time remaining: 5m 11s
Rendered 11691/16242, time remaining: 5m 11s
Rendered 11692/16242, time remaining: 5m 11s
Rendered 11693/16242, time remaining: 5m 11s
Rendered 11694/16242, time remaining: 5m 11s
Rendered 11695/16242, time remaining: 5m 11s
Rendered 11696/16242, time remaining: 5m 10s
Rendered 11697/16242, time remaining: 5m 10s
Rendered 11698/16242, time remaining: 5m 10s
Rendered 11699/16242, time remaining: 5m 10s
Rendered 11700/16242, time remaining: 5m 10s
Rendered 11701/16242, time remaining: 5m 10s
Rendered 11702/16242, time remaining: 5m 10s
Rendered 11703/16242, time remaining: 5m 10s
Rendered 11704/16242, time remaining: 5m 10s
Rendered 11705/16242, time remaining: 5m 10s
Rendered 11706/16242, time remaining: 5m 10s
Rendered 11707/16242, time remaining: 5m 10s
Rendered 11708/16242, time remaining: 5m 10s
Rendered 11709/16242, time remaining: 5m 10s
Rendered 11710/16242, time remaining: 5m 10s
Rendered 11711/16242, time remaining: 5m 10s
Rendered 11712/16242, time remaining: 5m 10s
Rendered 11713/16242, time remaining: 5m 10s
Rendered 11714/16242, time remaining: 5m 9s
Rendered 11715/16242, time remaining: 5m 9s
Rendered 11716/16242, time remaining: 5m 9s
Rendered 11717/16242, time remaining: 5m 9s
Rendered 11718/16242, time remaining: 5m 9s
Rendered 11719/16242, time remaining: 5m 9s
Rendered 11720/16242, time remaining: 5m 9s
Rendered 11721/16242, time remaining: 5m 9s
Rendered 11722/16242, time remaining: 5m 9s
Rendered 11723/16242, time remaining: 5m 9s
Rendered 11724/16242, time remaining: 5m 9s
Rendered 11725/16242, time remaining: 5m 9s
Rendered 11726/16242, time remaining: 5m 9s
Rendered 11727/16242, time remaining: 5m 9s
Rendered 11728/16242, time remaining: 5m 9s
Rendered 11729/16242, time remaining: 5m 9s
Rendered 11730/16242, time remaining: 5m 9s
Rendered 11731/16242, time remaining: 5m 8s
Rendered 11732/16242, time remaining: 5m 8s
Rendered 11733/16242, time remaining: 5m 8s
Rendered 11734/16242, time remaining: 5m 8s
Rendered 11735/16242, time remaining: 5m 8s
Rendered 11736/16242, time remaining: 5m 8s
Rendered 11737/16242, time remaining: 5m 8s
Rendered 11738/16242, time remaining: 5m 8s
Rendered 11739/16242, time remaining: 5m 8s
Rendered 11740/16242, time remaining: 5m 8s
Rendered 11741/16242, time remaining: 5m 8s
Rendered 11742/16242, time remaining: 5m 8s
Rendered 11743/16242, time remaining: 5m 8s
Rendered 11744/16242, time remaining: 5m 8s
Rendered 11745/16242, time remaining: 5m 8s
Rendered 11746/16242, time remaining: 5m 8s
Rendered 11747/16242, time remaining: 5m 8s
Rendered 11748/16242, time remaining: 5m 7s
Rendered 11749/16242, time remaining: 5m 7s
Rendered 11750/16242, time remaining: 5m 7s
Rendered 11751/16242, time remaining: 5m 7s
Rendered 11752/16242, time remaining: 5m 7s
Rendered 11753/16242, time remaining: 5m 7s
Rendered 11754/16242, time remaining: 5m 7s
Rendered 11755/16242, time remaining: 5m 7s
Rendered 11756/16242, time remaining: 5m 7s
Rendered 11757/16242, time remaining: 5m 7s
Rendered 11758/16242, time remaining: 5m 7s
Rendered 11759/16242, time remaining: 5m 7s
Rendered 11760/16242, time remaining: 5m 7s
Rendered 11761/16242, time remaining: 5m 7s
Rendered 11762/16242, time remaining: 5m 7s
Rendered 11763/16242, time remaining: 5m 7s
Rendered 11764/16242, time remaining: 5m 6s
Rendered 11765/16242, time remaining: 5m 6s
Rendered 11766/16242, time remaining: 5m 6s
Rendered 11767/16242, time remaining: 5m 6s
Rendered 11768/16242, time remaining: 5m 6s
Rendered 11769/16242, time remaining: 5m 6s
Rendered 11770/16242, time remaining: 5m 6s
Rendered 11771/16242, time remaining: 5m 6s
Rendered 11772/16242, time remaining: 5m 6s
Rendered 11773/16242, time remaining: 5m 6s
Rendered 11774/16242, time remaining: 5m 6s
Rendered 11775/16242, time remaining: 5m 6s
Rendered 11776/16242, time remaining: 5m 6s
Rendered 11777/16242, time remaining: 5m 6s
Rendered 11778/16242, time remaining: 5m 6s
Rendered 11779/16242, time remaining: 5m 5s
Rendered 11780/16242, time remaining: 5m 5s
Rendered 11781/16242, time remaining: 5m 5s
Rendered 11782/16242, time remaining: 5m 5s
Rendered 11783/16242, time remaining: 5m 5s
Rendered 11784/16242, time remaining: 5m 5s
Rendered 11785/16242, time remaining: 5m 5s
Rendered 11786/16242, time remaining: 5m 5s
Rendered 11787/16242, time remaining: 5m 5s
Rendered 11788/16242, time remaining: 5m 5s
Rendered 11789/16242, time remaining: 5m 5s
Rendered 11790/16242, time remaining: 5m 5s
Rendered 11791/16242, time remaining: 5m 5s
Rendered 11792/16242, time remaining: 5m 5s
Rendered 11793/16242, time remaining: 5m 4s
Rendered 11794/16242, time remaining: 5m 4s
Rendered 11795/16242, time remaining: 5m 4s
Rendered 11796/16242, time remaining: 5m 4s
Rendered 11797/16242, time remaining: 5m 4s
Rendered 11798/16242, time remaining: 5m 4s
Rendered 11799/16242, time remaining: 5m 4s
Rendered 11800/16242, time remaining: 5m 4s
Rendered 11801/16242, time remaining: 5m 4s
Rendered 11802/16242, time remaining: 5m 4s
Rendered 11803/16242, time remaining: 5m 4s
Rendered 11804/16242, time remaining: 5m 4s
Rendered 11805/16242, time remaining: 5m 4s
Rendered 11806/16242, time remaining: 5m 4s
Rendered 11807/16242, time remaining: 5m 3s
Rendered 11808/16242, time remaining: 5m 3s
Rendered 11809/16242, time remaining: 5m 3s
Rendered 11810/16242, time remaining: 5m 3s
Rendered 11811/16242, time remaining: 5m 3s
Rendered 11812/16242, time remaining: 5m 3s
Rendered 11813/16242, time remaining: 5m 3s
Rendered 11814/16242, time remaining: 5m 3s
Rendered 11815/16242, time remaining: 5m 3s
Rendered 11816/16242, time remaining: 5m 3s
Rendered 11817/16242, time remaining: 5m 3s
Rendered 11818/16242, time remaining: 5m 3s
Rendered 11819/16242, time remaining: 5m 3s
Rendered 11820/16242, time remaining: 5m 3s
Rendered 11821/16242, time remaining: 5m 3s
Rendered 11822/16242, time remaining: 5m 2s
Rendered 11823/16242, time remaining: 5m 2s
Rendered 11824/16242, time remaining: 5m 2s
Rendered 11825/16242, time remaining: 5m 2s
Rendered 11826/16242, time remaining: 5m 2s
Rendered 11827/16242, time remaining: 5m 2s
Rendered 11828/16242, time remaining: 5m 2s
Rendered 11829/16242, time remaining: 5m 2s
Rendered 11830/16242, time remaining: 5m 2s
Rendered 11831/16242, time remaining: 5m 2s
Rendered 11832/16242, time remaining: 5m 2s
Rendered 11833/16242, time remaining: 5m 2s
Rendered 11834/16242, time remaining: 5m 2s
Rendered 11835/16242, time remaining: 5m 2s
Rendered 11836/16242, time remaining: 5m 1s
Rendered 11837/16242, time remaining: 5m 1s
Rendered 11838/16242, time remaining: 5m 1s
Rendered 11839/16242, time remaining: 5m 1s
Rendered 11840/16242, time remaining: 5m 1s
Rendered 11841/16242, time remaining: 5m 1s
Rendered 11842/16242, time remaining: 5m 1s
Rendered 11843/16242, time remaining: 5m 1s
Rendered 11844/16242, time remaining: 5m 1s
Rendered 11845/16242, time remaining: 5m 1s
Rendered 11846/16242, time remaining: 5m 1s
Rendered 11847/16242, time remaining: 5m 1s
Rendered 11848/16242, time remaining: 5m 1s
Rendered 11849/16242, time remaining: 5m 1s
Rendered 11850/16242, time remaining: 5m 0s
Rendered 11851/16242, time remaining: 5m 0s
Rendered 11852/16242, time remaining: 5m 0s
Rendered 11853/16242, time remaining: 5m 0s
Rendered 11854/16242, time remaining: 5m 0s
Rendered 11855/16242, time remaining: 5m 0s
Rendered 11856/16242, time remaining: 5m 0s
Rendered 11857/16242, time remaining: 5m 0s
Rendered 11858/16242, time remaining: 5m 0s
Rendered 11859/16242, time remaining: 5m 0s
Rendered 11860/16242, time remaining: 5m 0s
Rendered 11861/16242, time remaining: 5m 0s
Rendered 11862/16242, time remaining: 5m 0s
Rendered 11863/16242, time remaining: 5m 0s
Rendered 11864/16242, time remaining: 5m 0s
Rendered 11865/16242, time remaining: 4m 59s
Rendered 11866/16242, time remaining: 4m 59s
Rendered 11867/16242, time remaining: 4m 59s
Rendered 11868/16242, time remaining: 4m 59s
Rendered 11869/16242, time remaining: 4m 59s
Rendered 11870/16242, time remaining: 4m 59s
Rendered 11871/16242, time remaining: 4m 59s
Rendered 11872/16242, time remaining: 4m 59s
Rendered 11873/16242, time remaining: 4m 59s
Rendered 11874/16242, time remaining: 4m 59s
Rendered 11875/16242, time remaining: 4m 59s
Rendered 11876/16242, time remaining: 4m 59s
Rendered 11877/16242, time remaining: 4m 59s
Rendered 11878/16242, time remaining: 4m 59s
Rendered 11879/16242, time remaining: 4m 58s
Rendered 11880/16242, time remaining: 4m 58s
Rendered 11881/16242, time remaining: 4m 58s
Rendered 11882/16242, time remaining: 4m 58s
Rendered 11883/16242, time remaining: 4m 58s
Rendered 11884/16242, time remaining: 4m 58s
Rendered 11885/16242, time remaining: 4m 58s
Rendered 11886/16242, time remaining: 4m 58s
Rendered 11887/16242, time remaining: 4m 58s
Rendered 11888/16242, time remaining: 4m 58s
Rendered 11889/16242, time remaining: 4m 58s
Rendered 11890/16242, time remaining: 4m 58s
Rendered 11891/16242, time remaining: 4m 58s
Rendered 11892/16242, time remaining: 4m 58s
Rendered 11893/16242, time remaining: 4m 57s
Rendered 11894/16242, time remaining: 4m 57s
Rendered 11895/16242, time remaining: 4m 57s
Rendered 11896/16242, time remaining: 4m 57s
Rendered 11897/16242, time remaining: 4m 57s
Rendered 11898/16242, time remaining: 4m 57s
Rendered 11899/16242, time remaining: 4m 57s
Rendered 11900/16242, time remaining: 4m 57s
Rendered 11901/16242, time remaining: 4m 57s
Rendered 11902/16242, time remaining: 4m 57s
Rendered 11903/16242, time remaining: 4m 57s
Rendered 11904/16242, time remaining: 4m 57s
Rendered 11905/16242, time remaining: 4m 57s
Rendered 11906/16242, time remaining: 4m 57s
Rendered 11907/16242, time remaining: 4m 57s
Rendered 11908/16242, time remaining: 4m 56s
Rendered 11909/16242, time remaining: 4m 56s
Rendered 11910/16242, time remaining: 4m 56s
Rendered 11911/16242, time remaining: 4m 56s
Rendered 11912/16242, time remaining: 4m 56s
Rendered 11913/16242, time remaining: 4m 56s
Rendered 11914/16242, time remaining: 4m 56s
Rendered 11915/16242, time remaining: 4m 56s
Rendered 11916/16242, time remaining: 4m 56s
Rendered 11917/16242, time remaining: 4m 56s
Rendered 11918/16242, time remaining: 4m 56s
Rendered 11919/16242, time remaining: 4m 56s
Rendered 11920/16242, time remaining: 4m 56s
Rendered 11921/16242, time remaining: 4m 56s
Rendered 11922/16242, time remaining: 4m 56s
Rendered 11923/16242, time remaining: 4m 56s
Rendered 11924/16242, time remaining: 4m 55s
Rendered 11925/16242, time remaining: 4m 55s
Rendered 11926/16242, time remaining: 4m 55s
Rendered 11927/16242, time remaining: 4m 55s
Rendered 11928/16242, time remaining: 4m 55s
Rendered 11929/16242, time remaining: 4m 55s
Rendered 11930/16242, time remaining: 4m 55s
Rendered 11931/16242, time remaining: 4m 55s
Rendered 11932/16242, time remaining: 4m 55s
Rendered 11933/16242, time remaining: 4m 55s
Rendered 11934/16242, time remaining: 4m 55s
Rendered 11935/16242, time remaining: 4m 55s
Rendered 11936/16242, time remaining: 4m 55s
Rendered 11937/16242, time remaining: 4m 55s
Rendered 11938/16242, time remaining: 4m 55s
Rendered 11939/16242, time remaining: 4m 54s
Rendered 11940/16242, time remaining: 4m 54s
Rendered 11941/16242, time remaining: 4m 54s
Rendered 11942/16242, time remaining: 4m 54s
Rendered 11943/16242, time remaining: 4m 54s
Rendered 11944/16242, time remaining: 4m 54s
Rendered 11945/16242, time remaining: 4m 54s
Rendered 11946/16242, time remaining: 4m 54s
Rendered 11947/16242, time remaining: 4m 54s
Rendered 11948/16242, time remaining: 4m 54s
Rendered 11949/16242, time remaining: 4m 54s
Rendered 11950/16242, time remaining: 4m 54s
Rendered 11951/16242, time remaining: 4m 54s
Rendered 11952/16242, time remaining: 4m 54s
Rendered 11953/16242, time remaining: 4m 54s
Rendered 11954/16242, time remaining: 4m 54s
Rendered 11955/16242, time remaining: 4m 53s
Rendered 11956/16242, time remaining: 4m 53s
Rendered 11957/16242, time remaining: 4m 53s
Rendered 11958/16242, time remaining: 4m 53s
Rendered 11959/16242, time remaining: 4m 53s
Rendered 11960/16242, time remaining: 4m 53s
Rendered 11961/16242, time remaining: 4m 53s
Rendered 11962/16242, time remaining: 4m 53s
Rendered 11963/16242, time remaining: 4m 53s
Rendered 11964/16242, time remaining: 4m 53s
Rendered 11965/16242, time remaining: 4m 53s
Rendered 11966/16242, time remaining: 4m 53s
Rendered 11967/16242, time remaining: 4m 53s
Rendered 11968/16242, time remaining: 4m 53s
Rendered 11969/16242, time remaining: 4m 53s
Rendered 11970/16242, time remaining: 4m 52s
Rendered 11971/16242, time remaining: 4m 52s
Rendered 11972/16242, time remaining: 4m 52s
Rendered 11973/16242, time remaining: 4m 52s
Rendered 11974/16242, time remaining: 4m 52s
Rendered 11975/16242, time remaining: 4m 52s
Rendered 11976/16242, time remaining: 4m 52s
Rendered 11977/16242, time remaining: 4m 52s
Rendered 11978/16242, time remaining: 4m 52s
Rendered 11979/16242, time remaining: 4m 52s
Rendered 11980/16242, time remaining: 4m 52s
Rendered 11981/16242, time remaining: 4m 52s
Rendered 11982/16242, time remaining: 4m 52s
Rendered 11983/16242, time remaining: 4m 52s
Rendered 11984/16242, time remaining: 4m 52s
Rendered 11985/16242, time remaining: 4m 51s
Rendered 11986/16242, time remaining: 4m 51s
Rendered 11987/16242, time remaining: 4m 51s
Rendered 11988/16242, time remaining: 4m 51s
Rendered 11989/16242, time remaining: 4m 51s
Rendered 11990/16242, time remaining: 4m 51s
Rendered 11991/16242, time remaining: 4m 51s
Rendered 11992/16242, time remaining: 4m 51s
Rendered 11993/16242, time remaining: 4m 51s
Rendered 11994/16242, time remaining: 4m 51s
Rendered 11995/16242, time remaining: 4m 51s
Rendered 11996/16242, time remaining: 4m 51s
Rendered 11997/16242, time remaining: 4m 51s
Rendered 11998/16242, time remaining: 4m 51s
Rendered 11999/16242, time remaining: 4m 51s
Rendered 12000/16242, time remaining: 4m 51s
Rendered 12001/16242, time remaining: 4m 50s
Rendered 12002/16242, time remaining: 4m 50s
Rendered 12003/16242, time remaining: 4m 50s
Rendered 12004/16242, time remaining: 4m 50s
Rendered 12005/16242, time remaining: 4m 50s
Rendered 12006/16242, time remaining: 4m 50s
Rendered 12007/16242, time remaining: 4m 50s
Rendered 12008/16242, time remaining: 4m 50s
Rendered 12009/16242, time remaining: 4m 50s
Rendered 12010/16242, time remaining: 4m 50s
Rendered 12011/16242, time remaining: 4m 50s
Rendered 12012/16242, time remaining: 4m 50s
Rendered 12013/16242, time remaining: 4m 50s
Rendered 12014/16242, time remaining: 4m 50s
Rendered 12015/16242, time remaining: 4m 50s
Rendered 12016/16242, time remaining: 4m 49s
Rendered 12017/16242, time remaining: 4m 49s
Rendered 12018/16242, time remaining: 4m 49s
Rendered 12019/16242, time remaining: 4m 49s
Rendered 12020/16242, time remaining: 4m 49s
Rendered 12021/16242, time remaining: 4m 49s
Rendered 12022/16242, time remaining: 4m 49s
Rendered 12023/16242, time remaining: 4m 49s
Rendered 12024/16242, time remaining: 4m 49s
Rendered 12025/16242, time remaining: 4m 49s
Rendered 12026/16242, time remaining: 4m 49s
Rendered 12027/16242, time remaining: 4m 49s
Rendered 12028/16242, time remaining: 4m 49s
Rendered 12029/16242, time remaining: 4m 49s
Rendered 12030/16242, time remaining: 4m 49s
Rendered 12031/16242, time remaining: 4m 49s
Rendered 12032/16242, time remaining: 4m 48s
Rendered 12033/16242, time remaining: 4m 48s
Rendered 12034/16242, time remaining: 4m 48s
Rendered 12035/16242, time remaining: 4m 48s
Rendered 12036/16242, time remaining: 4m 48s
Rendered 12037/16242, time remaining: 4m 48s
Rendered 12038/16242, time remaining: 4m 48s
Rendered 12039/16242, time remaining: 4m 48s
Rendered 12040/16242, time remaining: 4m 48s
Rendered 12041/16242, time remaining: 4m 48s
Rendered 12042/16242, time remaining: 4m 48s
Rendered 12043/16242, time remaining: 4m 48s
Rendered 12044/16242, time remaining: 4m 48s
Rendered 12045/16242, time remaining: 4m 48s
Rendered 12046/16242, time remaining: 4m 48s
Rendered 12047/16242, time remaining: 4m 48s
Rendered 12048/16242, time remaining: 4m 47s
Rendered 12049/16242, time remaining: 4m 47s
Rendered 12050/16242, time remaining: 4m 47s
Rendered 12051/16242, time remaining: 4m 47s
Rendered 12052/16242, time remaining: 4m 47s
Rendered 12053/16242, time remaining: 4m 47s
Rendered 12054/16242, time remaining: 4m 47s
Rendered 12055/16242, time remaining: 4m 47s
Rendered 12056/16242, time remaining: 4m 47s
Rendered 12057/16242, time remaining: 4m 47s
Rendered 12058/16242, time remaining: 4m 47s
Rendered 12059/16242, time remaining: 4m 47s
Rendered 12060/16242, time remaining: 4m 47s
Rendered 12061/16242, time remaining: 4m 47s
Rendered 12062/16242, time remaining: 4m 47s
Rendered 12063/16242, time remaining: 4m 46s
Rendered 12064/16242, time remaining: 4m 46s
Rendered 12065/16242, time remaining: 4m 46s
Rendered 12066/16242, time remaining: 4m 46s
Rendered 12067/16242, time remaining: 4m 46s
Rendered 12068/16242, time remaining: 4m 46s
Rendered 12069/16242, time remaining: 4m 46s
Rendered 12070/16242, time remaining: 4m 46s
Rendered 12071/16242, time remaining: 4m 46s
Rendered 12072/16242, time remaining: 4m 46s
Rendered 12073/16242, time remaining: 4m 46s
Rendered 12074/16242, time remaining: 4m 46s
Rendered 12075/16242, time remaining: 4m 46s
Rendered 12076/16242, time remaining: 4m 46s
Rendered 12077/16242, time remaining: 4m 46s
Rendered 12078/16242, time remaining: 4m 45s
Rendered 12079/16242, time remaining: 4m 45s
Rendered 12080/16242, time remaining: 4m 45s
Rendered 12081/16242, time remaining: 4m 45s
Rendered 12082/16242, time remaining: 4m 45s
Rendered 12083/16242, time remaining: 4m 45s
Rendered 12084/16242, time remaining: 4m 45s
Rendered 12085/16242, time remaining: 4m 45s
Rendered 12086/16242, time remaining: 4m 45s
Rendered 12087/16242, time remaining: 4m 45s
Rendered 12088/16242, time remaining: 4m 45s
Rendered 12089/16242, time remaining: 4m 45s
Rendered 12090/16242, time remaining: 4m 45s
Rendered 12091/16242, time remaining: 4m 45s
Rendered 12092/16242, time remaining: 4m 45s
Rendered 12093/16242, time remaining: 4m 45s
Rendered 12094/16242, time remaining: 4m 44s
Rendered 12095/16242, time remaining: 4m 44s
Rendered 12096/16242, time remaining: 4m 44s
Rendered 12097/16242, time remaining: 4m 44s
Rendered 12098/16242, time remaining: 4m 44s
Rendered 12099/16242, time remaining: 4m 44s
Rendered 12100/16242, time remaining: 4m 44s
Rendered 12101/16242, time remaining: 4m 44s
Rendered 12102/16242, time remaining: 4m 44s
Rendered 12103/16242, time remaining: 4m 44s
Rendered 12104/16242, time remaining: 4m 44s
Rendered 12105/16242, time remaining: 4m 44s
Rendered 12106/16242, time remaining: 4m 44s
Rendered 12107/16242, time remaining: 4m 44s
Rendered 12108/16242, time remaining: 4m 44s
Rendered 12109/16242, time remaining: 4m 44s
Rendered 12110/16242, time remaining: 4m 43s
Rendered 12111/16242, time remaining: 4m 43s
Rendered 12112/16242, time remaining: 4m 43s
Rendered 12113/16242, time remaining: 4m 43s
Rendered 12114/16242, time remaining: 4m 43s
Rendered 12115/16242, time remaining: 4m 43s
Rendered 12116/16242, time remaining: 4m 43s
Rendered 12117/16242, time remaining: 4m 43s
Rendered 12118/16242, time remaining: 4m 43s
Rendered 12119/16242, time remaining: 4m 43s
Rendered 12120/16242, time remaining: 4m 43s
Rendered 12121/16242, time remaining: 4m 43s
Rendered 12122/16242, time remaining: 4m 43s
Rendered 12123/16242, time remaining: 4m 43s
Rendered 12124/16242, time remaining: 4m 43s
Rendered 12125/16242, time remaining: 4m 42s
Rendered 12126/16242, time remaining: 4m 42s
Rendered 12127/16242, time remaining: 4m 42s
Rendered 12128/16242, time remaining: 4m 42s
Rendered 12129/16242, time remaining: 4m 42s
Rendered 12130/16242, time remaining: 4m 42s
Rendered 12131/16242, time remaining: 4m 42s
Rendered 12132/16242, time remaining: 4m 42s
Rendered 12133/16242, time remaining: 4m 42s
Rendered 12134/16242, time remaining: 4m 42s
Rendered 12135/16242, time remaining: 4m 42s
Rendered 12136/16242, time remaining: 4m 42s
Rendered 12137/16242, time remaining: 4m 42s
Rendered 12138/16242, time remaining: 4m 42s
Rendered 12139/16242, time remaining: 4m 42s
Rendered 12140/16242, time remaining: 4m 42s
Rendered 12141/16242, time remaining: 4m 41s
Rendered 12142/16242, time remaining: 4m 41s
Rendered 12143/16242, time remaining: 4m 41s
Rendered 12144/16242, time remaining: 4m 41s
Rendered 12145/16242, time remaining: 4m 41s
Rendered 12146/16242, time remaining: 4m 41s
Rendered 12147/16242, time remaining: 4m 41s
Rendered 12148/16242, time remaining: 4m 41s
Rendered 12149/16242, time remaining: 4m 41s
Rendered 12150/16242, time remaining: 4m 41s
Rendered 12151/16242, time remaining: 4m 41s
Rendered 12152/16242, time remaining: 4m 41s
Rendered 12153/16242, time remaining: 4m 41s
Rendered 12154/16242, time remaining: 4m 41s
Rendered 12155/16242, time remaining: 4m 40s
Rendered 12156/16242, time remaining: 4m 40s
Rendered 12157/16242, time remaining: 4m 40s
Rendered 12158/16242, time remaining: 4m 40s
Rendered 12159/16242, time remaining: 4m 40s
Rendered 12160/16242, time remaining: 4m 40s
Rendered 12161/16242, time remaining: 4m 40s
Rendered 12162/16242, time remaining: 4m 40s
Rendered 12163/16242, time remaining: 4m 40s
Rendered 12164/16242, time remaining: 4m 40s
Rendered 12165/16242, time remaining: 4m 40s
Rendered 12166/16242, time remaining: 4m 40s
Rendered 12167/16242, time remaining: 4m 40s
Rendered 12168/16242, time remaining: 4m 40s
Rendered 12169/16242, time remaining: 4m 40s
Rendered 12170/16242, time remaining: 4m 39s
Rendered 12171/16242, time remaining: 4m 39s
Rendered 12172/16242, time remaining: 4m 39s
Rendered 12173/16242, time remaining: 4m 39s
Rendered 12174/16242, time remaining: 4m 39s
Rendered 12175/16242, time remaining: 4m 39s
Rendered 12176/16242, time remaining: 4m 39s
Rendered 12177/16242, time remaining: 4m 39s
Rendered 12178/16242, time remaining: 4m 39s
Rendered 12179/16242, time remaining: 4m 39s
Rendered 12180/16242, time remaining: 4m 39s
Rendered 12181/16242, time remaining: 4m 39s
Rendered 12182/16242, time remaining: 4m 39s
Rendered 12183/16242, time remaining: 4m 39s
Rendered 12184/16242, time remaining: 4m 38s
Rendered 12185/16242, time remaining: 4m 38s
Rendered 12186/16242, time remaining: 4m 38s
Rendered 12187/16242, time remaining: 4m 38s
Rendered 12188/16242, time remaining: 4m 38s
Rendered 12189/16242, time remaining: 4m 38s
Rendered 12190/16242, time remaining: 4m 38s
Rendered 12191/16242, time remaining: 4m 38s
Rendered 12192/16242, time remaining: 4m 38s
Rendered 12193/16242, time remaining: 4m 38s
Rendered 12194/16242, time remaining: 4m 38s
Rendered 12195/16242, time remaining: 4m 38s
Rendered 12196/16242, time remaining: 4m 38s
Rendered 12197/16242, time remaining: 4m 38s
Rendered 12198/16242, time remaining: 4m 37s
Rendered 12199/16242, time remaining: 4m 37s
Rendered 12200/16242, time remaining: 4m 37s
Rendered 12201/16242, time remaining: 4m 37s
Rendered 12202/16242, time remaining: 4m 37s
Rendered 12203/16242, time remaining: 4m 37s
Rendered 12204/16242, time remaining: 4m 37s
Rendered 12205/16242, time remaining: 4m 37s
Rendered 12206/16242, time remaining: 4m 37s
Rendered 12207/16242, time remaining: 4m 37s
Rendered 12208/16242, time remaining: 4m 37s
Rendered 12209/16242, time remaining: 4m 37s
Rendered 12210/16242, time remaining: 4m 37s
Rendered 12211/16242, time remaining: 4m 37s
Rendered 12212/16242, time remaining: 4m 37s
Rendered 12213/16242, time remaining: 4m 36s
Rendered 12214/16242, time remaining: 4m 36s
Rendered 12215/16242, time remaining: 4m 36s
Rendered 12216/16242, time remaining: 4m 36s
Rendered 12217/16242, time remaining: 4m 36s
Rendered 12218/16242, time remaining: 4m 36s
Rendered 12219/16242, time remaining: 4m 36s
Rendered 12220/16242, time remaining: 4m 36s
Rendered 12221/16242, time remaining: 4m 36s
Rendered 12222/16242, time remaining: 4m 36s
Rendered 12223/16242, time remaining: 4m 36s
Rendered 12224/16242, time remaining: 4m 36s
Rendered 12225/16242, time remaining: 4m 36s
Rendered 12226/16242, time remaining: 4m 36s
Rendered 12227/16242, time remaining: 4m 36s
Rendered 12228/16242, time remaining: 4m 35s
Rendered 12229/16242, time remaining: 4m 35s
Rendered 12230/16242, time remaining: 4m 35s
Rendered 12231/16242, time remaining: 4m 35s
Rendered 12232/16242, time remaining: 4m 35s
Rendered 12233/16242, time remaining: 4m 35s
Rendered 12234/16242, time remaining: 4m 35s
Rendered 12235/16242, time remaining: 4m 35s
Rendered 12236/16242, time remaining: 4m 35s
Rendered 12237/16242, time remaining: 4m 35s
Rendered 12238/16242, time remaining: 4m 35s
Rendered 12239/16242, time remaining: 4m 35s
Rendered 12240/16242, time remaining: 4m 35s
Rendered 12241/16242, time remaining: 4m 35s
Rendered 12242/16242, time remaining: 4m 35s
Rendered 12243/16242, time remaining: 4m 34s
Rendered 12244/16242, time remaining: 4m 34s
Rendered 12245/16242, time remaining: 4m 34s
Rendered 12246/16242, time remaining: 4m 34s
Rendered 12247/16242, time remaining: 4m 34s
Rendered 12248/16242, time remaining: 4m 34s
Rendered 12249/16242, time remaining: 4m 34s
Rendered 12250/16242, time remaining: 4m 34s
Rendered 12251/16242, time remaining: 4m 34s
Rendered 12252/16242, time remaining: 4m 34s
Rendered 12253/16242, time remaining: 4m 34s
Rendered 12254/16242, time remaining: 4m 34s
Rendered 12255/16242, time remaining: 4m 34s
Rendered 12256/16242, time remaining: 4m 34s
Rendered 12257/16242, time remaining: 4m 34s
Rendered 12258/16242, time remaining: 4m 34s
Rendered 12259/16242, time remaining: 4m 33s
Rendered 12260/16242, time remaining: 4m 33s
Rendered 12261/16242, time remaining: 4m 33s
Rendered 12262/16242, time remaining: 4m 33s
Rendered 12263/16242, time remaining: 4m 33s
Rendered 12264/16242, time remaining: 4m 33s
Rendered 12265/16242, time remaining: 4m 33s
Rendered 12266/16242, time remaining: 4m 33s
Rendered 12267/16242, time remaining: 4m 33s
Rendered 12268/16242, time remaining: 4m 33s
Rendered 12269/16242, time remaining: 4m 33s
Rendered 12270/16242, time remaining: 4m 33s
Rendered 12271/16242, time remaining: 4m 33s
Rendered 12272/16242, time remaining: 4m 33s
Rendered 12273/16242, time remaining: 4m 33s
Rendered 12274/16242, time remaining: 4m 32s
Rendered 12275/16242, time remaining: 4m 32s
Rendered 12276/16242, time remaining: 4m 32s
Rendered 12277/16242, time remaining: 4m 32s
Rendered 12278/16242, time remaining: 4m 32s
Rendered 12279/16242, time remaining: 4m 32s
Rendered 12280/16242, time remaining: 4m 32s
Rendered 12281/16242, time remaining: 4m 32s
Rendered 12282/16242, time remaining: 4m 32s
Rendered 12283/16242, time remaining: 4m 32s
Rendered 12284/16242, time remaining: 4m 32s
Rendered 12285/16242, time remaining: 4m 32s
Rendered 12286/16242, time remaining: 4m 32s
Rendered 12287/16242, time remaining: 4m 32s
Rendered 12288/16242, time remaining: 4m 32s
Rendered 12289/16242, time remaining: 4m 31s
Rendered 12290/16242, time remaining: 4m 31s
Rendered 12291/16242, time remaining: 4m 31s
Rendered 12292/16242, time remaining: 4m 31s
Rendered 12293/16242, time remaining: 4m 31s
Rendered 12294/16242, time remaining: 4m 31s
Rendered 12295/16242, time remaining: 4m 31s
Rendered 12296/16242, time remaining: 4m 31s
Rendered 12297/16242, time remaining: 4m 31s
Rendered 12298/16242, time remaining: 4m 31s
Rendered 12299/16242, time remaining: 4m 31s
Rendered 12300/16242, time remaining: 4m 31s
Rendered 12301/16242, time remaining: 4m 31s
Rendered 12302/16242, time remaining: 4m 31s
Rendered 12303/16242, time remaining: 4m 31s
Rendered 12304/16242, time remaining: 4m 30s
Rendered 12305/16242, time remaining: 4m 30s
Rendered 12306/16242, time remaining: 4m 30s
Rendered 12307/16242, time remaining: 4m 30s
Rendered 12308/16242, time remaining: 4m 30s
Rendered 12309/16242, time remaining: 4m 30s
Rendered 12310/16242, time remaining: 4m 30s
Rendered 12311/16242, time remaining: 4m 30s
Rendered 12312/16242, time remaining: 4m 30s
Rendered 12313/16242, time remaining: 4m 30s
Rendered 12314/16242, time remaining: 4m 30s
Rendered 12315/16242, time remaining: 4m 30s
Rendered 12316/16242, time remaining: 4m 30s
Rendered 12317/16242, time remaining: 4m 30s
Rendered 12318/16242, time remaining: 4m 30s
Rendered 12319/16242, time remaining: 4m 29s
Rendered 12320/16242, time remaining: 4m 29s
Rendered 12321/16242, time remaining: 4m 29s
Rendered 12322/16242, time remaining: 4m 29s
Rendered 12323/16242, time remaining: 4m 29s
Rendered 12324/16242, time remaining: 4m 29s
Rendered 12325/16242, time remaining: 4m 29s
Rendered 12326/16242, time remaining: 4m 29s
Rendered 12327/16242, time remaining: 4m 29s
Rendered 12328/16242, time remaining: 4m 29s
Rendered 12329/16242, time remaining: 4m 29s
Rendered 12330/16242, time remaining: 4m 29s
Rendered 12331/16242, time remaining: 4m 29s
Rendered 12332/16242, time remaining: 4m 29s
Rendered 12333/16242, time remaining: 4m 29s
Rendered 12334/16242, time remaining: 4m 29s
Rendered 12335/16242, time remaining: 4m 28s
Rendered 12336/16242, time remaining: 4m 28s
Rendered 12337/16242, time remaining: 4m 28s
Rendered 12338/16242, time remaining: 4m 28s
Rendered 12339/16242, time remaining: 4m 28s
Rendered 12340/16242, time remaining: 4m 28s
Rendered 12341/16242, time remaining: 4m 28s
Rendered 12342/16242, time remaining: 4m 28s
Rendered 12343/16242, time remaining: 4m 28s
Rendered 12344/16242, time remaining: 4m 28s
Rendered 12345/16242, time remaining: 4m 28s
Rendered 12346/16242, time remaining: 4m 28s
Rendered 12347/16242, time remaining: 4m 28s
Rendered 12348/16242, time remaining: 4m 28s
Rendered 12349/16242, time remaining: 4m 28s
Rendered 12350/16242, time remaining: 4m 27s
Rendered 12351/16242, time remaining: 4m 27s
Rendered 12352/16242, time remaining: 4m 27s
Rendered 12353/16242, time remaining: 4m 27s
Rendered 12354/16242, time remaining: 4m 27s
Rendered 12355/16242, time remaining: 4m 27s
Rendered 12356/16242, time remaining: 4m 27s
Rendered 12357/16242, time remaining: 4m 27s
Rendered 12358/16242, time remaining: 4m 27s
Rendered 12359/16242, time remaining: 4m 27s
Rendered 12360/16242, time remaining: 4m 27s
Rendered 12361/16242, time remaining: 4m 27s
Rendered 12362/16242, time remaining: 4m 27s
Rendered 12363/16242, time remaining: 4m 27s
Rendered 12364/16242, time remaining: 4m 27s
Rendered 12365/16242, time remaining: 4m 26s
Rendered 12366/16242, time remaining: 4m 26s
Rendered 12367/16242, time remaining: 4m 26s
Rendered 12368/16242, time remaining: 4m 26s
Rendered 12369/16242, time remaining: 4m 26s
Rendered 12370/16242, time remaining: 4m 26s
Rendered 12371/16242, time remaining: 4m 26s
Rendered 12372/16242, time remaining: 4m 26s
Rendered 12373/16242, time remaining: 4m 26s
Rendered 12374/16242, time remaining: 4m 26s
Rendered 12375/16242, time remaining: 4m 26s
Rendered 12376/16242, time remaining: 4m 26s
Rendered 12377/16242, time remaining: 4m 26s
Rendered 12378/16242, time remaining: 4m 26s
Rendered 12379/16242, time remaining: 4m 26s
Rendered 12380/16242, time remaining: 4m 25s
Rendered 12381/16242, time remaining: 4m 25s
Rendered 12382/16242, time remaining: 4m 25s
Rendered 12383/16242, time remaining: 4m 25s
Rendered 12384/16242, time remaining: 4m 25s
Rendered 12385/16242, time remaining: 4m 25s
Rendered 12386/16242, time remaining: 4m 25s
Rendered 12387/16242, time remaining: 4m 25s
Rendered 12388/16242, time remaining: 4m 25s
Rendered 12389/16242, time remaining: 4m 25s
Rendered 12390/16242, time remaining: 4m 25s
Rendered 12391/16242, time remaining: 4m 25s
Rendered 12392/16242, time remaining: 4m 25s
Rendered 12393/16242, time remaining: 4m 25s
Rendered 12394/16242, time remaining: 4m 25s
Rendered 12395/16242, time remaining: 4m 25s
Rendered 12396/16242, time remaining: 4m 24s
Rendered 12397/16242, time remaining: 4m 24s
Rendered 12398/16242, time remaining: 4m 24s
Rendered 12399/16242, time remaining: 4m 24s
Rendered 12400/16242, time remaining: 4m 24s
Rendered 12401/16242, time remaining: 4m 24s
Rendered 12402/16242, time remaining: 4m 24s
Rendered 12403/16242, time remaining: 4m 24s
Rendered 12404/16242, time remaining: 4m 24s
Rendered 12405/16242, time remaining: 4m 24s
Rendered 12406/16242, time remaining: 4m 24s
Rendered 12407/16242, time remaining: 4m 24s
Rendered 12408/16242, time remaining: 4m 24s
Rendered 12409/16242, time remaining: 4m 24s
Rendered 12410/16242, time remaining: 4m 24s
Rendered 12411/16242, time remaining: 4m 23s
Rendered 12412/16242, time remaining: 4m 23s
Rendered 12413/16242, time remaining: 4m 23s
Rendered 12414/16242, time remaining: 4m 23s
Rendered 12415/16242, time remaining: 4m 23s
Rendered 12416/16242, time remaining: 4m 23s
Rendered 12417/16242, time remaining: 4m 23s
Rendered 12418/16242, time remaining: 4m 23s
Rendered 12419/16242, time remaining: 4m 23s
Rendered 12420/16242, time remaining: 4m 23s
Rendered 12421/16242, time remaining: 4m 23s
Rendered 12422/16242, time remaining: 4m 23s
Rendered 12423/16242, time remaining: 4m 23s
Rendered 12424/16242, time remaining: 4m 23s
Rendered 12425/16242, time remaining: 4m 23s
Rendered 12426/16242, time remaining: 4m 23s
Rendered 12427/16242, time remaining: 4m 22s
Rendered 12428/16242, time remaining: 4m 22s
Rendered 12429/16242, time remaining: 4m 22s
Rendered 12430/16242, time remaining: 4m 22s
Rendered 12431/16242, time remaining: 4m 22s
Rendered 12432/16242, time remaining: 4m 22s
Rendered 12433/16242, time remaining: 4m 22s
Rendered 12434/16242, time remaining: 4m 22s
Rendered 12435/16242, time remaining: 4m 22s
Rendered 12436/16242, time remaining: 4m 22s
Rendered 12437/16242, time remaining: 4m 22s
Rendered 12438/16242, time remaining: 4m 22s
Rendered 12439/16242, time remaining: 4m 22s
Rendered 12440/16242, time remaining: 4m 22s
Rendered 12441/16242, time remaining: 4m 22s
Rendered 12442/16242, time remaining: 4m 21s
Rendered 12443/16242, time remaining: 4m 21s
Rendered 12444/16242, time remaining: 4m 21s
Rendered 12445/16242, time remaining: 4m 21s
Rendered 12446/16242, time remaining: 4m 21s
Rendered 12447/16242, time remaining: 4m 21s
Rendered 12448/16242, time remaining: 4m 21s
Rendered 12449/16242, time remaining: 4m 21s
Rendered 12450/16242, time remaining: 4m 21s
Rendered 12451/16242, time remaining: 4m 21s
Rendered 12452/16242, time remaining: 4m 21s
Rendered 12453/16242, time remaining: 4m 21s
Rendered 12454/16242, time remaining: 4m 21s
Rendered 12455/16242, time remaining: 4m 21s
Rendered 12456/16242, time remaining: 4m 21s
Rendered 12457/16242, time remaining: 4m 20s
Rendered 12458/16242, time remaining: 4m 20s
Rendered 12459/16242, time remaining: 4m 20s
Rendered 12460/16242, time remaining: 4m 20s
Rendered 12461/16242, time remaining: 4m 20s
Rendered 12462/16242, time remaining: 4m 20s
Rendered 12463/16242, time remaining: 4m 20s
Rendered 12464/16242, time remaining: 4m 20s
Rendered 12465/16242, time remaining: 4m 20s
Rendered 12466/16242, time remaining: 4m 20s
Rendered 12467/16242, time remaining: 4m 20s
Rendered 12468/16242, time remaining: 4m 20s
Rendered 12469/16242, time remaining: 4m 20s
Rendered 12470/16242, time remaining: 4m 20s
Rendered 12471/16242, time remaining: 4m 20s
Rendered 12472/16242, time remaining: 4m 19s
Rendered 12473/16242, time remaining: 4m 19s
Rendered 12474/16242, time remaining: 4m 19s
Rendered 12475/16242, time remaining: 4m 19s
Rendered 12476/16242, time remaining: 4m 19s
Rendered 12477/16242, time remaining: 4m 19s
Rendered 12478/16242, time remaining: 4m 19s
Rendered 12479/16242, time remaining: 4m 19s
Rendered 12480/16242, time remaining: 4m 19s
Rendered 12481/16242, time remaining: 4m 19s
Rendered 12482/16242, time remaining: 4m 19s
Rendered 12483/16242, time remaining: 4m 19s
Rendered 12484/16242, time remaining: 4m 19s
Rendered 12485/16242, time remaining: 4m 19s
Rendered 12486/16242, time remaining: 4m 19s
Rendered 12487/16242, time remaining: 4m 19s
Rendered 12488/16242, time remaining: 4m 18s
Rendered 12489/16242, time remaining: 4m 18s
Rendered 12490/16242, time remaining: 4m 18s
Rendered 12491/16242, time remaining: 4m 18s
Rendered 12492/16242, time remaining: 4m 18s
Rendered 12493/16242, time remaining: 4m 18s
Rendered 12494/16242, time remaining: 4m 18s
Rendered 12495/16242, time remaining: 4m 18s
Rendered 12496/16242, time remaining: 4m 18s
Rendered 12497/16242, time remaining: 4m 18s
Rendered 12498/16242, time remaining: 4m 18s
Rendered 12499/16242, time remaining: 4m 18s
Rendered 12500/16242, time remaining: 4m 18s
Rendered 12501/16242, time remaining: 4m 18s
Rendered 12502/16242, time remaining: 4m 17s
Rendered 12503/16242, time remaining: 4m 17s
Rendered 12504/16242, time remaining: 4m 17s
Rendered 12505/16242, time remaining: 4m 17s
Rendered 12506/16242, time remaining: 4m 17s
Rendered 12507/16242, time remaining: 4m 17s
Rendered 12508/16242, time remaining: 4m 17s
Rendered 12509/16242, time remaining: 4m 17s
Rendered 12510/16242, time remaining: 4m 17s
Rendered 12511/16242, time remaining: 4m 17s
Rendered 12512/16242, time remaining: 4m 17s
Rendered 12513/16242, time remaining: 4m 17s
Rendered 12514/16242, time remaining: 4m 17s
Rendered 12515/16242, time remaining: 4m 17s
Rendered 12516/16242, time remaining: 4m 17s
Rendered 12517/16242, time remaining: 4m 16s
Rendered 12518/16242, time remaining: 4m 16s
Rendered 12519/16242, time remaining: 4m 16s
Rendered 12520/16242, time remaining: 4m 16s
Rendered 12521/16242, time remaining: 4m 16s
Rendered 12522/16242, time remaining: 4m 16s
Rendered 12523/16242, time remaining: 4m 16s
Rendered 12524/16242, time remaining: 4m 16s
Rendered 12525/16242, time remaining: 4m 16s
Rendered 12526/16242, time remaining: 4m 16s
Rendered 12527/16242, time remaining: 4m 16s
Rendered 12528/16242, time remaining: 4m 16s
Rendered 12529/16242, time remaining: 4m 16s
Rendered 12530/16242, time remaining: 4m 16s
Rendered 12531/16242, time remaining: 4m 16s
Rendered 12532/16242, time remaining: 4m 15s
Rendered 12533/16242, time remaining: 4m 15s
Rendered 12534/16242, time remaining: 4m 15s
Rendered 12535/16242, time remaining: 4m 15s
Rendered 12536/16242, time remaining: 4m 15s
Rendered 12537/16242, time remaining: 4m 15s
Rendered 12538/16242, time remaining: 4m 15s
Rendered 12539/16242, time remaining: 4m 15s
Rendered 12540/16242, time remaining: 4m 15s
Rendered 12541/16242, time remaining: 4m 15s
Rendered 12542/16242, time remaining: 4m 15s
Rendered 12543/16242, time remaining: 4m 15s
Rendered 12544/16242, time remaining: 4m 15s
Rendered 12545/16242, time remaining: 4m 15s
Rendered 12546/16242, time remaining: 4m 15s
Rendered 12547/16242, time remaining: 4m 15s
Rendered 12548/16242, time remaining: 4m 14s
Rendered 12549/16242, time remaining: 4m 14s
Rendered 12550/16242, time remaining: 4m 14s
Rendered 12551/16242, time remaining: 4m 14s
Rendered 12552/16242, time remaining: 4m 14s
Rendered 12553/16242, time remaining: 4m 14s
Rendered 12554/16242, time remaining: 4m 14s
Rendered 12555/16242, time remaining: 4m 14s
Rendered 12556/16242, time remaining: 4m 14s
Rendered 12557/16242, time remaining: 4m 14s
Rendered 12558/16242, time remaining: 4m 14s
Rendered 12559/16242, time remaining: 4m 14s
Rendered 12560/16242, time remaining: 4m 14s
Rendered 12561/16242, time remaining: 4m 14s
Rendered 12562/16242, time remaining: 4m 14s
Rendered 12563/16242, time remaining: 4m 13s
Rendered 12564/16242, time remaining: 4m 13s
Rendered 12565/16242, time remaining: 4m 13s
Rendered 12566/16242, time remaining: 4m 13s
Rendered 12567/16242, time remaining: 4m 13s
Rendered 12568/16242, time remaining: 4m 13s
Rendered 12569/16242, time remaining: 4m 13s
Rendered 12570/16242, time remaining: 4m 13s
Rendered 12571/16242, time remaining: 4m 13s
Rendered 12572/16242, time remaining: 4m 13s
Rendered 12573/16242, time remaining: 4m 13s
Rendered 12574/16242, time remaining: 4m 13s
Rendered 12575/16242, time remaining: 4m 13s
Rendered 12576/16242, time remaining: 4m 13s
Rendered 12577/16242, time remaining: 4m 13s
Rendered 12578/16242, time remaining: 4m 12s
Rendered 12579/16242, time remaining: 4m 12s
Rendered 12580/16242, time remaining: 4m 12s
Rendered 12581/16242, time remaining: 4m 12s
Rendered 12582/16242, time remaining: 4m 12s
Rendered 12583/16242, time remaining: 4m 12s
Rendered 12584/16242, time remaining: 4m 12s
Rendered 12585/16242, time remaining: 4m 12s
Rendered 12586/16242, time remaining: 4m 12s
Rendered 12587/16242, time remaining: 4m 12s
Rendered 12588/16242, time remaining: 4m 12s
Rendered 12589/16242, time remaining: 4m 12s
Rendered 12590/16242, time remaining: 4m 12s
Rendered 12591/16242, time remaining: 4m 12s
Rendered 12592/16242, time remaining: 4m 12s
Rendered 12593/16242, time remaining: 4m 11s
Rendered 12594/16242, time remaining: 4m 11s
Rendered 12595/16242, time remaining: 4m 11s
Rendered 12596/16242, time remaining: 4m 11s
Rendered 12597/16242, time remaining: 4m 11s
Rendered 12598/16242, time remaining: 4m 11s
Rendered 12599/16242, time remaining: 4m 11s
Rendered 12600/16242, time remaining: 4m 11s
Rendered 12601/16242, time remaining: 4m 11s
Rendered 12602/16242, time remaining: 4m 11s
Rendered 12603/16242, time remaining: 4m 11s
Rendered 12604/16242, time remaining: 4m 11s
Rendered 12605/16242, time remaining: 4m 11s
Rendered 12606/16242, time remaining: 4m 11s
Rendered 12607/16242, time remaining: 4m 10s
Rendered 12608/16242, time remaining: 4m 10s
Rendered 12609/16242, time remaining: 4m 10s
Rendered 12610/16242, time remaining: 4m 10s
Rendered 12611/16242, time remaining: 4m 10s
Rendered 12612/16242, time remaining: 4m 10s
Rendered 12613/16242, time remaining: 4m 10s
Rendered 12614/16242, time remaining: 4m 10s
Rendered 12615/16242, time remaining: 4m 10s
Rendered 12616/16242, time remaining: 4m 10s
Rendered 12617/16242, time remaining: 4m 10s
Rendered 12618/16242, time remaining: 4m 10s
Rendered 12619/16242, time remaining: 4m 10s
Rendered 12620/16242, time remaining: 4m 10s
Rendered 12621/16242, time remaining: 4m 10s
Rendered 12622/16242, time remaining: 4m 10s
Rendered 12623/16242, time remaining: 4m 9s
Rendered 12624/16242, time remaining: 4m 9s
Rendered 12625/16242, time remaining: 4m 9s
Rendered 12626/16242, time remaining: 4m 9s
Rendered 12627/16242, time remaining: 4m 9s
Rendered 12628/16242, time remaining: 4m 9s
Rendered 12629/16242, time remaining: 4m 9s
Rendered 12630/16242, time remaining: 4m 9s
Rendered 12631/16242, time remaining: 4m 9s
Rendered 12632/16242, time remaining: 4m 9s
Rendered 12633/16242, time remaining: 4m 9s
Rendered 12634/16242, time remaining: 4m 9s
Rendered 12635/16242, time remaining: 4m 9s
Rendered 12636/16242, time remaining: 4m 9s
Rendered 12637/16242, time remaining: 4m 9s
Rendered 12638/16242, time remaining: 4m 8s
Rendered 12639/16242, time remaining: 4m 8s
Rendered 12640/16242, time remaining: 4m 8s
Rendered 12641/16242, time remaining: 4m 8s
Rendered 12642/16242, time remaining: 4m 8s
Rendered 12643/16242, time remaining: 4m 8s
Rendered 12644/16242, time remaining: 4m 8s
Rendered 12645/16242, time remaining: 4m 8s
Rendered 12646/16242, time remaining: 4m 8s
Rendered 12647/16242, time remaining: 4m 8s
Rendered 12648/16242, time remaining: 4m 8s
Rendered 12649/16242, time remaining: 4m 8s
Rendered 12650/16242, time remaining: 4m 8s
Rendered 12651/16242, time remaining: 4m 8s
Rendered 12652/16242, time remaining: 4m 8s
Rendered 12653/16242, time remaining: 4m 8s
Rendered 12654/16242, time remaining: 4m 7s
Rendered 12655/16242, time remaining: 4m 7s
Rendered 12656/16242, time remaining: 4m 7s
Rendered 12657/16242, time remaining: 4m 7s
Rendered 12658/16242, time remaining: 4m 7s
Rendered 12659/16242, time remaining: 4m 7s
Rendered 12660/16242, time remaining: 4m 7s
Rendered 12661/16242, time remaining: 4m 7s
Rendered 12662/16242, time remaining: 4m 7s
Rendered 12663/16242, time remaining: 4m 7s
Rendered 12664/16242, time remaining: 4m 7s
Rendered 12665/16242, time remaining: 4m 7s
Rendered 12666/16242, time remaining: 4m 7s
Rendered 12667/16242, time remaining: 4m 7s
Rendered 12668/16242, time remaining: 4m 7s
Rendered 12669/16242, time remaining: 4m 7s
Rendered 12670/16242, time remaining: 4m 6s
Rendered 12671/16242, time remaining: 4m 6s
Rendered 12672/16242, time remaining: 4m 6s
Rendered 12673/16242, time remaining: 4m 6s
Rendered 12674/16242, time remaining: 4m 6s
Rendered 12675/16242, time remaining: 4m 6s
Rendered 12676/16242, time remaining: 4m 6s
Rendered 12677/16242, time remaining: 4m 6s
Rendered 12678/16242, time remaining: 4m 6s
Rendered 12679/16242, time remaining: 4m 6s
Rendered 12680/16242, time remaining: 4m 6s
Rendered 12681/16242, time remaining: 4m 6s
Rendered 12682/16242, time remaining: 4m 6s
Rendered 12683/16242, time remaining: 4m 6s
Rendered 12684/16242, time remaining: 4m 6s
Rendered 12685/16242, time remaining: 4m 6s
Rendered 12686/16242, time remaining: 4m 6s
Rendered 12687/16242, time remaining: 4m 6s
Rendered 12688/16242, time remaining: 4m 5s
Rendered 12689/16242, time remaining: 4m 5s
Rendered 12690/16242, time remaining: 4m 5s
Rendered 12691/16242, time remaining: 4m 5s
Rendered 12692/16242, time remaining: 4m 5s
Rendered 12693/16242, time remaining: 4m 5s
Rendered 12694/16242, time remaining: 4m 5s
Rendered 12695/16242, time remaining: 4m 5s
Rendered 12696/16242, time remaining: 4m 5s
Rendered 12697/16242, time remaining: 4m 5s
Rendered 12698/16242, time remaining: 4m 5s
Rendered 12699/16242, time remaining: 4m 5s
Rendered 12700/16242, time remaining: 4m 5s
Rendered 12701/16242, time remaining: 4m 4s
Rendered 12702/16242, time remaining: 4m 4s
Rendered 12703/16242, time remaining: 4m 4s
Rendered 12704/16242, time remaining: 4m 4s
Rendered 12705/16242, time remaining: 4m 4s
Rendered 12706/16242, time remaining: 4m 4s
Rendered 12707/16242, time remaining: 4m 4s
Rendered 12708/16242, time remaining: 4m 4s
Rendered 12709/16242, time remaining: 4m 4s
Rendered 12710/16242, time remaining: 4m 4s
Rendered 12711/16242, time remaining: 4m 4s
Rendered 12712/16242, time remaining: 4m 4s
Rendered 12713/16242, time remaining: 4m 4s
Rendered 12714/16242, time remaining: 4m 4s
Rendered 12715/16242, time remaining: 4m 4s
Rendered 12716/16242, time remaining: 4m 3s
Rendered 12717/16242, time remaining: 4m 3s
Rendered 12718/16242, time remaining: 4m 3s
Rendered 12719/16242, time remaining: 4m 3s
Rendered 12720/16242, time remaining: 4m 3s
Rendered 12721/16242, time remaining: 4m 3s
Rendered 12722/16242, time remaining: 4m 3s
Rendered 12723/16242, time remaining: 4m 3s
Rendered 12724/16242, time remaining: 4m 3s
Rendered 12725/16242, time remaining: 4m 3s
Rendered 12726/16242, time remaining: 4m 3s
Rendered 12727/16242, time remaining: 4m 3s
Rendered 12728/16242, time remaining: 4m 3s
Rendered 12729/16242, time remaining: 4m 3s
Rendered 12730/16242, time remaining: 4m 2s
Rendered 12731/16242, time remaining: 4m 2s
Rendered 12732/16242, time remaining: 4m 2s
Rendered 12733/16242, time remaining: 4m 2s
Rendered 12734/16242, time remaining: 4m 2s
Rendered 12735/16242, time remaining: 4m 2s
Rendered 12736/16242, time remaining: 4m 2s
Rendered 12737/16242, time remaining: 4m 2s
Rendered 12738/16242, time remaining: 4m 2s
Rendered 12739/16242, time remaining: 4m 2s
Rendered 12740/16242, time remaining: 4m 2s
Rendered 12741/16242, time remaining: 4m 2s
Rendered 12742/16242, time remaining: 4m 2s
Rendered 12743/16242, time remaining: 4m 2s
Rendered 12744/16242, time remaining: 4m 1s
Rendered 12745/16242, time remaining: 4m 1s
Rendered 12746/16242, time remaining: 4m 1s
Rendered 12747/16242, time remaining: 4m 1s
Rendered 12748/16242, time remaining: 4m 1s
Rendered 12749/16242, time remaining: 4m 1s
Rendered 12750/16242, time remaining: 4m 1s
Rendered 12751/16242, time remaining: 4m 1s
Rendered 12752/16242, time remaining: 4m 1s
Rendered 12753/16242, time remaining: 4m 1s
Rendered 12754/16242, time remaining: 4m 1s
Rendered 12755/16242, time remaining: 4m 1s
Rendered 12756/16242, time remaining: 4m 1s
Rendered 12757/16242, time remaining: 4m 1s
Rendered 12758/16242, time remaining: 4m 0s
Rendered 12759/16242, time remaining: 4m 0s
Rendered 12760/16242, time remaining: 4m 0s
Rendered 12761/16242, time remaining: 4m 0s
Rendered 12762/16242, time remaining: 4m 0s
Rendered 12763/16242, time remaining: 4m 0s
Rendered 12764/16242, time remaining: 4m 0s
Rendered 12765/16242, time remaining: 4m 0s
Rendered 12766/16242, time remaining: 4m 0s
Rendered 12767/16242, time remaining: 4m 0s
Rendered 12768/16242, time remaining: 4m 0s
Rendered 12769/16242, time remaining: 4m 0s
Rendered 12770/16242, time remaining: 4m 0s
Rendered 12771/16242, time remaining: 4m 0s
Rendered 12772/16242, time remaining: 3m 59s
Rendered 12773/16242, time remaining: 3m 59s
Rendered 12774/16242, time remaining: 3m 59s
Rendered 12775/16242, time remaining: 3m 59s
Rendered 12776/16242, time remaining: 3m 59s
Rendered 12777/16242, time remaining: 3m 59s
Rendered 12778/16242, time remaining: 3m 59s
Rendered 12779/16242, time remaining: 3m 59s
Rendered 12780/16242, time remaining: 3m 59s
Rendered 12781/16242, time remaining: 3m 59s
Rendered 12782/16242, time remaining: 3m 59s
Rendered 12783/16242, time remaining: 3m 59s
Rendered 12784/16242, time remaining: 3m 59s
Rendered 12785/16242, time remaining: 3m 59s
Rendered 12786/16242, time remaining: 3m 59s
Rendered 12787/16242, time remaining: 3m 58s
Rendered 12788/16242, time remaining: 3m 58s
Rendered 12789/16242, time remaining: 3m 58s
Rendered 12790/16242, time remaining: 3m 58s
Rendered 12791/16242, time remaining: 3m 58s
Rendered 12792/16242, time remaining: 3m 58s
Rendered 12793/16242, time remaining: 3m 58s
Rendered 12794/16242, time remaining: 3m 58s
Rendered 12795/16242, time remaining: 3m 58s
Rendered 12796/16242, time remaining: 3m 58s
Rendered 12797/16242, time remaining: 3m 58s
Rendered 12798/16242, time remaining: 3m 58s
Rendered 12799/16242, time remaining: 3m 58s
Rendered 12800/16242, time remaining: 3m 58s
Rendered 12801/16242, time remaining: 3m 57s
Rendered 12802/16242, time remaining: 3m 57s
Rendered 12803/16242, time remaining: 3m 57s
Rendered 12804/16242, time remaining: 3m 57s
Rendered 12805/16242, time remaining: 3m 57s
Rendered 12806/16242, time remaining: 3m 57s
Rendered 12807/16242, time remaining: 3m 57s
Rendered 12808/16242, time remaining: 3m 57s
Rendered 12809/16242, time remaining: 3m 57s
Rendered 12810/16242, time remaining: 3m 57s
Rendered 12811/16242, time remaining: 3m 57s
Rendered 12812/16242, time remaining: 3m 57s
Rendered 12813/16242, time remaining: 3m 57s
Rendered 12814/16242, time remaining: 3m 57s
Rendered 12815/16242, time remaining: 3m 56s
Rendered 12816/16242, time remaining: 3m 56s
Rendered 12817/16242, time remaining: 3m 56s
Rendered 12818/16242, time remaining: 3m 56s
Rendered 12819/16242, time remaining: 3m 56s
Rendered 12820/16242, time remaining: 3m 56s
Rendered 12821/16242, time remaining: 3m 56s
Rendered 12822/16242, time remaining: 3m 56s
Rendered 12823/16242, time remaining: 3m 56s
Rendered 12824/16242, time remaining: 3m 56s
Rendered 12825/16242, time remaining: 3m 56s
Rendered 12826/16242, time remaining: 3m 56s
Rendered 12827/16242, time remaining: 3m 56s
Rendered 12828/16242, time remaining: 3m 56s
Rendered 12829/16242, time remaining: 3m 55s
Rendered 12830/16242, time remaining: 3m 55s
Rendered 12831/16242, time remaining: 3m 55s
Rendered 12832/16242, time remaining: 3m 55s
Rendered 12833/16242, time remaining: 3m 55s
Rendered 12834/16242, time remaining: 3m 55s
Rendered 12835/16242, time remaining: 3m 55s
Rendered 12836/16242, time remaining: 3m 55s
Rendered 12837/16242, time remaining: 3m 55s
Rendered 12838/16242, time remaining: 3m 55s
Rendered 12839/16242, time remaining: 3m 55s
Rendered 12840/16242, time remaining: 3m 55s
Rendered 12841/16242, time remaining: 3m 55s
Rendered 12842/16242, time remaining: 3m 55s
Rendered 12843/16242, time remaining: 3m 55s
Rendered 12844/16242, time remaining: 3m 54s
Rendered 12845/16242, time remaining: 3m 54s
Rendered 12846/16242, time remaining: 3m 54s
Rendered 12847/16242, time remaining: 3m 54s
Rendered 12848/16242, time remaining: 3m 54s
Rendered 12849/16242, time remaining: 3m 54s
Rendered 12850/16242, time remaining: 3m 54s
Rendered 12851/16242, time remaining: 3m 54s
Rendered 12852/16242, time remaining: 3m 54s
Rendered 12853/16242, time remaining: 3m 54s
Rendered 12854/16242, time remaining: 3m 54s
Rendered 12855/16242, time remaining: 3m 54s
Rendered 12856/16242, time remaining: 3m 54s
Rendered 12857/16242, time remaining: 3m 54s
Rendered 12858/16242, time remaining: 3m 53s
Rendered 12859/16242, time remaining: 3m 53s
Rendered 12860/16242, time remaining: 3m 53s
Rendered 12861/16242, time remaining: 3m 53s
Rendered 12862/16242, time remaining: 3m 53s
Rendered 12863/16242, time remaining: 3m 53s
Rendered 12864/16242, time remaining: 3m 53s
Rendered 12865/16242, time remaining: 3m 53s
Rendered 12866/16242, time remaining: 3m 53s
Rendered 12867/16242, time remaining: 3m 53s
Rendered 12868/16242, time remaining: 3m 53s
Rendered 12869/16242, time remaining: 3m 53s
Rendered 12870/16242, time remaining: 3m 53s
Rendered 12871/16242, time remaining: 3m 53s
Rendered 12872/16242, time remaining: 3m 52s
Rendered 12873/16242, time remaining: 3m 52s
Rendered 12874/16242, time remaining: 3m 52s
Rendered 12875/16242, time remaining: 3m 52s
Rendered 12876/16242, time remaining: 3m 52s
Rendered 12877/16242, time remaining: 3m 52s
Rendered 12878/16242, time remaining: 3m 52s
Rendered 12879/16242, time remaining: 3m 52s
Rendered 12880/16242, time remaining: 3m 52s
Rendered 12881/16242, time remaining: 3m 52s
Rendered 12882/16242, time remaining: 3m 52s
Rendered 12883/16242, time remaining: 3m 52s
Rendered 12884/16242, time remaining: 3m 52s
Rendered 12885/16242, time remaining: 3m 52s
Rendered 12886/16242, time remaining: 3m 52s
Rendered 12887/16242, time remaining: 3m 51s
Rendered 12888/16242, time remaining: 3m 51s
Rendered 12889/16242, time remaining: 3m 51s
Rendered 12890/16242, time remaining: 3m 51s
Rendered 12891/16242, time remaining: 3m 51s
Rendered 12892/16242, time remaining: 3m 51s
Rendered 12893/16242, time remaining: 3m 51s
Rendered 12894/16242, time remaining: 3m 51s
Rendered 12895/16242, time remaining: 3m 51s
Rendered 12896/16242, time remaining: 3m 51s
Rendered 12897/16242, time remaining: 3m 51s
Rendered 12898/16242, time remaining: 3m 51s
Rendered 12899/16242, time remaining: 3m 51s
Rendered 12900/16242, time remaining: 3m 51s
Rendered 12901/16242, time remaining: 3m 50s
Rendered 12902/16242, time remaining: 3m 50s
Rendered 12903/16242, time remaining: 3m 50s
Rendered 12904/16242, time remaining: 3m 50s
Rendered 12905/16242, time remaining: 3m 50s
Rendered 12906/16242, time remaining: 3m 50s
Rendered 12907/16242, time remaining: 3m 50s
Rendered 12908/16242, time remaining: 3m 50s
Rendered 12909/16242, time remaining: 3m 50s
Rendered 12910/16242, time remaining: 3m 50s
Rendered 12911/16242, time remaining: 3m 50s
Rendered 12912/16242, time remaining: 3m 50s
Rendered 12913/16242, time remaining: 3m 50s
Rendered 12914/16242, time remaining: 3m 50s
Rendered 12915/16242, time remaining: 3m 50s
Rendered 12916/16242, time remaining: 3m 49s
Rendered 12917/16242, time remaining: 3m 49s
Rendered 12918/16242, time remaining: 3m 49s
Rendered 12919/16242, time remaining: 3m 49s
Rendered 12920/16242, time remaining: 3m 49s
Rendered 12921/16242, time remaining: 3m 49s
Rendered 12922/16242, time remaining: 3m 49s
Rendered 12923/16242, time remaining: 3m 49s
Rendered 12924/16242, time remaining: 3m 49s
Rendered 12925/16242, time remaining: 3m 49s
Rendered 12926/16242, time remaining: 3m 49s
Rendered 12927/16242, time remaining: 3m 49s
Rendered 12928/16242, time remaining: 3m 49s
Rendered 12929/16242, time remaining: 3m 49s
Rendered 12930/16242, time remaining: 3m 48s
Rendered 12931/16242, time remaining: 3m 48s
Rendered 12932/16242, time remaining: 3m 48s
Rendered 12933/16242, time remaining: 3m 48s
Rendered 12934/16242, time remaining: 3m 48s
Rendered 12935/16242, time remaining: 3m 48s
Rendered 12936/16242, time remaining: 3m 48s
Rendered 12937/16242, time remaining: 3m 48s
Rendered 12938/16242, time remaining: 3m 48s
Rendered 12939/16242, time remaining: 3m 48s
Rendered 12940/16242, time remaining: 3m 48s
Rendered 12941/16242, time remaining: 3m 48s
Rendered 12942/16242, time remaining: 3m 48s
Rendered 12943/16242, time remaining: 3m 48s
Rendered 12944/16242, time remaining: 3m 47s
Rendered 12945/16242, time remaining: 3m 47s
Rendered 12946/16242, time remaining: 3m 47s
Rendered 12947/16242, time remaining: 3m 47s
Rendered 12948/16242, time remaining: 3m 47s
Rendered 12949/16242, time remaining: 3m 47s
Rendered 12950/16242, time remaining: 3m 47s
Rendered 12951/16242, time remaining: 3m 47s
Rendered 12952/16242, time remaining: 3m 47s
Rendered 12953/16242, time remaining: 3m 47s
Rendered 12954/16242, time remaining: 3m 47s
Rendered 12955/16242, time remaining: 3m 47s
Rendered 12956/16242, time remaining: 3m 47s
Rendered 12957/16242, time remaining: 3m 47s
Rendered 12958/16242, time remaining: 3m 47s
Rendered 12959/16242, time remaining: 3m 46s
Rendered 12960/16242, time remaining: 3m 46s
Rendered 12961/16242, time remaining: 3m 46s
Rendered 12962/16242, time remaining: 3m 46s
Rendered 12963/16242, time remaining: 3m 46s
Rendered 12964/16242, time remaining: 3m 46s
Rendered 12965/16242, time remaining: 3m 46s
Rendered 12966/16242, time remaining: 3m 46s
Rendered 12967/16242, time remaining: 3m 46s
Rendered 12968/16242, time remaining: 3m 46s
Rendered 12969/16242, time remaining: 3m 46s
Rendered 12970/16242, time remaining: 3m 46s
Rendered 12971/16242, time remaining: 3m 46s
Rendered 12972/16242, time remaining: 3m 46s
Rendered 12973/16242, time remaining: 3m 45s
Rendered 12974/16242, time remaining: 3m 45s
Rendered 12975/16242, time remaining: 3m 45s
Rendered 12976/16242, time remaining: 3m 45s
Rendered 12977/16242, time remaining: 3m 45s
Rendered 12978/16242, time remaining: 3m 45s
Rendered 12979/16242, time remaining: 3m 45s
Rendered 12980/16242, time remaining: 3m 45s
Rendered 12981/16242, time remaining: 3m 45s
Rendered 12982/16242, time remaining: 3m 45s
Rendered 12983/16242, time remaining: 3m 45s
Rendered 12984/16242, time remaining: 3m 45s
Rendered 12985/16242, time remaining: 3m 45s
Rendered 12986/16242, time remaining: 3m 45s
Rendered 12987/16242, time remaining: 3m 44s
Rendered 12988/16242, time remaining: 3m 44s
Rendered 12989/16242, time remaining: 3m 44s
Rendered 12990/16242, time remaining: 3m 44s
Rendered 12991/16242, time remaining: 3m 44s
Rendered 12992/16242, time remaining: 3m 44s
Rendered 12993/16242, time remaining: 3m 44s
Rendered 12994/16242, time remaining: 3m 44s
Rendered 12995/16242, time remaining: 3m 44s
Rendered 12996/16242, time remaining: 3m 44s
Rendered 12997/16242, time remaining: 3m 44s
Rendered 12998/16242, time remaining: 3m 44s
Rendered 12999/16242, time remaining: 3m 44s
Rendered 13000/16242, time remaining: 3m 44s
Rendered 13001/16242, time remaining: 3m 44s
Rendered 13002/16242, time remaining: 3m 43s
Rendered 13003/16242, time remaining: 3m 43s
Rendered 13004/16242, time remaining: 3m 43s
Rendered 13005/16242, time remaining: 3m 43s
Rendered 13006/16242, time remaining: 3m 43s
Rendered 13007/16242, time remaining: 3m 43s
Rendered 13008/16242, time remaining: 3m 43s
Rendered 13009/16242, time remaining: 3m 43s
Rendered 13010/16242, time remaining: 3m 43s
Rendered 13011/16242, time remaining: 3m 43s
Rendered 13012/16242, time remaining: 3m 43s
Rendered 13013/16242, time remaining: 3m 43s
Rendered 13014/16242, time remaining: 3m 43s
Rendered 13015/16242, time remaining: 3m 43s
Rendered 13016/16242, time remaining: 3m 42s
Rendered 13017/16242, time remaining: 3m 42s
Rendered 13018/16242, time remaining: 3m 42s
Rendered 13019/16242, time remaining: 3m 42s
Rendered 13020/16242, time remaining: 3m 42s
Rendered 13021/16242, time remaining: 3m 42s
Rendered 13022/16242, time remaining: 3m 42s
Rendered 13023/16242, time remaining: 3m 42s
Rendered 13024/16242, time remaining: 3m 42s
Rendered 13025/16242, time remaining: 3m 42s
Rendered 13026/16242, time remaining: 3m 42s
Rendered 13027/16242, time remaining: 3m 42s
Rendered 13028/16242, time remaining: 3m 42s
Rendered 13029/16242, time remaining: 3m 42s
Rendered 13030/16242, time remaining: 3m 41s
Rendered 13031/16242, time remaining: 3m 41s
Rendered 13032/16242, time remaining: 3m 41s
Rendered 13033/16242, time remaining: 3m 41s
Rendered 13034/16242, time remaining: 3m 41s
Rendered 13035/16242, time remaining: 3m 41s
Rendered 13036/16242, time remaining: 3m 41s
Rendered 13037/16242, time remaining: 3m 41s
Rendered 13038/16242, time remaining: 3m 41s
Rendered 13039/16242, time remaining: 3m 41s
Rendered 13040/16242, time remaining: 3m 41s
Rendered 13041/16242, time remaining: 3m 41s
Rendered 13042/16242, time remaining: 3m 41s
Rendered 13043/16242, time remaining: 3m 41s
Rendered 13044/16242, time remaining: 3m 41s
Rendered 13045/16242, time remaining: 3m 40s
Rendered 13046/16242, time remaining: 3m 40s
Rendered 13047/16242, time remaining: 3m 40s
Rendered 13048/16242, time remaining: 3m 40s
Rendered 13049/16242, time remaining: 3m 40s
Rendered 13050/16242, time remaining: 3m 40s
Rendered 13051/16242, time remaining: 3m 40s
Rendered 13052/16242, time remaining: 3m 40s
Rendered 13053/16242, time remaining: 3m 40s
Rendered 13054/16242, time remaining: 3m 40s
Rendered 13055/16242, time remaining: 3m 40s
Rendered 13056/16242, time remaining: 3m 40s
Rendered 13057/16242, time remaining: 3m 40s
Rendered 13058/16242, time remaining: 3m 40s
Rendered 13059/16242, time remaining: 3m 39s
Rendered 13060/16242, time remaining: 3m 39s
Rendered 13061/16242, time remaining: 3m 39s
Rendered 13062/16242, time remaining: 3m 39s
Rendered 13063/16242, time remaining: 3m 39s
Rendered 13064/16242, time remaining: 3m 39s
Rendered 13065/16242, time remaining: 3m 39s
Rendered 13066/16242, time remaining: 3m 39s
Rendered 13067/16242, time remaining: 3m 39s
Rendered 13068/16242, time remaining: 3m 39s
Rendered 13069/16242, time remaining: 3m 39s
Rendered 13070/16242, time remaining: 3m 39s
Rendered 13071/16242, time remaining: 3m 39s
Rendered 13072/16242, time remaining: 3m 39s
Rendered 13073/16242, time remaining: 3m 38s
Rendered 13074/16242, time remaining: 3m 38s
Rendered 13075/16242, time remaining: 3m 38s
Rendered 13076/16242, time remaining: 3m 38s
Rendered 13077/16242, time remaining: 3m 38s
Rendered 13078/16242, time remaining: 3m 38s
Rendered 13079/16242, time remaining: 3m 38s
Rendered 13080/16242, time remaining: 3m 38s
Rendered 13081/16242, time remaining: 3m 38s
Rendered 13082/16242, time remaining: 3m 38s
Rendered 13083/16242, time remaining: 3m 38s
Rendered 13084/16242, time remaining: 3m 38s
Rendered 13085/16242, time remaining: 3m 38s
Rendered 13086/16242, time remaining: 3m 38s
Rendered 13087/16242, time remaining: 3m 38s
Rendered 13088/16242, time remaining: 3m 37s
Rendered 13089/16242, time remaining: 3m 37s
Rendered 13090/16242, time remaining: 3m 37s
Rendered 13091/16242, time remaining: 3m 37s
Rendered 13092/16242, time remaining: 3m 37s
Rendered 13093/16242, time remaining: 3m 37s
Rendered 13094/16242, time remaining: 3m 37s
Rendered 13095/16242, time remaining: 3m 37s
Rendered 13096/16242, time remaining: 3m 37s
Rendered 13097/16242, time remaining: 3m 37s
Rendered 13098/16242, time remaining: 3m 37s
Rendered 13099/16242, time remaining: 3m 37s
Rendered 13100/16242, time remaining: 3m 37s
Rendered 13101/16242, time remaining: 3m 37s
Rendered 13102/16242, time remaining: 3m 36s
Rendered 13103/16242, time remaining: 3m 36s
Rendered 13104/16242, time remaining: 3m 36s
Rendered 13105/16242, time remaining: 3m 36s
Rendered 13106/16242, time remaining: 3m 36s
Rendered 13107/16242, time remaining: 3m 36s
Rendered 13108/16242, time remaining: 3m 36s
Rendered 13109/16242, time remaining: 3m 36s
Rendered 13110/16242, time remaining: 3m 36s
Rendered 13111/16242, time remaining: 3m 36s
Rendered 13112/16242, time remaining: 3m 36s
Rendered 13113/16242, time remaining: 3m 36s
Rendered 13114/16242, time remaining: 3m 36s
Rendered 13115/16242, time remaining: 3m 36s
Rendered 13116/16242, time remaining: 3m 35s
Rendered 13117/16242, time remaining: 3m 35s
Rendered 13118/16242, time remaining: 3m 35s
Rendered 13119/16242, time remaining: 3m 35s
Rendered 13120/16242, time remaining: 3m 35s
Rendered 13121/16242, time remaining: 3m 35s
Rendered 13122/16242, time remaining: 3m 35s
Rendered 13123/16242, time remaining: 3m 35s
Rendered 13124/16242, time remaining: 3m 35s
Rendered 13125/16242, time remaining: 3m 35s
Rendered 13126/16242, time remaining: 3m 35s
Rendered 13127/16242, time remaining: 3m 35s
Rendered 13128/16242, time remaining: 3m 35s
Rendered 13129/16242, time remaining: 3m 35s
Rendered 13130/16242, time remaining: 3m 35s
Rendered 13131/16242, time remaining: 3m 34s
Rendered 13132/16242, time remaining: 3m 34s
Rendered 13133/16242, time remaining: 3m 34s
Rendered 13134/16242, time remaining: 3m 34s
Rendered 13135/16242, time remaining: 3m 34s
Rendered 13136/16242, time remaining: 3m 34s
Rendered 13137/16242, time remaining: 3m 34s
Rendered 13138/16242, time remaining: 3m 34s
Rendered 13139/16242, time remaining: 3m 34s
Rendered 13140/16242, time remaining: 3m 34s
Rendered 13141/16242, time remaining: 3m 34s
Rendered 13142/16242, time remaining: 3m 34s
Rendered 13143/16242, time remaining: 3m 34s
Rendered 13144/16242, time remaining: 3m 34s
Rendered 13145/16242, time remaining: 3m 33s
Rendered 13146/16242, time remaining: 3m 33s
Rendered 13147/16242, time remaining: 3m 33s
Rendered 13148/16242, time remaining: 3m 33s
Rendered 13149/16242, time remaining: 3m 33s
Rendered 13150/16242, time remaining: 3m 33s
Rendered 13151/16242, time remaining: 3m 33s
Rendered 13152/16242, time remaining: 3m 33s
Rendered 13153/16242, time remaining: 3m 33s
Rendered 13154/16242, time remaining: 3m 33s
Rendered 13155/16242, time remaining: 3m 33s
Rendered 13156/16242, time remaining: 3m 33s
Rendered 13157/16242, time remaining: 3m 33s
Rendered 13158/16242, time remaining: 3m 33s
Rendered 13159/16242, time remaining: 3m 32s
Rendered 13160/16242, time remaining: 3m 32s
Rendered 13161/16242, time remaining: 3m 32s
Rendered 13162/16242, time remaining: 3m 32s
Rendered 13163/16242, time remaining: 3m 32s
Rendered 13164/16242, time remaining: 3m 32s
Rendered 13165/16242, time remaining: 3m 32s
Rendered 13166/16242, time remaining: 3m 32s
Rendered 13167/16242, time remaining: 3m 32s
Rendered 13168/16242, time remaining: 3m 32s
Rendered 13169/16242, time remaining: 3m 32s
Rendered 13170/16242, time remaining: 3m 32s
Rendered 13171/16242, time remaining: 3m 32s
Rendered 13172/16242, time remaining: 3m 32s
Rendered 13173/16242, time remaining: 3m 32s
Rendered 13174/16242, time remaining: 3m 31s
Rendered 13175/16242, time remaining: 3m 31s
Rendered 13176/16242, time remaining: 3m 31s
Rendered 13177/16242, time remaining: 3m 31s
Rendered 13178/16242, time remaining: 3m 31s
Rendered 13179/16242, time remaining: 3m 31s
Rendered 13180/16242, time remaining: 3m 31s
Rendered 13181/16242, time remaining: 3m 31s
Rendered 13182/16242, time remaining: 3m 31s
Rendered 13183/16242, time remaining: 3m 31s
Rendered 13184/16242, time remaining: 3m 31s
Rendered 13185/16242, time remaining: 3m 31s
Rendered 13186/16242, time remaining: 3m 31s
Rendered 13187/16242, time remaining: 3m 31s
Rendered 13188/16242, time remaining: 3m 30s
Rendered 13189/16242, time remaining: 3m 30s
Rendered 13190/16242, time remaining: 3m 30s
Rendered 13191/16242, time remaining: 3m 30s
Rendered 13192/16242, time remaining: 3m 30s
Rendered 13193/16242, time remaining: 3m 30s
Rendered 13194/16242, time remaining: 3m 30s
Rendered 13195/16242, time remaining: 3m 30s
Rendered 13196/16242, time remaining: 3m 30s
Rendered 13197/16242, time remaining: 3m 30s
Rendered 13198/16242, time remaining: 3m 30s
Rendered 13199/16242, time remaining: 3m 30s
Rendered 13200/16242, time remaining: 3m 30s
Rendered 13201/16242, time remaining: 3m 30s
Rendered 13202/16242, time remaining: 3m 30s
Rendered 13203/16242, time remaining: 3m 29s
Rendered 13204/16242, time remaining: 3m 29s
Rendered 13205/16242, time remaining: 3m 29s
Rendered 13206/16242, time remaining: 3m 29s
Rendered 13207/16242, time remaining: 3m 29s
Rendered 13208/16242, time remaining: 3m 29s
Rendered 13209/16242, time remaining: 3m 29s
Rendered 13210/16242, time remaining: 3m 29s
Rendered 13211/16242, time remaining: 3m 29s
Rendered 13212/16242, time remaining: 3m 29s
Rendered 13213/16242, time remaining: 3m 29s
Rendered 13214/16242, time remaining: 3m 29s
Rendered 13215/16242, time remaining: 3m 29s
Rendered 13216/16242, time remaining: 3m 29s
Rendered 13217/16242, time remaining: 3m 28s
Rendered 13218/16242, time remaining: 3m 28s
Rendered 13219/16242, time remaining: 3m 28s
Rendered 13220/16242, time remaining: 3m 28s
Rendered 13221/16242, time remaining: 3m 28s
Rendered 13222/16242, time remaining: 3m 28s
Rendered 13223/16242, time remaining: 3m 28s
Rendered 13224/16242, time remaining: 3m 28s
Rendered 13225/16242, time remaining: 3m 28s
Rendered 13226/16242, time remaining: 3m 28s
Rendered 13227/16242, time remaining: 3m 28s
Rendered 13228/16242, time remaining: 3m 28s
Rendered 13229/16242, time remaining: 3m 28s
Rendered 13230/16242, time remaining: 3m 28s
Rendered 13231/16242, time remaining: 3m 27s
Rendered 13232/16242, time remaining: 3m 27s
Rendered 13233/16242, time remaining: 3m 27s
Rendered 13234/16242, time remaining: 3m 27s
Rendered 13235/16242, time remaining: 3m 27s
Rendered 13236/16242, time remaining: 3m 27s
Rendered 13237/16242, time remaining: 3m 27s
Rendered 13238/16242, time remaining: 3m 27s
Rendered 13239/16242, time remaining: 3m 27s
Rendered 13240/16242, time remaining: 3m 27s
Rendered 13241/16242, time remaining: 3m 27s
Rendered 13242/16242, time remaining: 3m 27s
Rendered 13243/16242, time remaining: 3m 27s
Rendered 13244/16242, time remaining: 3m 27s
Rendered 13245/16242, time remaining: 3m 27s
Rendered 13246/16242, time remaining: 3m 26s
Rendered 13247/16242, time remaining: 3m 26s
Rendered 13248/16242, time remaining: 3m 26s
Rendered 13249/16242, time remaining: 3m 26s
Rendered 13250/16242, time remaining: 3m 26s
Rendered 13251/16242, time remaining: 3m 26s
Rendered 13252/16242, time remaining: 3m 26s
Rendered 13253/16242, time remaining: 3m 26s
Rendered 13254/16242, time remaining: 3m 26s
Rendered 13255/16242, time remaining: 3m 26s
Rendered 13256/16242, time remaining: 3m 26s
Rendered 13257/16242, time remaining: 3m 26s
Rendered 13258/16242, time remaining: 3m 26s
Rendered 13259/16242, time remaining: 3m 26s
Rendered 13260/16242, time remaining: 3m 25s
Rendered 13261/16242, time remaining: 3m 25s
Rendered 13262/16242, time remaining: 3m 25s
Rendered 13263/16242, time remaining: 3m 25s
Rendered 13264/16242, time remaining: 3m 25s
Rendered 13265/16242, time remaining: 3m 25s
Rendered 13266/16242, time remaining: 3m 25s
Rendered 13267/16242, time remaining: 3m 25s
Rendered 13268/16242, time remaining: 3m 25s
Rendered 13269/16242, time remaining: 3m 25s
Rendered 13270/16242, time remaining: 3m 25s
Rendered 13271/16242, time remaining: 3m 25s
Rendered 13272/16242, time remaining: 3m 25s
Rendered 13273/16242, time remaining: 3m 25s
Rendered 13274/16242, time remaining: 3m 24s
Rendered 13275/16242, time remaining: 3m 24s
Rendered 13276/16242, time remaining: 3m 24s
Rendered 13277/16242, time remaining: 3m 24s
Rendered 13278/16242, time remaining: 3m 24s
Rendered 13279/16242, time remaining: 3m 24s
Rendered 13280/16242, time remaining: 3m 24s
Rendered 13281/16242, time remaining: 3m 24s
Rendered 13282/16242, time remaining: 3m 24s
Rendered 13283/16242, time remaining: 3m 24s
Rendered 13284/16242, time remaining: 3m 24s
Rendered 13285/16242, time remaining: 3m 24s
Rendered 13286/16242, time remaining: 3m 24s
Rendered 13287/16242, time remaining: 3m 24s
Rendered 13288/16242, time remaining: 3m 24s
Rendered 13289/16242, time remaining: 3m 23s
Rendered 13290/16242, time remaining: 3m 23s
Rendered 13291/16242, time remaining: 3m 23s
Rendered 13292/16242, time remaining: 3m 23s
Rendered 13293/16242, time remaining: 3m 23s
Rendered 13294/16242, time remaining: 3m 23s
Rendered 13295/16242, time remaining: 3m 23s
Rendered 13296/16242, time remaining: 3m 23s
Rendered 13297/16242, time remaining: 3m 23s
Rendered 13298/16242, time remaining: 3m 23s
Rendered 13299/16242, time remaining: 3m 23s
Rendered 13300/16242, time remaining: 3m 23s
Rendered 13301/16242, time remaining: 3m 23s
Rendered 13302/16242, time remaining: 3m 23s
Rendered 13303/16242, time remaining: 3m 22s
Rendered 13304/16242, time remaining: 3m 22s
Rendered 13305/16242, time remaining: 3m 22s
Rendered 13306/16242, time remaining: 3m 22s
Rendered 13307/16242, time remaining: 3m 22s
Rendered 13308/16242, time remaining: 3m 22s
Rendered 13309/16242, time remaining: 3m 22s
Rendered 13310/16242, time remaining: 3m 22s
Rendered 13311/16242, time remaining: 3m 22s
Rendered 13312/16242, time remaining: 3m 22s
Rendered 13313/16242, time remaining: 3m 22s
Rendered 13314/16242, time remaining: 3m 22s
Rendered 13315/16242, time remaining: 3m 22s
Rendered 13316/16242, time remaining: 3m 22s
Rendered 13317/16242, time remaining: 3m 21s
Rendered 13318/16242, time remaining: 3m 21s
Rendered 13319/16242, time remaining: 3m 21s
Rendered 13320/16242, time remaining: 3m 21s
Rendered 13321/16242, time remaining: 3m 21s
Rendered 13322/16242, time remaining: 3m 21s
Rendered 13323/16242, time remaining: 3m 21s
Rendered 13324/16242, time remaining: 3m 21s
Rendered 13325/16242, time remaining: 3m 21s
Rendered 13326/16242, time remaining: 3m 21s
Rendered 13327/16242, time remaining: 3m 21s
Rendered 13328/16242, time remaining: 3m 21s
Rendered 13329/16242, time remaining: 3m 21s
Rendered 13330/16242, time remaining: 3m 21s
Rendered 13331/16242, time remaining: 3m 21s
Rendered 13332/16242, time remaining: 3m 20s
Rendered 13333/16242, time remaining: 3m 20s
Rendered 13334/16242, time remaining: 3m 20s
Rendered 13335/16242, time remaining: 3m 20s
Rendered 13336/16242, time remaining: 3m 20s
Rendered 13337/16242, time remaining: 3m 20s
Rendered 13338/16242, time remaining: 3m 20s
Rendered 13339/16242, time remaining: 3m 20s
Rendered 13340/16242, time remaining: 3m 20s
Rendered 13341/16242, time remaining: 3m 20s
Rendered 13342/16242, time remaining: 3m 20s
Rendered 13343/16242, time remaining: 3m 20s
Rendered 13344/16242, time remaining: 3m 20s
Rendered 13345/16242, time remaining: 3m 20s
Rendered 13346/16242, time remaining: 3m 19s
Rendered 13347/16242, time remaining: 3m 19s
Rendered 13348/16242, time remaining: 3m 19s
Rendered 13349/16242, time remaining: 3m 19s
Rendered 13350/16242, time remaining: 3m 19s
Rendered 13351/16242, time remaining: 3m 19s
Rendered 13352/16242, time remaining: 3m 19s
Rendered 13353/16242, time remaining: 3m 19s
Rendered 13354/16242, time remaining: 3m 19s
Rendered 13355/16242, time remaining: 3m 19s
Rendered 13356/16242, time remaining: 3m 19s
Rendered 13357/16242, time remaining: 3m 19s
Rendered 13358/16242, time remaining: 3m 19s
Rendered 13359/16242, time remaining: 3m 19s
Rendered 13360/16242, time remaining: 3m 19s
Rendered 13361/16242, time remaining: 3m 18s
Rendered 13362/16242, time remaining: 3m 18s
Rendered 13363/16242, time remaining: 3m 18s
Rendered 13364/16242, time remaining: 3m 18s
Rendered 13365/16242, time remaining: 3m 18s
Rendered 13366/16242, time remaining: 3m 18s
Rendered 13367/16242, time remaining: 3m 18s
Rendered 13368/16242, time remaining: 3m 18s
Rendered 13369/16242, time remaining: 3m 18s
Rendered 13370/16242, time remaining: 3m 18s
Rendered 13371/16242, time remaining: 3m 18s
Rendered 13372/16242, time remaining: 3m 18s
Rendered 13373/16242, time remaining: 3m 18s
Rendered 13374/16242, time remaining: 3m 18s
Rendered 13375/16242, time remaining: 3m 17s
Rendered 13376/16242, time remaining: 3m 17s
Rendered 13377/16242, time remaining: 3m 17s
Rendered 13378/16242, time remaining: 3m 17s
Rendered 13379/16242, time remaining: 3m 17s
Rendered 13380/16242, time remaining: 3m 17s
Rendered 13381/16242, time remaining: 3m 17s
Rendered 13382/16242, time remaining: 3m 17s
Rendered 13383/16242, time remaining: 3m 17s
Rendered 13384/16242, time remaining: 3m 17s
Rendered 13385/16242, time remaining: 3m 17s
Rendered 13386/16242, time remaining: 3m 17s
Rendered 13387/16242, time remaining: 3m 17s
Rendered 13388/16242, time remaining: 3m 17s
Rendered 13389/16242, time remaining: 3m 16s
Rendered 13390/16242, time remaining: 3m 16s
Rendered 13391/16242, time remaining: 3m 16s
Rendered 13392/16242, time remaining: 3m 16s
Rendered 13393/16242, time remaining: 3m 16s
Rendered 13394/16242, time remaining: 3m 16s
Rendered 13395/16242, time remaining: 3m 16s
Rendered 13396/16242, time remaining: 3m 16s
Rendered 13397/16242, time remaining: 3m 16s
Rendered 13398/16242, time remaining: 3m 16s
Rendered 13399/16242, time remaining: 3m 16s
Rendered 13400/16242, time remaining: 3m 16s
Rendered 13401/16242, time remaining: 3m 16s
Rendered 13402/16242, time remaining: 3m 16s
Rendered 13403/16242, time remaining: 3m 16s
Rendered 13404/16242, time remaining: 3m 15s
Rendered 13405/16242, time remaining: 3m 15s
Rendered 13406/16242, time remaining: 3m 15s
Rendered 13407/16242, time remaining: 3m 15s
Rendered 13408/16242, time remaining: 3m 15s
Rendered 13409/16242, time remaining: 3m 15s
Rendered 13410/16242, time remaining: 3m 15s
Rendered 13411/16242, time remaining: 3m 15s
Rendered 13412/16242, time remaining: 3m 15s
Rendered 13413/16242, time remaining: 3m 15s
Rendered 13414/16242, time remaining: 3m 15s
Rendered 13415/16242, time remaining: 3m 15s
Rendered 13416/16242, time remaining: 3m 15s
Rendered 13417/16242, time remaining: 3m 15s
Rendered 13418/16242, time remaining: 3m 14s
Rendered 13419/16242, time remaining: 3m 14s
Rendered 13420/16242, time remaining: 3m 14s
Rendered 13421/16242, time remaining: 3m 14s
Rendered 13422/16242, time remaining: 3m 14s
Rendered 13423/16242, time remaining: 3m 14s
Rendered 13424/16242, time remaining: 3m 14s
Rendered 13425/16242, time remaining: 3m 14s
Rendered 13426/16242, time remaining: 3m 14s
Rendered 13427/16242, time remaining: 3m 14s
Rendered 13428/16242, time remaining: 3m 14s
Rendered 13429/16242, time remaining: 3m 14s
Rendered 13430/16242, time remaining: 3m 14s
Rendered 13431/16242, time remaining: 3m 14s
Rendered 13432/16242, time remaining: 3m 14s
Rendered 13433/16242, time remaining: 3m 13s
Rendered 13434/16242, time remaining: 3m 13s
Rendered 13435/16242, time remaining: 3m 13s
Rendered 13436/16242, time remaining: 3m 13s
Rendered 13437/16242, time remaining: 3m 13s
Rendered 13438/16242, time remaining: 3m 13s
Rendered 13439/16242, time remaining: 3m 13s
Rendered 13440/16242, time remaining: 3m 13s
Rendered 13441/16242, time remaining: 3m 13s
Rendered 13442/16242, time remaining: 3m 13s
Rendered 13443/16242, time remaining: 3m 13s
Rendered 13444/16242, time remaining: 3m 13s
Rendered 13445/16242, time remaining: 3m 13s
Rendered 13446/16242, time remaining: 3m 13s
Rendered 13447/16242, time remaining: 3m 12s
Rendered 13448/16242, time remaining: 3m 12s
Rendered 13449/16242, time remaining: 3m 12s
Rendered 13450/16242, time remaining: 3m 12s
Rendered 13451/16242, time remaining: 3m 12s
Rendered 13452/16242, time remaining: 3m 12s
Rendered 13453/16242, time remaining: 3m 12s
Rendered 13454/16242, time remaining: 3m 12s
Rendered 13455/16242, time remaining: 3m 12s
Rendered 13456/16242, time remaining: 3m 12s
Rendered 13457/16242, time remaining: 3m 12s
Rendered 13458/16242, time remaining: 3m 12s
Rendered 13459/16242, time remaining: 3m 12s
Rendered 13460/16242, time remaining: 3m 12s
Rendered 13461/16242, time remaining: 3m 12s
Rendered 13462/16242, time remaining: 3m 11s
Rendered 13463/16242, time remaining: 3m 11s
Rendered 13464/16242, time remaining: 3m 11s
Rendered 13465/16242, time remaining: 3m 11s
Rendered 13466/16242, time remaining: 3m 11s
Rendered 13467/16242, time remaining: 3m 11s
Rendered 13468/16242, time remaining: 3m 11s
Rendered 13469/16242, time remaining: 3m 11s
Rendered 13470/16242, time remaining: 3m 11s
Rendered 13471/16242, time remaining: 3m 11s
Rendered 13472/16242, time remaining: 3m 11s
Rendered 13473/16242, time remaining: 3m 11s
Rendered 13474/16242, time remaining: 3m 11s
Rendered 13475/16242, time remaining: 3m 11s
Rendered 13476/16242, time remaining: 3m 10s
Rendered 13477/16242, time remaining: 3m 10s
Rendered 13478/16242, time remaining: 3m 10s
Rendered 13479/16242, time remaining: 3m 10s
Rendered 13480/16242, time remaining: 3m 10s
Rendered 13481/16242, time remaining: 3m 10s
Rendered 13482/16242, time remaining: 3m 10s
Rendered 13483/16242, time remaining: 3m 10s
Rendered 13484/16242, time remaining: 3m 10s
Rendered 13485/16242, time remaining: 3m 10s
Rendered 13486/16242, time remaining: 3m 10s
Rendered 13487/16242, time remaining: 3m 10s
Rendered 13488/16242, time remaining: 3m 10s
Rendered 13489/16242, time remaining: 3m 10s
Rendered 13490/16242, time remaining: 3m 9s
Rendered 13491/16242, time remaining: 3m 9s
Rendered 13492/16242, time remaining: 3m 9s
Rendered 13493/16242, time remaining: 3m 9s
Rendered 13494/16242, time remaining: 3m 9s
Rendered 13495/16242, time remaining: 3m 9s
Rendered 13496/16242, time remaining: 3m 9s
Rendered 13497/16242, time remaining: 3m 9s
Rendered 13498/16242, time remaining: 3m 9s
Rendered 13499/16242, time remaining: 3m 9s
Rendered 13500/16242, time remaining: 3m 9s
Rendered 13501/16242, time remaining: 3m 9s
Rendered 13502/16242, time remaining: 3m 9s
Rendered 13503/16242, time remaining: 3m 9s
Rendered 13504/16242, time remaining: 3m 9s
Rendered 13505/16242, time remaining: 3m 8s
Rendered 13506/16242, time remaining: 3m 8s
Rendered 13507/16242, time remaining: 3m 8s
Rendered 13508/16242, time remaining: 3m 8s
Rendered 13509/16242, time remaining: 3m 8s
Rendered 13510/16242, time remaining: 3m 8s
Rendered 13511/16242, time remaining: 3m 8s
Rendered 13512/16242, time remaining: 3m 8s
Rendered 13513/16242, time remaining: 3m 8s
Rendered 13514/16242, time remaining: 3m 8s
Rendered 13515/16242, time remaining: 3m 8s
Rendered 13516/16242, time remaining: 3m 8s
Rendered 13517/16242, time remaining: 3m 8s
Rendered 13518/16242, time remaining: 3m 8s
Rendered 13519/16242, time remaining: 3m 7s
Rendered 13520/16242, time remaining: 3m 7s
Rendered 13521/16242, time remaining: 3m 7s
Rendered 13522/16242, time remaining: 3m 7s
Rendered 13523/16242, time remaining: 3m 7s
Rendered 13524/16242, time remaining: 3m 7s
Rendered 13525/16242, time remaining: 3m 7s
Rendered 13526/16242, time remaining: 3m 7s
Rendered 13527/16242, time remaining: 3m 7s
Rendered 13528/16242, time remaining: 3m 7s
Rendered 13529/16242, time remaining: 3m 7s
Rendered 13530/16242, time remaining: 3m 7s
Rendered 13531/16242, time remaining: 3m 7s
Rendered 13532/16242, time remaining: 3m 7s
Rendered 13533/16242, time remaining: 3m 7s
Rendered 13534/16242, time remaining: 3m 6s
Rendered 13535/16242, time remaining: 3m 6s
Rendered 13536/16242, time remaining: 3m 6s
Rendered 13537/16242, time remaining: 3m 6s
Rendered 13538/16242, time remaining: 3m 6s
Rendered 13539/16242, time remaining: 3m 6s
Rendered 13540/16242, time remaining: 3m 6s
Rendered 13541/16242, time remaining: 3m 6s
Rendered 13542/16242, time remaining: 3m 6s
Rendered 13543/16242, time remaining: 3m 6s
Rendered 13544/16242, time remaining: 3m 6s
Rendered 13545/16242, time remaining: 3m 6s
Rendered 13546/16242, time remaining: 3m 6s
Rendered 13547/16242, time remaining: 3m 6s
Rendered 13548/16242, time remaining: 3m 5s
Rendered 13549/16242, time remaining: 3m 5s
Rendered 13550/16242, time remaining: 3m 5s
Rendered 13551/16242, time remaining: 3m 5s
Rendered 13552/16242, time remaining: 3m 5s
Rendered 13553/16242, time remaining: 3m 5s
Rendered 13554/16242, time remaining: 3m 5s
Rendered 13555/16242, time remaining: 3m 5s
Rendered 13556/16242, time remaining: 3m 5s
Rendered 13557/16242, time remaining: 3m 5s
Rendered 13558/16242, time remaining: 3m 5s
Rendered 13559/16242, time remaining: 3m 5s
Rendered 13560/16242, time remaining: 3m 5s
Rendered 13561/16242, time remaining: 3m 5s
Rendered 13562/16242, time remaining: 3m 4s
Rendered 13563/16242, time remaining: 3m 4s
Rendered 13564/16242, time remaining: 3m 4s
Rendered 13565/16242, time remaining: 3m 4s
Rendered 13566/16242, time remaining: 3m 4s
Rendered 13567/16242, time remaining: 3m 4s
Rendered 13568/16242, time remaining: 3m 4s
Rendered 13569/16242, time remaining: 3m 4s
Rendered 13570/16242, time remaining: 3m 4s
Rendered 13571/16242, time remaining: 3m 4s
Rendered 13572/16242, time remaining: 3m 4s
Rendered 13573/16242, time remaining: 3m 4s
Rendered 13574/16242, time remaining: 3m 4s
Rendered 13575/16242, time remaining: 3m 4s
Rendered 13576/16242, time remaining: 3m 4s
Rendered 13577/16242, time remaining: 3m 3s
Rendered 13578/16242, time remaining: 3m 3s
Rendered 13579/16242, time remaining: 3m 3s
Rendered 13580/16242, time remaining: 3m 3s
Rendered 13581/16242, time remaining: 3m 3s
Rendered 13582/16242, time remaining: 3m 3s
Rendered 13583/16242, time remaining: 3m 3s
Rendered 13584/16242, time remaining: 3m 3s
Rendered 13585/16242, time remaining: 3m 3s
Rendered 13586/16242, time remaining: 3m 3s
Rendered 13587/16242, time remaining: 3m 3s
Rendered 13588/16242, time remaining: 3m 3s
Rendered 13589/16242, time remaining: 3m 3s
Rendered 13590/16242, time remaining: 3m 3s
Rendered 13591/16242, time remaining: 3m 2s
Rendered 13592/16242, time remaining: 3m 2s
Rendered 13593/16242, time remaining: 3m 2s
Rendered 13594/16242, time remaining: 3m 2s
Rendered 13595/16242, time remaining: 3m 2s
Rendered 13596/16242, time remaining: 3m 2s
Rendered 13597/16242, time remaining: 3m 2s
Rendered 13598/16242, time remaining: 3m 2s
Rendered 13599/16242, time remaining: 3m 2s
Rendered 13600/16242, time remaining: 3m 2s
Rendered 13601/16242, time remaining: 3m 2s
Rendered 13602/16242, time remaining: 3m 2s
Rendered 13603/16242, time remaining: 3m 2s
Rendered 13604/16242, time remaining: 3m 2s
Rendered 13605/16242, time remaining: 3m 2s
Rendered 13606/16242, time remaining: 3m 1s
Rendered 13607/16242, time remaining: 3m 1s
Rendered 13608/16242, time remaining: 3m 1s
Rendered 13609/16242, time remaining: 3m 1s
Rendered 13610/16242, time remaining: 3m 1s
Rendered 13611/16242, time remaining: 3m 1s
Rendered 13612/16242, time remaining: 3m 1s
Rendered 13613/16242, time remaining: 3m 1s
Rendered 13614/16242, time remaining: 3m 1s
Rendered 13615/16242, time remaining: 3m 1s
Rendered 13616/16242, time remaining: 3m 1s
Rendered 13617/16242, time remaining: 3m 1s
Rendered 13618/16242, time remaining: 3m 1s
Rendered 13619/16242, time remaining: 3m 1s
Rendered 13620/16242, time remaining: 3m 0s
Rendered 13621/16242, time remaining: 3m 0s
Rendered 13622/16242, time remaining: 3m 0s
Rendered 13623/16242, time remaining: 3m 0s
Rendered 13624/16242, time remaining: 3m 0s
Rendered 13625/16242, time remaining: 3m 0s
Rendered 13626/16242, time remaining: 3m 0s
Rendered 13627/16242, time remaining: 3m 0s
Rendered 13628/16242, time remaining: 3m 0s
Rendered 13629/16242, time remaining: 3m 0s
Rendered 13630/16242, time remaining: 3m 0s
Rendered 13631/16242, time remaining: 3m 0s
Rendered 13632/16242, time remaining: 3m 0s
Rendered 13633/16242, time remaining: 3m 0s
Rendered 13634/16242, time remaining: 3m 0s
Rendered 13635/16242, time remaining: 2m 59s
Rendered 13636/16242, time remaining: 2m 59s
Rendered 13637/16242, time remaining: 2m 59s
Rendered 13638/16242, time remaining: 2m 59s
Rendered 13639/16242, time remaining: 2m 59s
Rendered 13640/16242, time remaining: 2m 59s
Rendered 13641/16242, time remaining: 2m 59s
Rendered 13642/16242, time remaining: 2m 59s
Rendered 13643/16242, time remaining: 2m 59s
Rendered 13644/16242, time remaining: 2m 59s
Rendered 13645/16242, time remaining: 2m 59s
Rendered 13646/16242, time remaining: 2m 59s
Rendered 13647/16242, time remaining: 2m 59s
Rendered 13648/16242, time remaining: 2m 59s
Rendered 13649/16242, time remaining: 2m 58s
Rendered 13650/16242, time remaining: 2m 58s
Rendered 13651/16242, time remaining: 2m 58s
Rendered 13652/16242, time remaining: 2m 58s
Rendered 13653/16242, time remaining: 2m 58s
Rendered 13654/16242, time remaining: 2m 58s
Rendered 13655/16242, time remaining: 2m 58s
Rendered 13656/16242, time remaining: 2m 58s
Rendered 13657/16242, time remaining: 2m 58s
Rendered 13658/16242, time remaining: 2m 58s
Rendered 13659/16242, time remaining: 2m 58s
Rendered 13660/16242, time remaining: 2m 58s
Rendered 13661/16242, time remaining: 2m 58s
Rendered 13662/16242, time remaining: 2m 58s
Rendered 13663/16242, time remaining: 2m 58s
Rendered 13664/16242, time remaining: 2m 57s
Rendered 13665/16242, time remaining: 2m 57s
Rendered 13666/16242, time remaining: 2m 57s
Rendered 13667/16242, time remaining: 2m 57s
Rendered 13668/16242, time remaining: 2m 57s
Rendered 13669/16242, time remaining: 2m 57s
Rendered 13670/16242, time remaining: 2m 57s
Rendered 13671/16242, time remaining: 2m 57s
Rendered 13672/16242, time remaining: 2m 57s
Rendered 13673/16242, time remaining: 2m 57s
Rendered 13674/16242, time remaining: 2m 57s
Rendered 13675/16242, time remaining: 2m 57s
Rendered 13676/16242, time remaining: 2m 57s
Rendered 13677/16242, time remaining: 2m 57s
Rendered 13678/16242, time remaining: 2m 57s
Rendered 13679/16242, time remaining: 2m 56s
Rendered 13680/16242, time remaining: 2m 56s
Rendered 13681/16242, time remaining: 2m 56s
Rendered 13682/16242, time remaining: 2m 56s
Rendered 13683/16242, time remaining: 2m 56s
Rendered 13684/16242, time remaining: 2m 56s
Rendered 13685/16242, time remaining: 2m 56s
Rendered 13686/16242, time remaining: 2m 56s
Rendered 13687/16242, time remaining: 2m 56s
Rendered 13688/16242, time remaining: 2m 56s
Rendered 13689/16242, time remaining: 2m 56s
Rendered 13690/16242, time remaining: 2m 56s
Rendered 13691/16242, time remaining: 2m 56s
Rendered 13692/16242, time remaining: 2m 56s
Rendered 13693/16242, time remaining: 2m 55s
Rendered 13694/16242, time remaining: 2m 55s
Rendered 13695/16242, time remaining: 2m 55s
Rendered 13696/16242, time remaining: 2m 55s
Rendered 13697/16242, time remaining: 2m 55s
Rendered 13698/16242, time remaining: 2m 55s
Rendered 13699/16242, time remaining: 2m 55s
Rendered 13700/16242, time remaining: 2m 55s
Rendered 13701/16242, time remaining: 2m 55s
Rendered 13702/16242, time remaining: 2m 55s
Rendered 13703/16242, time remaining: 2m 55s
Rendered 13704/16242, time remaining: 2m 55s
Rendered 13705/16242, time remaining: 2m 55s
Rendered 13706/16242, time remaining: 2m 55s
Rendered 13707/16242, time remaining: 2m 54s
Rendered 13708/16242, time remaining: 2m 54s
Rendered 13709/16242, time remaining: 2m 54s
Rendered 13710/16242, time remaining: 2m 54s
Rendered 13711/16242, time remaining: 2m 54s
Rendered 13712/16242, time remaining: 2m 54s
Rendered 13713/16242, time remaining: 2m 54s
Rendered 13714/16242, time remaining: 2m 54s
Rendered 13715/16242, time remaining: 2m 54s
Rendered 13716/16242, time remaining: 2m 54s
Rendered 13717/16242, time remaining: 2m 54s
Rendered 13718/16242, time remaining: 2m 54s
Rendered 13719/16242, time remaining: 2m 54s
Rendered 13720/16242, time remaining: 2m 54s
Rendered 13721/16242, time remaining: 2m 54s
Rendered 13722/16242, time remaining: 2m 53s
Rendered 13723/16242, time remaining: 2m 53s
Rendered 13724/16242, time remaining: 2m 53s
Rendered 13725/16242, time remaining: 2m 53s
Rendered 13726/16242, time remaining: 2m 53s
Rendered 13727/16242, time remaining: 2m 53s
Rendered 13728/16242, time remaining: 2m 53s
Rendered 13729/16242, time remaining: 2m 53s
Rendered 13730/16242, time remaining: 2m 53s
Rendered 13731/16242, time remaining: 2m 53s
Rendered 13732/16242, time remaining: 2m 53s
Rendered 13733/16242, time remaining: 2m 53s
Rendered 13734/16242, time remaining: 2m 53s
Rendered 13735/16242, time remaining: 2m 53s
Rendered 13736/16242, time remaining: 2m 52s
Rendered 13737/16242, time remaining: 2m 52s
Rendered 13738/16242, time remaining: 2m 52s
Rendered 13739/16242, time remaining: 2m 52s
Rendered 13740/16242, time remaining: 2m 52s
Rendered 13741/16242, time remaining: 2m 52s
Rendered 13742/16242, time remaining: 2m 52s
Rendered 13743/16242, time remaining: 2m 52s
Rendered 13744/16242, time remaining: 2m 52s
Rendered 13745/16242, time remaining: 2m 52s
Rendered 13746/16242, time remaining: 2m 52s
Rendered 13747/16242, time remaining: 2m 52s
Rendered 13748/16242, time remaining: 2m 52s
Rendered 13749/16242, time remaining: 2m 52s
Rendered 13750/16242, time remaining: 2m 52s
Rendered 13751/16242, time remaining: 2m 51s
Rendered 13752/16242, time remaining: 2m 51s
Rendered 13753/16242, time remaining: 2m 51s
Rendered 13754/16242, time remaining: 2m 51s
Rendered 13755/16242, time remaining: 2m 51s
Rendered 13756/16242, time remaining: 2m 51s
Rendered 13757/16242, time remaining: 2m 51s
Rendered 13758/16242, time remaining: 2m 51s
Rendered 13759/16242, time remaining: 2m 51s
Rendered 13760/16242, time remaining: 2m 51s
Rendered 13761/16242, time remaining: 2m 51s
Rendered 13762/16242, time remaining: 2m 51s
Rendered 13763/16242, time remaining: 2m 51s
Rendered 13764/16242, time remaining: 2m 51s
Rendered 13765/16242, time remaining: 2m 50s
Rendered 13766/16242, time remaining: 2m 50s
Rendered 13767/16242, time remaining: 2m 50s
Rendered 13768/16242, time remaining: 2m 50s
Rendered 13769/16242, time remaining: 2m 50s
Rendered 13770/16242, time remaining: 2m 50s
Rendered 13771/16242, time remaining: 2m 50s
Rendered 13772/16242, time remaining: 2m 50s
Rendered 13773/16242, time remaining: 2m 50s
Rendered 13774/16242, time remaining: 2m 50s
Rendered 13775/16242, time remaining: 2m 50s
Rendered 13776/16242, time remaining: 2m 50s
Rendered 13777/16242, time remaining: 2m 50s
Rendered 13778/16242, time remaining: 2m 50s
Rendered 13779/16242, time remaining: 2m 49s
Rendered 13780/16242, time remaining: 2m 49s
Rendered 13781/16242, time remaining: 2m 49s
Rendered 13782/16242, time remaining: 2m 49s
Rendered 13783/16242, time remaining: 2m 49s
Rendered 13784/16242, time remaining: 2m 49s
Rendered 13785/16242, time remaining: 2m 49s
Rendered 13786/16242, time remaining: 2m 49s
Rendered 13787/16242, time remaining: 2m 49s
Rendered 13788/16242, time remaining: 2m 49s
Rendered 13789/16242, time remaining: 2m 49s
Rendered 13790/16242, time remaining: 2m 49s
Rendered 13791/16242, time remaining: 2m 49s
Rendered 13792/16242, time remaining: 2m 49s
Rendered 13793/16242, time remaining: 2m 49s
Rendered 13794/16242, time remaining: 2m 48s
Rendered 13795/16242, time remaining: 2m 48s
Rendered 13796/16242, time remaining: 2m 48s
Rendered 13797/16242, time remaining: 2m 48s
Rendered 13798/16242, time remaining: 2m 48s
Rendered 13799/16242, time remaining: 2m 48s
Rendered 13800/16242, time remaining: 2m 48s
Rendered 13801/16242, time remaining: 2m 48s
Rendered 13802/16242, time remaining: 2m 48s
Rendered 13803/16242, time remaining: 2m 48s
Rendered 13804/16242, time remaining: 2m 48s
Rendered 13805/16242, time remaining: 2m 48s
Rendered 13806/16242, time remaining: 2m 48s
Rendered 13807/16242, time remaining: 2m 48s
Rendered 13808/16242, time remaining: 2m 47s
Rendered 13809/16242, time remaining: 2m 47s
Rendered 13810/16242, time remaining: 2m 47s
Rendered 13811/16242, time remaining: 2m 47s
Rendered 13812/16242, time remaining: 2m 47s
Rendered 13813/16242, time remaining: 2m 47s
Rendered 13814/16242, time remaining: 2m 47s
Rendered 13815/16242, time remaining: 2m 47s
Rendered 13816/16242, time remaining: 2m 47s
Rendered 13817/16242, time remaining: 2m 47s
Rendered 13818/16242, time remaining: 2m 47s
Rendered 13819/16242, time remaining: 2m 47s
Rendered 13820/16242, time remaining: 2m 47s
Rendered 13821/16242, time remaining: 2m 47s
Rendered 13822/16242, time remaining: 2m 47s
Rendered 13823/16242, time remaining: 2m 46s
Rendered 13824/16242, time remaining: 2m 46s
Rendered 13825/16242, time remaining: 2m 46s
Rendered 13826/16242, time remaining: 2m 46s
Rendered 13827/16242, time remaining: 2m 46s
Rendered 13828/16242, time remaining: 2m 46s
Rendered 13829/16242, time remaining: 2m 46s
Rendered 13830/16242, time remaining: 2m 46s
Rendered 13831/16242, time remaining: 2m 46s
Rendered 13832/16242, time remaining: 2m 46s
Rendered 13833/16242, time remaining: 2m 46s
Rendered 13834/16242, time remaining: 2m 46s
Rendered 13835/16242, time remaining: 2m 46s
Rendered 13836/16242, time remaining: 2m 46s
Rendered 13837/16242, time remaining: 2m 45s
Rendered 13838/16242, time remaining: 2m 45s
Rendered 13839/16242, time remaining: 2m 45s
Rendered 13840/16242, time remaining: 2m 45s
Rendered 13841/16242, time remaining: 2m 45s
Rendered 13842/16242, time remaining: 2m 45s
Rendered 13843/16242, time remaining: 2m 45s
Rendered 13844/16242, time remaining: 2m 45s
Rendered 13845/16242, time remaining: 2m 45s
Rendered 13846/16242, time remaining: 2m 45s
Rendered 13847/16242, time remaining: 2m 45s
Rendered 13848/16242, time remaining: 2m 45s
Rendered 13849/16242, time remaining: 2m 45s
Rendered 13850/16242, time remaining: 2m 45s
Rendered 13851/16242, time remaining: 2m 45s
Rendered 13852/16242, time remaining: 2m 44s
Rendered 13853/16242, time remaining: 2m 44s
Rendered 13854/16242, time remaining: 2m 44s
Rendered 13855/16242, time remaining: 2m 44s
Rendered 13856/16242, time remaining: 2m 44s
Rendered 13857/16242, time remaining: 2m 44s
Rendered 13858/16242, time remaining: 2m 44s
Rendered 13859/16242, time remaining: 2m 44s
Rendered 13860/16242, time remaining: 2m 44s
Rendered 13861/16242, time remaining: 2m 44s
Rendered 13862/16242, time remaining: 2m 44s
Rendered 13863/16242, time remaining: 2m 44s
Rendered 13864/16242, time remaining: 2m 44s
Rendered 13865/16242, time remaining: 2m 44s
Rendered 13866/16242, time remaining: 2m 43s
Rendered 13867/16242, time remaining: 2m 43s
Rendered 13868/16242, time remaining: 2m 43s
Rendered 13869/16242, time remaining: 2m 43s
Rendered 13870/16242, time remaining: 2m 43s
Rendered 13871/16242, time remaining: 2m 43s
Rendered 13872/16242, time remaining: 2m 43s
Rendered 13873/16242, time remaining: 2m 43s
Rendered 13874/16242, time remaining: 2m 43s
Rendered 13875/16242, time remaining: 2m 43s
Rendered 13876/16242, time remaining: 2m 43s
Rendered 13877/16242, time remaining: 2m 43s
Rendered 13878/16242, time remaining: 2m 43s
Rendered 13879/16242, time remaining: 2m 43s
Rendered 13880/16242, time remaining: 2m 42s
Rendered 13881/16242, time remaining: 2m 42s
Rendered 13882/16242, time remaining: 2m 42s
Rendered 13883/16242, time remaining: 2m 42s
Rendered 13884/16242, time remaining: 2m 42s
Rendered 13885/16242, time remaining: 2m 42s
Rendered 13886/16242, time remaining: 2m 42s
Rendered 13887/16242, time remaining: 2m 42s
Rendered 13888/16242, time remaining: 2m 42s
Rendered 13889/16242, time remaining: 2m 42s
Rendered 13890/16242, time remaining: 2m 42s
Rendered 13891/16242, time remaining: 2m 42s
Rendered 13892/16242, time remaining: 2m 42s
Rendered 13893/16242, time remaining: 2m 42s
Rendered 13894/16242, time remaining: 2m 42s
Rendered 13895/16242, time remaining: 2m 41s
Rendered 13896/16242, time remaining: 2m 41s
Rendered 13897/16242, time remaining: 2m 41s
Rendered 13898/16242, time remaining: 2m 41s
Rendered 13899/16242, time remaining: 2m 41s
Rendered 13900/16242, time remaining: 2m 41s
Rendered 13901/16242, time remaining: 2m 41s
Rendered 13902/16242, time remaining: 2m 41s
Rendered 13903/16242, time remaining: 2m 41s
Rendered 13904/16242, time remaining: 2m 41s
Rendered 13905/16242, time remaining: 2m 41s
Rendered 13906/16242, time remaining: 2m 41s
Rendered 13907/16242, time remaining: 2m 41s
Rendered 13908/16242, time remaining: 2m 41s
Rendered 13909/16242, time remaining: 2m 40s
Rendered 13910/16242, time remaining: 2m 40s
Rendered 13911/16242, time remaining: 2m 40s
Rendered 13912/16242, time remaining: 2m 40s
Rendered 13913/16242, time remaining: 2m 40s
Rendered 13914/16242, time remaining: 2m 40s
Rendered 13915/16242, time remaining: 2m 40s
Rendered 13916/16242, time remaining: 2m 40s
Rendered 13917/16242, time remaining: 2m 40s
Rendered 13918/16242, time remaining: 2m 40s
Rendered 13919/16242, time remaining: 2m 40s
Rendered 13920/16242, time remaining: 2m 40s
Rendered 13921/16242, time remaining: 2m 40s
Rendered 13922/16242, time remaining: 2m 40s
Rendered 13923/16242, time remaining: 2m 40s
Rendered 13924/16242, time remaining: 2m 39s
Rendered 13925/16242, time remaining: 2m 39s
Rendered 13926/16242, time remaining: 2m 39s
Rendered 13927/16242, time remaining: 2m 39s
Rendered 13928/16242, time remaining: 2m 39s
Rendered 13929/16242, time remaining: 2m 39s
Rendered 13930/16242, time remaining: 2m 39s
Rendered 13931/16242, time remaining: 2m 39s
Rendered 13932/16242, time remaining: 2m 39s
Rendered 13933/16242, time remaining: 2m 39s
Rendered 13934/16242, time remaining: 2m 39s
Rendered 13935/16242, time remaining: 2m 39s
Rendered 13936/16242, time remaining: 2m 39s
Rendered 13937/16242, time remaining: 2m 39s
Rendered 13938/16242, time remaining: 2m 38s
Rendered 13939/16242, time remaining: 2m 38s
Rendered 13940/16242, time remaining: 2m 38s
Rendered 13941/16242, time remaining: 2m 38s
Rendered 13942/16242, time remaining: 2m 38s
Rendered 13943/16242, time remaining: 2m 38s
Rendered 13944/16242, time remaining: 2m 38s
Rendered 13945/16242, time remaining: 2m 38s
Rendered 13946/16242, time remaining: 2m 38s
Rendered 13947/16242, time remaining: 2m 38s
Rendered 13948/16242, time remaining: 2m 38s
Rendered 13949/16242, time remaining: 2m 38s
Rendered 13950/16242, time remaining: 2m 38s
Rendered 13951/16242, time remaining: 2m 38s
Rendered 13952/16242, time remaining: 2m 38s
Rendered 13953/16242, time remaining: 2m 37s
Rendered 13954/16242, time remaining: 2m 37s
Rendered 13955/16242, time remaining: 2m 37s
Rendered 13956/16242, time remaining: 2m 37s
Rendered 13957/16242, time remaining: 2m 37s
Rendered 13958/16242, time remaining: 2m 37s
Rendered 13959/16242, time remaining: 2m 37s
Rendered 13960/16242, time remaining: 2m 37s
Rendered 13961/16242, time remaining: 2m 37s
Rendered 13962/16242, time remaining: 2m 37s
Rendered 13963/16242, time remaining: 2m 37s
Rendered 13964/16242, time remaining: 2m 37s
Rendered 13965/16242, time remaining: 2m 37s
Rendered 13966/16242, time remaining: 2m 37s
Rendered 13967/16242, time remaining: 2m 36s
Rendered 13968/16242, time remaining: 2m 36s
Rendered 13969/16242, time remaining: 2m 36s
Rendered 13970/16242, time remaining: 2m 36s
Rendered 13971/16242, time remaining: 2m 36s
Rendered 13972/16242, time remaining: 2m 36s
Rendered 13973/16242, time remaining: 2m 36s
Rendered 13974/16242, time remaining: 2m 36s
Rendered 13975/16242, time remaining: 2m 36s
Rendered 13976/16242, time remaining: 2m 36s
Rendered 13977/16242, time remaining: 2m 36s
Rendered 13978/16242, time remaining: 2m 36s
Rendered 13979/16242, time remaining: 2m 36s
Rendered 13980/16242, time remaining: 2m 36s
Rendered 13981/16242, time remaining: 2m 36s
Rendered 13982/16242, time remaining: 2m 35s
Rendered 13983/16242, time remaining: 2m 35s
Rendered 13984/16242, time remaining: 2m 35s
Rendered 13985/16242, time remaining: 2m 35s
Rendered 13986/16242, time remaining: 2m 35s
Rendered 13987/16242, time remaining: 2m 35s
Rendered 13988/16242, time remaining: 2m 35s
Rendered 13989/16242, time remaining: 2m 35s
Rendered 13990/16242, time remaining: 2m 35s
Rendered 13991/16242, time remaining: 2m 35s
Rendered 13992/16242, time remaining: 2m 35s
Rendered 13993/16242, time remaining: 2m 35s
Rendered 13994/16242, time remaining: 2m 35s
Rendered 13995/16242, time remaining: 2m 35s
Rendered 13996/16242, time remaining: 2m 34s
Rendered 13997/16242, time remaining: 2m 34s
Rendered 13998/16242, time remaining: 2m 34s
Rendered 13999/16242, time remaining: 2m 34s
Rendered 14000/16242, time remaining: 2m 34s
Rendered 14001/16242, time remaining: 2m 34s
Rendered 14002/16242, time remaining: 2m 34s
Rendered 14003/16242, time remaining: 2m 34s
Rendered 14004/16242, time remaining: 2m 34s
Rendered 14005/16242, time remaining: 2m 34s
Rendered 14006/16242, time remaining: 2m 34s
Rendered 14007/16242, time remaining: 2m 34s
Rendered 14008/16242, time remaining: 2m 34s
Rendered 14009/16242, time remaining: 2m 34s
Rendered 14010/16242, time remaining: 2m 34s
Rendered 14011/16242, time remaining: 2m 33s
Rendered 14012/16242, time remaining: 2m 33s
Rendered 14013/16242, time remaining: 2m 33s
Rendered 14014/16242, time remaining: 2m 33s
Rendered 14015/16242, time remaining: 2m 33s
Rendered 14016/16242, time remaining: 2m 33s
Rendered 14017/16242, time remaining: 2m 33s
Rendered 14018/16242, time remaining: 2m 33s
Rendered 14019/16242, time remaining: 2m 33s
Rendered 14020/16242, time remaining: 2m 33s
Rendered 14021/16242, time remaining: 2m 33s
Rendered 14022/16242, time remaining: 2m 33s
Rendered 14023/16242, time remaining: 2m 33s
Rendered 14024/16242, time remaining: 2m 33s
Rendered 14025/16242, time remaining: 2m 32s
Rendered 14026/16242, time remaining: 2m 32s
Rendered 14027/16242, time remaining: 2m 32s
Rendered 14028/16242, time remaining: 2m 32s
Rendered 14029/16242, time remaining: 2m 32s
Rendered 14030/16242, time remaining: 2m 32s
Rendered 14031/16242, time remaining: 2m 32s
Rendered 14032/16242, time remaining: 2m 32s
Rendered 14033/16242, time remaining: 2m 32s
Rendered 14034/16242, time remaining: 2m 32s
Rendered 14035/16242, time remaining: 2m 32s
Rendered 14036/16242, time remaining: 2m 32s
Rendered 14037/16242, time remaining: 2m 32s
Rendered 14038/16242, time remaining: 2m 32s
Rendered 14039/16242, time remaining: 2m 31s
Rendered 14040/16242, time remaining: 2m 31s
Rendered 14041/16242, time remaining: 2m 31s
Rendered 14042/16242, time remaining: 2m 31s
Rendered 14043/16242, time remaining: 2m 31s
Rendered 14044/16242, time remaining: 2m 31s
Rendered 14045/16242, time remaining: 2m 31s
Rendered 14046/16242, time remaining: 2m 31s
Rendered 14047/16242, time remaining: 2m 31s
Rendered 14048/16242, time remaining: 2m 31s
Rendered 14049/16242, time remaining: 2m 31s
Rendered 14050/16242, time remaining: 2m 31s
Rendered 14051/16242, time remaining: 2m 31s
Rendered 14052/16242, time remaining: 2m 31s
Rendered 14053/16242, time remaining: 2m 31s
Rendered 14054/16242, time remaining: 2m 30s
Rendered 14055/16242, time remaining: 2m 30s
Rendered 14056/16242, time remaining: 2m 30s
Rendered 14057/16242, time remaining: 2m 30s
Rendered 14058/16242, time remaining: 2m 30s
Rendered 14059/16242, time remaining: 2m 30s
Rendered 14060/16242, time remaining: 2m 30s
Rendered 14061/16242, time remaining: 2m 30s
Rendered 14062/16242, time remaining: 2m 30s
Rendered 14063/16242, time remaining: 2m 30s
Rendered 14064/16242, time remaining: 2m 30s
Rendered 14065/16242, time remaining: 2m 30s
Rendered 14066/16242, time remaining: 2m 30s
Rendered 14067/16242, time remaining: 2m 30s
Rendered 14068/16242, time remaining: 2m 30s
Rendered 14069/16242, time remaining: 2m 29s
Rendered 14070/16242, time remaining: 2m 29s
Rendered 14071/16242, time remaining: 2m 29s
Rendered 14072/16242, time remaining: 2m 29s
Rendered 14073/16242, time remaining: 2m 29s
Rendered 14074/16242, time remaining: 2m 29s
Rendered 14075/16242, time remaining: 2m 29s
Rendered 14076/16242, time remaining: 2m 29s
Rendered 14077/16242, time remaining: 2m 29s
Rendered 14078/16242, time remaining: 2m 29s
Rendered 14079/16242, time remaining: 2m 29s
Rendered 14080/16242, time remaining: 2m 29s
Rendered 14081/16242, time remaining: 2m 29s
Rendered 14082/16242, time remaining: 2m 29s
Rendered 14083/16242, time remaining: 2m 28s
Rendered 14084/16242, time remaining: 2m 28s
Rendered 14085/16242, time remaining: 2m 28s
Rendered 14086/16242, time remaining: 2m 28s
Rendered 14087/16242, time remaining: 2m 28s
Rendered 14088/16242, time remaining: 2m 28s
Rendered 14089/16242, time remaining: 2m 28s
Rendered 14090/16242, time remaining: 2m 28s
Rendered 14091/16242, time remaining: 2m 28s
Rendered 14092/16242, time remaining: 2m 28s
Rendered 14093/16242, time remaining: 2m 28s
Rendered 14094/16242, time remaining: 2m 28s
Rendered 14095/16242, time remaining: 2m 28s
Rendered 14096/16242, time remaining: 2m 28s
Rendered 14097/16242, time remaining: 2m 28s
Rendered 14098/16242, time remaining: 2m 27s
Rendered 14099/16242, time remaining: 2m 27s
Rendered 14100/16242, time remaining: 2m 27s
Rendered 14101/16242, time remaining: 2m 27s
Rendered 14102/16242, time remaining: 2m 27s
Rendered 14103/16242, time remaining: 2m 27s
Rendered 14104/16242, time remaining: 2m 27s
Rendered 14105/16242, time remaining: 2m 27s
Rendered 14106/16242, time remaining: 2m 27s
Rendered 14107/16242, time remaining: 2m 27s
Rendered 14108/16242, time remaining: 2m 27s
Rendered 14109/16242, time remaining: 2m 27s
Rendered 14110/16242, time remaining: 2m 27s
Rendered 14111/16242, time remaining: 2m 27s
Rendered 14112/16242, time remaining: 2m 26s
Rendered 14113/16242, time remaining: 2m 26s
Rendered 14114/16242, time remaining: 2m 26s
Rendered 14115/16242, time remaining: 2m 26s
Rendered 14116/16242, time remaining: 2m 26s
Rendered 14117/16242, time remaining: 2m 26s
Rendered 14118/16242, time remaining: 2m 26s
Rendered 14119/16242, time remaining: 2m 26s
Rendered 14120/16242, time remaining: 2m 26s
Rendered 14121/16242, time remaining: 2m 26s
Rendered 14122/16242, time remaining: 2m 26s
Rendered 14123/16242, time remaining: 2m 26s
Rendered 14124/16242, time remaining: 2m 26s
Rendered 14125/16242, time remaining: 2m 26s
Rendered 14126/16242, time remaining: 2m 26s
Rendered 14127/16242, time remaining: 2m 25s
Rendered 14128/16242, time remaining: 2m 25s
Rendered 14129/16242, time remaining: 2m 25s
Rendered 14130/16242, time remaining: 2m 25s
Rendered 14131/16242, time remaining: 2m 25s
Rendered 14132/16242, time remaining: 2m 25s
Rendered 14133/16242, time remaining: 2m 25s
Rendered 14134/16242, time remaining: 2m 25s
Rendered 14135/16242, time remaining: 2m 25s
Rendered 14136/16242, time remaining: 2m 25s
Rendered 14137/16242, time remaining: 2m 25s
Rendered 14138/16242, time remaining: 2m 25s
Rendered 14139/16242, time remaining: 2m 25s
Rendered 14140/16242, time remaining: 2m 25s
Rendered 14141/16242, time remaining: 2m 24s
Rendered 14142/16242, time remaining: 2m 24s
Rendered 14143/16242, time remaining: 2m 24s
Rendered 14144/16242, time remaining: 2m 24s
Rendered 14145/16242, time remaining: 2m 24s
Rendered 14146/16242, time remaining: 2m 24s
Rendered 14147/16242, time remaining: 2m 24s
Rendered 14148/16242, time remaining: 2m 24s
Rendered 14149/16242, time remaining: 2m 24s
Rendered 14150/16242, time remaining: 2m 24s
Rendered 14151/16242, time remaining: 2m 24s
Rendered 14152/16242, time remaining: 2m 24s
Rendered 14153/16242, time remaining: 2m 24s
Rendered 14154/16242, time remaining: 2m 24s
Rendered 14155/16242, time remaining: 2m 24s
Rendered 14156/16242, time remaining: 2m 23s
Rendered 14157/16242, time remaining: 2m 23s
Rendered 14158/16242, time remaining: 2m 23s
Rendered 14159/16242, time remaining: 2m 23s
Rendered 14160/16242, time remaining: 2m 23s
Rendered 14161/16242, time remaining: 2m 23s
Rendered 14162/16242, time remaining: 2m 23s
Rendered 14163/16242, time remaining: 2m 23s
Rendered 14164/16242, time remaining: 2m 23s
Rendered 14165/16242, time remaining: 2m 23s
Rendered 14166/16242, time remaining: 2m 23s
Rendered 14167/16242, time remaining: 2m 23s
Rendered 14168/16242, time remaining: 2m 23s
Rendered 14169/16242, time remaining: 2m 23s
Rendered 14170/16242, time remaining: 2m 23s
Rendered 14171/16242, time remaining: 2m 22s
Rendered 14172/16242, time remaining: 2m 22s
Rendered 14173/16242, time remaining: 2m 22s
Rendered 14174/16242, time remaining: 2m 22s
Rendered 14175/16242, time remaining: 2m 22s
Rendered 14176/16242, time remaining: 2m 22s
Rendered 14177/16242, time remaining: 2m 22s
Rendered 14178/16242, time remaining: 2m 22s
Rendered 14179/16242, time remaining: 2m 22s
Rendered 14180/16242, time remaining: 2m 22s
Rendered 14181/16242, time remaining: 2m 22s
Rendered 14182/16242, time remaining: 2m 22s
Rendered 14183/16242, time remaining: 2m 22s
Rendered 14184/16242, time remaining: 2m 22s
Rendered 14185/16242, time remaining: 2m 21s
Rendered 14186/16242, time remaining: 2m 21s
Rendered 14187/16242, time remaining: 2m 21s
Rendered 14188/16242, time remaining: 2m 21s
Rendered 14189/16242, time remaining: 2m 21s
Rendered 14190/16242, time remaining: 2m 21s
Rendered 14191/16242, time remaining: 2m 21s
Rendered 14192/16242, time remaining: 2m 21s
Rendered 14193/16242, time remaining: 2m 21s
Rendered 14194/16242, time remaining: 2m 21s
Rendered 14195/16242, time remaining: 2m 21s
Rendered 14196/16242, time remaining: 2m 21s
Rendered 14197/16242, time remaining: 2m 21s
Rendered 14198/16242, time remaining: 2m 21s
Rendered 14199/16242, time remaining: 2m 21s
Rendered 14200/16242, time remaining: 2m 20s
Rendered 14201/16242, time remaining: 2m 20s
Rendered 14202/16242, time remaining: 2m 20s
Rendered 14203/16242, time remaining: 2m 20s
Rendered 14204/16242, time remaining: 2m 20s
Rendered 14205/16242, time remaining: 2m 20s
Rendered 14206/16242, time remaining: 2m 20s
Rendered 14207/16242, time remaining: 2m 20s
Rendered 14208/16242, time remaining: 2m 20s
Rendered 14209/16242, time remaining: 2m 20s
Rendered 14210/16242, time remaining: 2m 20s
Rendered 14211/16242, time remaining: 2m 20s
Rendered 14212/16242, time remaining: 2m 20s
Rendered 14213/16242, time remaining: 2m 20s
Rendered 14214/16242, time remaining: 2m 19s
Rendered 14215/16242, time remaining: 2m 19s
Rendered 14216/16242, time remaining: 2m 19s
Rendered 14217/16242, time remaining: 2m 19s
Rendered 14218/16242, time remaining: 2m 19s
Rendered 14219/16242, time remaining: 2m 19s
Rendered 14220/16242, time remaining: 2m 19s
Rendered 14221/16242, time remaining: 2m 19s
Rendered 14222/16242, time remaining: 2m 19s
Rendered 14223/16242, time remaining: 2m 19s
Rendered 14224/16242, time remaining: 2m 19s
Rendered 14225/16242, time remaining: 2m 19s
Rendered 14226/16242, time remaining: 2m 19s
Rendered 14227/16242, time remaining: 2m 19s
Rendered 14228/16242, time remaining: 2m 19s
Rendered 14229/16242, time remaining: 2m 18s
Rendered 14230/16242, time remaining: 2m 18s
Rendered 14231/16242, time remaining: 2m 18s
Rendered 14232/16242, time remaining: 2m 18s
Rendered 14233/16242, time remaining: 2m 18s
Rendered 14234/16242, time remaining: 2m 18s
Rendered 14235/16242, time remaining: 2m 18s
Rendered 14236/16242, time remaining: 2m 18s
Rendered 14237/16242, time remaining: 2m 18s
Rendered 14238/16242, time remaining: 2m 18s
Rendered 14239/16242, time remaining: 2m 18s
Rendered 14240/16242, time remaining: 2m 18s
Rendered 14241/16242, time remaining: 2m 18s
Rendered 14242/16242, time remaining: 2m 18s
Rendered 14243/16242, time remaining: 2m 17s
Rendered 14244/16242, time remaining: 2m 17s
Rendered 14245/16242, time remaining: 2m 17s
Rendered 14246/16242, time remaining: 2m 17s
Rendered 14247/16242, time remaining: 2m 17s
Rendered 14248/16242, time remaining: 2m 17s
Rendered 14249/16242, time remaining: 2m 17s
Rendered 14250/16242, time remaining: 2m 17s
Rendered 14251/16242, time remaining: 2m 17s
Rendered 14252/16242, time remaining: 2m 17s
Rendered 14253/16242, time remaining: 2m 17s
Rendered 14254/16242, time remaining: 2m 17s
Rendered 14255/16242, time remaining: 2m 17s
Rendered 14256/16242, time remaining: 2m 17s
Rendered 14257/16242, time remaining: 2m 16s
Rendered 14258/16242, time remaining: 2m 16s
Rendered 14259/16242, time remaining: 2m 16s
Rendered 14260/16242, time remaining: 2m 16s
Rendered 14261/16242, time remaining: 2m 16s
Rendered 14262/16242, time remaining: 2m 16s
Rendered 14263/16242, time remaining: 2m 16s
Rendered 14264/16242, time remaining: 2m 16s
Rendered 14265/16242, time remaining: 2m 16s
Rendered 14266/16242, time remaining: 2m 16s
Rendered 14267/16242, time remaining: 2m 16s
Rendered 14268/16242, time remaining: 2m 16s
Rendered 14269/16242, time remaining: 2m 16s
Rendered 14270/16242, time remaining: 2m 16s
Rendered 14271/16242, time remaining: 2m 16s
Rendered 14272/16242, time remaining: 2m 15s
Rendered 14273/16242, time remaining: 2m 15s
Rendered 14274/16242, time remaining: 2m 15s
Rendered 14275/16242, time remaining: 2m 15s
Rendered 14276/16242, time remaining: 2m 15s
Rendered 14277/16242, time remaining: 2m 15s
Rendered 14278/16242, time remaining: 2m 15s
Rendered 14279/16242, time remaining: 2m 15s
Rendered 14280/16242, time remaining: 2m 15s
Rendered 14281/16242, time remaining: 2m 15s
Rendered 14282/16242, time remaining: 2m 15s
Rendered 14283/16242, time remaining: 2m 15s
Rendered 14284/16242, time remaining: 2m 15s
Rendered 14285/16242, time remaining: 2m 15s
Rendered 14286/16242, time remaining: 2m 14s
Rendered 14287/16242, time remaining: 2m 14s
Rendered 14288/16242, time remaining: 2m 14s
Rendered 14289/16242, time remaining: 2m 14s
Rendered 14290/16242, time remaining: 2m 14s
Rendered 14291/16242, time remaining: 2m 14s
Rendered 14292/16242, time remaining: 2m 14s
Rendered 14293/16242, time remaining: 2m 14s
Rendered 14294/16242, time remaining: 2m 14s
Rendered 14295/16242, time remaining: 2m 14s
Rendered 14296/16242, time remaining: 2m 14s
Rendered 14297/16242, time remaining: 2m 14s
Rendered 14298/16242, time remaining: 2m 14s
Rendered 14299/16242, time remaining: 2m 14s
Rendered 14300/16242, time remaining: 2m 14s
Rendered 14301/16242, time remaining: 2m 13s
Rendered 14302/16242, time remaining: 2m 13s
Rendered 14303/16242, time remaining: 2m 13s
Rendered 14304/16242, time remaining: 2m 13s
Rendered 14305/16242, time remaining: 2m 13s
Rendered 14306/16242, time remaining: 2m 13s
Rendered 14307/16242, time remaining: 2m 13s
Rendered 14308/16242, time remaining: 2m 13s
Rendered 14309/16242, time remaining: 2m 13s
Rendered 14310/16242, time remaining: 2m 13s
Rendered 14311/16242, time remaining: 2m 13s
Rendered 14312/16242, time remaining: 2m 13s
Rendered 14313/16242, time remaining: 2m 13s
Rendered 14314/16242, time remaining: 2m 13s
Rendered 14315/16242, time remaining: 2m 12s
Rendered 14316/16242, time remaining: 2m 12s
Rendered 14317/16242, time remaining: 2m 12s
Rendered 14318/16242, time remaining: 2m 12s
Rendered 14319/16242, time remaining: 2m 12s
Rendered 14320/16242, time remaining: 2m 12s
Rendered 14321/16242, time remaining: 2m 12s
Rendered 14322/16242, time remaining: 2m 12s
Rendered 14323/16242, time remaining: 2m 12s
Rendered 14324/16242, time remaining: 2m 12s
Rendered 14325/16242, time remaining: 2m 12s
Rendered 14326/16242, time remaining: 2m 12s
Rendered 14327/16242, time remaining: 2m 12s
Rendered 14328/16242, time remaining: 2m 12s
Rendered 14329/16242, time remaining: 2m 11s
Rendered 14330/16242, time remaining: 2m 11s
Rendered 14331/16242, time remaining: 2m 11s
Rendered 14332/16242, time remaining: 2m 11s
Rendered 14333/16242, time remaining: 2m 11s
Rendered 14334/16242, time remaining: 2m 11s
Rendered 14335/16242, time remaining: 2m 11s
Rendered 14336/16242, time remaining: 2m 11s
Rendered 14337/16242, time remaining: 2m 11s
Rendered 14338/16242, time remaining: 2m 11s
Rendered 14339/16242, time remaining: 2m 11s
Rendered 14340/16242, time remaining: 2m 11s
Rendered 14341/16242, time remaining: 2m 11s
Rendered 14342/16242, time remaining: 2m 11s
Rendered 14343/16242, time remaining: 2m 11s
Rendered 14344/16242, time remaining: 2m 10s
Rendered 14345/16242, time remaining: 2m 10s
Rendered 14346/16242, time remaining: 2m 10s
Rendered 14347/16242, time remaining: 2m 10s
Rendered 14348/16242, time remaining: 2m 10s
Rendered 14349/16242, time remaining: 2m 10s
Rendered 14350/16242, time remaining: 2m 10s
Rendered 14351/16242, time remaining: 2m 10s
Rendered 14352/16242, time remaining: 2m 10s
Rendered 14353/16242, time remaining: 2m 10s
Rendered 14354/16242, time remaining: 2m 10s
Rendered 14355/16242, time remaining: 2m 10s
Rendered 14356/16242, time remaining: 2m 10s
Rendered 14357/16242, time remaining: 2m 10s
Rendered 14358/16242, time remaining: 2m 9s
Rendered 14359/16242, time remaining: 2m 9s
Rendered 14360/16242, time remaining: 2m 9s
Rendered 14361/16242, time remaining: 2m 9s
Rendered 14362/16242, time remaining: 2m 9s
Rendered 14363/16242, time remaining: 2m 9s
Rendered 14364/16242, time remaining: 2m 9s
Rendered 14365/16242, time remaining: 2m 9s
Rendered 14366/16242, time remaining: 2m 9s
Rendered 14367/16242, time remaining: 2m 9s
Rendered 14368/16242, time remaining: 2m 9s
Rendered 14369/16242, time remaining: 2m 9s
Rendered 14370/16242, time remaining: 2m 9s
Rendered 14371/16242, time remaining: 2m 9s
Rendered 14372/16242, time remaining: 2m 9s
Rendered 14373/16242, time remaining: 2m 8s
Rendered 14374/16242, time remaining: 2m 8s
Rendered 14375/16242, time remaining: 2m 8s
Rendered 14376/16242, time remaining: 2m 8s
Rendered 14377/16242, time remaining: 2m 8s
Rendered 14378/16242, time remaining: 2m 8s
Rendered 14379/16242, time remaining: 2m 8s
Rendered 14380/16242, time remaining: 2m 8s
Rendered 14381/16242, time remaining: 2m 8s
Rendered 14382/16242, time remaining: 2m 8s
Rendered 14383/16242, time remaining: 2m 8s
Rendered 14384/16242, time remaining: 2m 8s
Rendered 14385/16242, time remaining: 2m 8s
Rendered 14386/16242, time remaining: 2m 8s
Rendered 14387/16242, time remaining: 2m 7s
Rendered 14388/16242, time remaining: 2m 7s
Rendered 14389/16242, time remaining: 2m 7s
Rendered 14390/16242, time remaining: 2m 7s
Rendered 14391/16242, time remaining: 2m 7s
Rendered 14392/16242, time remaining: 2m 7s
Rendered 14393/16242, time remaining: 2m 7s
Rendered 14394/16242, time remaining: 2m 7s
Rendered 14395/16242, time remaining: 2m 7s
Rendered 14396/16242, time remaining: 2m 7s
Rendered 14397/16242, time remaining: 2m 7s
Rendered 14398/16242, time remaining: 2m 7s
Rendered 14399/16242, time remaining: 2m 7s
Rendered 14400/16242, time remaining: 2m 7s
Rendered 14401/16242, time remaining: 2m 7s
Rendered 14402/16242, time remaining: 2m 6s
Rendered 14403/16242, time remaining: 2m 6s
Rendered 14404/16242, time remaining: 2m 6s
Rendered 14405/16242, time remaining: 2m 6s
Rendered 14406/16242, time remaining: 2m 6s
Rendered 14407/16242, time remaining: 2m 6s
Rendered 14408/16242, time remaining: 2m 6s
Rendered 14409/16242, time remaining: 2m 6s
Rendered 14410/16242, time remaining: 2m 6s
Rendered 14411/16242, time remaining: 2m 6s
Rendered 14412/16242, time remaining: 2m 6s
Rendered 14413/16242, time remaining: 2m 6s
Rendered 14414/16242, time remaining: 2m 6s
Rendered 14415/16242, time remaining: 2m 6s
Rendered 14416/16242, time remaining: 2m 5s
Rendered 14417/16242, time remaining: 2m 5s
Rendered 14418/16242, time remaining: 2m 5s
Rendered 14419/16242, time remaining: 2m 5s
Rendered 14420/16242, time remaining: 2m 5s
Rendered 14421/16242, time remaining: 2m 5s
Rendered 14422/16242, time remaining: 2m 5s
Rendered 14423/16242, time remaining: 2m 5s
Rendered 14424/16242, time remaining: 2m 5s
Rendered 14425/16242, time remaining: 2m 5s
Rendered 14426/16242, time remaining: 2m 5s
Rendered 14427/16242, time remaining: 2m 5s
Rendered 14428/16242, time remaining: 2m 5s
Rendered 14429/16242, time remaining: 2m 5s
Rendered 14430/16242, time remaining: 2m 4s
Rendered 14431/16242, time remaining: 2m 4s
Rendered 14432/16242, time remaining: 2m 4s
Rendered 14433/16242, time remaining: 2m 4s
Rendered 14434/16242, time remaining: 2m 4s
Rendered 14435/16242, time remaining: 2m 4s
Rendered 14436/16242, time remaining: 2m 4s
Rendered 14437/16242, time remaining: 2m 4s
Rendered 14438/16242, time remaining: 2m 4s
Rendered 14439/16242, time remaining: 2m 4s
Rendered 14440/16242, time remaining: 2m 4s
Rendered 14441/16242, time remaining: 2m 4s
Rendered 14442/16242, time remaining: 2m 4s
Rendered 14443/16242, time remaining: 2m 4s
Rendered 14444/16242, time remaining: 2m 4s
Rendered 14445/16242, time remaining: 2m 3s
Rendered 14446/16242, time remaining: 2m 3s
Rendered 14447/16242, time remaining: 2m 3s
Rendered 14448/16242, time remaining: 2m 3s
Rendered 14449/16242, time remaining: 2m 3s
Rendered 14450/16242, time remaining: 2m 3s
Rendered 14451/16242, time remaining: 2m 3s
Rendered 14452/16242, time remaining: 2m 3s
Rendered 14453/16242, time remaining: 2m 3s
Rendered 14454/16242, time remaining: 2m 3s
Rendered 14455/16242, time remaining: 2m 3s
Rendered 14456/16242, time remaining: 2m 3s
Rendered 14457/16242, time remaining: 2m 3s
Rendered 14458/16242, time remaining: 2m 3s
Rendered 14459/16242, time remaining: 2m 3s
Rendered 14460/16242, time remaining: 2m 2s
Rendered 14461/16242, time remaining: 2m 2s
Rendered 14462/16242, time remaining: 2m 2s
Rendered 14463/16242, time remaining: 2m 2s
Rendered 14464/16242, time remaining: 2m 2s
Rendered 14465/16242, time remaining: 2m 2s
Rendered 14466/16242, time remaining: 2m 2s
Rendered 14467/16242, time remaining: 2m 2s
Rendered 14468/16242, time remaining: 2m 2s
Rendered 14469/16242, time remaining: 2m 2s
Rendered 14470/16242, time remaining: 2m 2s
Rendered 14471/16242, time remaining: 2m 2s
Rendered 14472/16242, time remaining: 2m 2s
Rendered 14473/16242, time remaining: 2m 2s
Rendered 14474/16242, time remaining: 2m 1s
Rendered 14475/16242, time remaining: 2m 1s
Rendered 14476/16242, time remaining: 2m 1s
Rendered 14477/16242, time remaining: 2m 1s
Rendered 14478/16242, time remaining: 2m 1s
Rendered 14479/16242, time remaining: 2m 1s
Rendered 14480/16242, time remaining: 2m 1s
Rendered 14481/16242, time remaining: 2m 1s
Rendered 14482/16242, time remaining: 2m 1s
Rendered 14483/16242, time remaining: 2m 1s
Rendered 14484/16242, time remaining: 2m 1s
Rendered 14485/16242, time remaining: 2m 1s
Rendered 14486/16242, time remaining: 2m 1s
Rendered 14487/16242, time remaining: 2m 1s
Rendered 14488/16242, time remaining: 2m 0s
Rendered 14489/16242, time remaining: 2m 0s
Rendered 14490/16242, time remaining: 2m 0s
Rendered 14491/16242, time remaining: 2m 0s
Rendered 14492/16242, time remaining: 2m 0s
Rendered 14493/16242, time remaining: 2m 0s
Rendered 14494/16242, time remaining: 2m 0s
Rendered 14495/16242, time remaining: 2m 0s
Rendered 14496/16242, time remaining: 2m 0s
Rendered 14497/16242, time remaining: 2m 0s
Rendered 14498/16242, time remaining: 2m 0s
Rendered 14499/16242, time remaining: 2m 0s
Rendered 14500/16242, time remaining: 2m 0s
Rendered 14501/16242, time remaining: 2m 0s
Rendered 14502/16242, time remaining: 2m 0s
Rendered 14503/16242, time remaining: 1m 59s
Rendered 14504/16242, time remaining: 1m 59s
Rendered 14505/16242, time remaining: 1m 59s
Rendered 14506/16242, time remaining: 1m 59s
Rendered 14507/16242, time remaining: 1m 59s
Rendered 14508/16242, time remaining: 1m 59s
Rendered 14509/16242, time remaining: 1m 59s
Rendered 14510/16242, time remaining: 1m 59s
Rendered 14511/16242, time remaining: 1m 59s
Rendered 14512/16242, time remaining: 1m 59s
Rendered 14513/16242, time remaining: 1m 59s
Rendered 14514/16242, time remaining: 1m 59s
Rendered 14515/16242, time remaining: 1m 59s
Rendered 14516/16242, time remaining: 1m 59s
Rendered 14517/16242, time remaining: 1m 58s
Rendered 14518/16242, time remaining: 1m 58s
Rendered 14519/16242, time remaining: 1m 58s
Rendered 14520/16242, time remaining: 1m 58s
Rendered 14521/16242, time remaining: 1m 58s
Rendered 14522/16242, time remaining: 1m 58s
Rendered 14523/16242, time remaining: 1m 58s
Rendered 14524/16242, time remaining: 1m 58s
Rendered 14525/16242, time remaining: 1m 58s
Rendered 14526/16242, time remaining: 1m 58s
Rendered 14527/16242, time remaining: 1m 58s
Rendered 14528/16242, time remaining: 1m 58s
Rendered 14529/16242, time remaining: 1m 58s
Rendered 14530/16242, time remaining: 1m 58s
Rendered 14531/16242, time remaining: 1m 58s
Rendered 14532/16242, time remaining: 1m 57s
Rendered 14533/16242, time remaining: 1m 57s
Rendered 14534/16242, time remaining: 1m 57s
Rendered 14535/16242, time remaining: 1m 57s
Rendered 14536/16242, time remaining: 1m 57s
Rendered 14537/16242, time remaining: 1m 57s
Rendered 14538/16242, time remaining: 1m 57s
Rendered 14539/16242, time remaining: 1m 57s
Rendered 14540/16242, time remaining: 1m 57s
Rendered 14541/16242, time remaining: 1m 57s
Rendered 14542/16242, time remaining: 1m 57s
Rendered 14543/16242, time remaining: 1m 57s
Rendered 14544/16242, time remaining: 1m 57s
Rendered 14545/16242, time remaining: 1m 57s
Rendered 14546/16242, time remaining: 1m 56s
Rendered 14547/16242, time remaining: 1m 56s
Rendered 14548/16242, time remaining: 1m 56s
Rendered 14549/16242, time remaining: 1m 56s
Rendered 14550/16242, time remaining: 1m 56s
Rendered 14551/16242, time remaining: 1m 56s
Rendered 14552/16242, time remaining: 1m 56s
Rendered 14553/16242, time remaining: 1m 56s
Rendered 14554/16242, time remaining: 1m 56s
Rendered 14555/16242, time remaining: 1m 56s
Rendered 14556/16242, time remaining: 1m 56s
Rendered 14557/16242, time remaining: 1m 56s
Rendered 14558/16242, time remaining: 1m 56s
Rendered 14559/16242, time remaining: 1m 56s
Rendered 14560/16242, time remaining: 1m 56s
Rendered 14561/16242, time remaining: 1m 55s
Rendered 14562/16242, time remaining: 1m 55s
Rendered 14563/16242, time remaining: 1m 55s
Rendered 14564/16242, time remaining: 1m 55s
Rendered 14565/16242, time remaining: 1m 55s
Rendered 14566/16242, time remaining: 1m 55s
Rendered 14567/16242, time remaining: 1m 55s
Rendered 14568/16242, time remaining: 1m 55s
Rendered 14569/16242, time remaining: 1m 55s
Rendered 14570/16242, time remaining: 1m 55s
Rendered 14571/16242, time remaining: 1m 55s
Rendered 14572/16242, time remaining: 1m 55s
Rendered 14573/16242, time remaining: 1m 55s
Rendered 14574/16242, time remaining: 1m 55s
Rendered 14575/16242, time remaining: 1m 54s
Rendered 14576/16242, time remaining: 1m 54s
Rendered 14577/16242, time remaining: 1m 54s
Rendered 14578/16242, time remaining: 1m 54s
Rendered 14579/16242, time remaining: 1m 54s
Rendered 14580/16242, time remaining: 1m 54s
Rendered 14581/16242, time remaining: 1m 54s
Rendered 14582/16242, time remaining: 1m 54s
Rendered 14583/16242, time remaining: 1m 54s
Rendered 14584/16242, time remaining: 1m 54s
Rendered 14585/16242, time remaining: 1m 54s
Rendered 14586/16242, time remaining: 1m 54s
Rendered 14587/16242, time remaining: 1m 54s
Rendered 14588/16242, time remaining: 1m 54s
Rendered 14589/16242, time remaining: 1m 53s
Rendered 14590/16242, time remaining: 1m 53s
Rendered 14591/16242, time remaining: 1m 53s
Rendered 14592/16242, time remaining: 1m 53s
Rendered 14593/16242, time remaining: 1m 53s
Rendered 14594/16242, time remaining: 1m 53s
Rendered 14595/16242, time remaining: 1m 53s
Rendered 14596/16242, time remaining: 1m 53s
Rendered 14597/16242, time remaining: 1m 53s
Rendered 14598/16242, time remaining: 1m 53s
Rendered 14599/16242, time remaining: 1m 53s
Rendered 14600/16242, time remaining: 1m 53s
Rendered 14601/16242, time remaining: 1m 53s
Rendered 14602/16242, time remaining: 1m 53s
Rendered 14603/16242, time remaining: 1m 53s
Rendered 14604/16242, time remaining: 1m 52s
Rendered 14605/16242, time remaining: 1m 52s
Rendered 14606/16242, time remaining: 1m 52s
Rendered 14607/16242, time remaining: 1m 52s
Rendered 14608/16242, time remaining: 1m 52s
Rendered 14609/16242, time remaining: 1m 52s
Rendered 14610/16242, time remaining: 1m 52s
Rendered 14611/16242, time remaining: 1m 52s
Rendered 14612/16242, time remaining: 1m 52s
Rendered 14613/16242, time remaining: 1m 52s
Rendered 14614/16242, time remaining: 1m 52s
Rendered 14615/16242, time remaining: 1m 52s
Rendered 14616/16242, time remaining: 1m 52s
Rendered 14617/16242, time remaining: 1m 52s
Rendered 14618/16242, time remaining: 1m 51s
Rendered 14619/16242, time remaining: 1m 51s
Rendered 14620/16242, time remaining: 1m 51s
Rendered 14621/16242, time remaining: 1m 51s
Rendered 14622/16242, time remaining: 1m 51s
Rendered 14623/16242, time remaining: 1m 51s
Rendered 14624/16242, time remaining: 1m 51s
Rendered 14625/16242, time remaining: 1m 51s
Rendered 14626/16242, time remaining: 1m 51s
Rendered 14627/16242, time remaining: 1m 51s
Rendered 14628/16242, time remaining: 1m 51s
Rendered 14629/16242, time remaining: 1m 51s
Rendered 14630/16242, time remaining: 1m 51s
Rendered 14631/16242, time remaining: 1m 51s
Rendered 14632/16242, time remaining: 1m 51s
Rendered 14633/16242, time remaining: 1m 50s
Rendered 14634/16242, time remaining: 1m 50s
Rendered 14635/16242, time remaining: 1m 50s
Rendered 14636/16242, time remaining: 1m 50s
Rendered 14637/16242, time remaining: 1m 50s
Rendered 14638/16242, time remaining: 1m 50s
Rendered 14639/16242, time remaining: 1m 50s
Rendered 14640/16242, time remaining: 1m 50s
Rendered 14641/16242, time remaining: 1m 50s
Rendered 14642/16242, time remaining: 1m 50s
Rendered 14643/16242, time remaining: 1m 50s
Rendered 14644/16242, time remaining: 1m 50s
Rendered 14645/16242, time remaining: 1m 50s
Rendered 14646/16242, time remaining: 1m 50s
Rendered 14647/16242, time remaining: 1m 49s
Rendered 14648/16242, time remaining: 1m 49s
Rendered 14649/16242, time remaining: 1m 49s
Rendered 14650/16242, time remaining: 1m 49s
Rendered 14651/16242, time remaining: 1m 49s
Rendered 14652/16242, time remaining: 1m 49s
Rendered 14653/16242, time remaining: 1m 49s
Rendered 14654/16242, time remaining: 1m 49s
Rendered 14655/16242, time remaining: 1m 49s
Rendered 14656/16242, time remaining: 1m 49s
Rendered 14657/16242, time remaining: 1m 49s
Rendered 14658/16242, time remaining: 1m 49s
Rendered 14659/16242, time remaining: 1m 49s
Rendered 14660/16242, time remaining: 1m 49s
Rendered 14661/16242, time remaining: 1m 49s
Rendered 14662/16242, time remaining: 1m 48s
Rendered 14663/16242, time remaining: 1m 48s
Rendered 14664/16242, time remaining: 1m 48s
Rendered 14665/16242, time remaining: 1m 48s
Rendered 14666/16242, time remaining: 1m 48s
Rendered 14667/16242, time remaining: 1m 48s
Rendered 14668/16242, time remaining: 1m 48s
Rendered 14669/16242, time remaining: 1m 48s
Rendered 14670/16242, time remaining: 1m 48s
Rendered 14671/16242, time remaining: 1m 48s
Rendered 14672/16242, time remaining: 1m 48s
Rendered 14673/16242, time remaining: 1m 48s
Rendered 14674/16242, time remaining: 1m 48s
Rendered 14675/16242, time remaining: 1m 48s
Rendered 14676/16242, time remaining: 1m 47s
Rendered 14677/16242, time remaining: 1m 47s
Rendered 14678/16242, time remaining: 1m 47s
Rendered 14679/16242, time remaining: 1m 47s
Rendered 14680/16242, time remaining: 1m 47s
Rendered 14681/16242, time remaining: 1m 47s
Rendered 14682/16242, time remaining: 1m 47s
Rendered 14683/16242, time remaining: 1m 47s
Rendered 14684/16242, time remaining: 1m 47s
Rendered 14685/16242, time remaining: 1m 47s
Rendered 14686/16242, time remaining: 1m 47s
Rendered 14687/16242, time remaining: 1m 47s
Rendered 14688/16242, time remaining: 1m 47s
Rendered 14689/16242, time remaining: 1m 47s
Rendered 14690/16242, time remaining: 1m 47s
Rendered 14691/16242, time remaining: 1m 46s
Rendered 14692/16242, time remaining: 1m 46s
Rendered 14693/16242, time remaining: 1m 46s
Rendered 14694/16242, time remaining: 1m 46s
Rendered 14695/16242, time remaining: 1m 46s
Rendered 14696/16242, time remaining: 1m 46s
Rendered 14697/16242, time remaining: 1m 46s
Rendered 14698/16242, time remaining: 1m 46s
Rendered 14699/16242, time remaining: 1m 46s
Rendered 14700/16242, time remaining: 1m 46s
Rendered 14701/16242, time remaining: 1m 46s
Rendered 14702/16242, time remaining: 1m 46s
Rendered 14703/16242, time remaining: 1m 46s
Rendered 14704/16242, time remaining: 1m 46s
Rendered 14705/16242, time remaining: 1m 45s
Rendered 14706/16242, time remaining: 1m 45s
Rendered 14707/16242, time remaining: 1m 45s
Rendered 14708/16242, time remaining: 1m 45s
Rendered 14709/16242, time remaining: 1m 45s
Rendered 14710/16242, time remaining: 1m 45s
Rendered 14711/16242, time remaining: 1m 45s
Rendered 14712/16242, time remaining: 1m 45s
Rendered 14713/16242, time remaining: 1m 45s
Rendered 14714/16242, time remaining: 1m 45s
Rendered 14715/16242, time remaining: 1m 45s
Rendered 14716/16242, time remaining: 1m 45s
Rendered 14717/16242, time remaining: 1m 45s
Rendered 14718/16242, time remaining: 1m 45s
Rendered 14719/16242, time remaining: 1m 45s
Rendered 14720/16242, time remaining: 1m 44s
Rendered 14721/16242, time remaining: 1m 44s
Rendered 14722/16242, time remaining: 1m 44s
Rendered 14723/16242, time remaining: 1m 44s
Rendered 14724/16242, time remaining: 1m 44s
Rendered 14725/16242, time remaining: 1m 44s
Rendered 14726/16242, time remaining: 1m 44s
Rendered 14727/16242, time remaining: 1m 44s
Rendered 14728/16242, time remaining: 1m 44s
Rendered 14729/16242, time remaining: 1m 44s
Rendered 14730/16242, time remaining: 1m 44s
Rendered 14731/16242, time remaining: 1m 44s
Rendered 14732/16242, time remaining: 1m 44s
Rendered 14733/16242, time remaining: 1m 44s
Rendered 14734/16242, time remaining: 1m 43s
Rendered 14735/16242, time remaining: 1m 43s
Rendered 14736/16242, time remaining: 1m 43s
Rendered 14737/16242, time remaining: 1m 43s
Rendered 14738/16242, time remaining: 1m 43s
Rendered 14739/16242, time remaining: 1m 43s
Rendered 14740/16242, time remaining: 1m 43s
Rendered 14741/16242, time remaining: 1m 43s
Rendered 14742/16242, time remaining: 1m 43s
Rendered 14743/16242, time remaining: 1m 43s
Rendered 14744/16242, time remaining: 1m 43s
Rendered 14745/16242, time remaining: 1m 43s
Rendered 14746/16242, time remaining: 1m 43s
Rendered 14747/16242, time remaining: 1m 43s
Rendered 14748/16242, time remaining: 1m 42s
Rendered 14749/16242, time remaining: 1m 42s
Rendered 14750/16242, time remaining: 1m 42s
Rendered 14751/16242, time remaining: 1m 42s
Rendered 14752/16242, time remaining: 1m 42s
Rendered 14753/16242, time remaining: 1m 42s
Rendered 14754/16242, time remaining: 1m 42s
Rendered 14755/16242, time remaining: 1m 42s
Rendered 14756/16242, time remaining: 1m 42s
Rendered 14757/16242, time remaining: 1m 42s
Rendered 14758/16242, time remaining: 1m 42s
Rendered 14759/16242, time remaining: 1m 42s
Rendered 14760/16242, time remaining: 1m 42s
Rendered 14761/16242, time remaining: 1m 42s
Rendered 14762/16242, time remaining: 1m 42s
Rendered 14763/16242, time remaining: 1m 41s
Rendered 14764/16242, time remaining: 1m 41s
Rendered 14765/16242, time remaining: 1m 41s
Rendered 14766/16242, time remaining: 1m 41s
Rendered 14767/16242, time remaining: 1m 41s
Rendered 14768/16242, time remaining: 1m 41s
Rendered 14769/16242, time remaining: 1m 41s
Rendered 14770/16242, time remaining: 1m 41s
Rendered 14771/16242, time remaining: 1m 41s
Rendered 14772/16242, time remaining: 1m 41s
Rendered 14773/16242, time remaining: 1m 41s
Rendered 14774/16242, time remaining: 1m 41s
Rendered 14775/16242, time remaining: 1m 41s
Rendered 14776/16242, time remaining: 1m 41s
Rendered 14777/16242, time remaining: 1m 40s
Rendered 14778/16242, time remaining: 1m 40s
Rendered 14779/16242, time remaining: 1m 40s
Rendered 14780/16242, time remaining: 1m 40s
Rendered 14781/16242, time remaining: 1m 40s
Rendered 14782/16242, time remaining: 1m 40s
Rendered 14783/16242, time remaining: 1m 40s
Rendered 14784/16242, time remaining: 1m 40s
Rendered 14785/16242, time remaining: 1m 40s
Rendered 14786/16242, time remaining: 1m 40s
Rendered 14787/16242, time remaining: 1m 40s
Rendered 14788/16242, time remaining: 1m 40s
Rendered 14789/16242, time remaining: 1m 40s
Rendered 14790/16242, time remaining: 1m 40s
Rendered 14791/16242, time remaining: 1m 40s
Rendered 14792/16242, time remaining: 1m 39s
Rendered 14793/16242, time remaining: 1m 39s
Rendered 14794/16242, time remaining: 1m 39s
Rendered 14795/16242, time remaining: 1m 39s
Rendered 14796/16242, time remaining: 1m 39s
Rendered 14797/16242, time remaining: 1m 39s
Rendered 14798/16242, time remaining: 1m 39s
Rendered 14799/16242, time remaining: 1m 39s
Rendered 14800/16242, time remaining: 1m 39s
Rendered 14801/16242, time remaining: 1m 39s
Rendered 14802/16242, time remaining: 1m 39s
Rendered 14803/16242, time remaining: 1m 39s
Rendered 14804/16242, time remaining: 1m 39s
Rendered 14805/16242, time remaining: 1m 39s
Rendered 14806/16242, time remaining: 1m 38s
Rendered 14807/16242, time remaining: 1m 38s
Rendered 14808/16242, time remaining: 1m 38s
Rendered 14809/16242, time remaining: 1m 38s
Rendered 14810/16242, time remaining: 1m 38s
Rendered 14811/16242, time remaining: 1m 38s
Rendered 14812/16242, time remaining: 1m 38s
Rendered 14813/16242, time remaining: 1m 38s
Rendered 14814/16242, time remaining: 1m 38s
Rendered 14815/16242, time remaining: 1m 38s
Rendered 14816/16242, time remaining: 1m 38s
Rendered 14817/16242, time remaining: 1m 38s
Rendered 14818/16242, time remaining: 1m 38s
Rendered 14819/16242, time remaining: 1m 38s
Rendered 14820/16242, time remaining: 1m 38s
Rendered 14821/16242, time remaining: 1m 37s
Rendered 14822/16242, time remaining: 1m 37s
Rendered 14823/16242, time remaining: 1m 37s
Rendered 14824/16242, time remaining: 1m 37s
Rendered 14825/16242, time remaining: 1m 37s
Rendered 14826/16242, time remaining: 1m 37s
Rendered 14827/16242, time remaining: 1m 37s
Rendered 14828/16242, time remaining: 1m 37s
Rendered 14829/16242, time remaining: 1m 37s
Rendered 14830/16242, time remaining: 1m 37s
Rendered 14831/16242, time remaining: 1m 37s
Rendered 14832/16242, time remaining: 1m 37s
Rendered 14833/16242, time remaining: 1m 37s
Rendered 14834/16242, time remaining: 1m 37s
Rendered 14835/16242, time remaining: 1m 36s
Rendered 14836/16242, time remaining: 1m 36s
Rendered 14837/16242, time remaining: 1m 36s
Rendered 14838/16242, time remaining: 1m 36s
Rendered 14839/16242, time remaining: 1m 36s
Rendered 14840/16242, time remaining: 1m 36s
Rendered 14841/16242, time remaining: 1m 36s
Rendered 14842/16242, time remaining: 1m 36s
Rendered 14843/16242, time remaining: 1m 36s
Rendered 14844/16242, time remaining: 1m 36s
Rendered 14845/16242, time remaining: 1m 36s
Rendered 14846/16242, time remaining: 1m 36s
Rendered 14847/16242, time remaining: 1m 36s
Rendered 14848/16242, time remaining: 1m 36s
Rendered 14849/16242, time remaining: 1m 36s
Rendered 14850/16242, time remaining: 1m 35s
Rendered 14851/16242, time remaining: 1m 35s
Rendered 14852/16242, time remaining: 1m 35s
Rendered 14853/16242, time remaining: 1m 35s
Rendered 14854/16242, time remaining: 1m 35s
Rendered 14855/16242, time remaining: 1m 35s
Rendered 14856/16242, time remaining: 1m 35s
Rendered 14857/16242, time remaining: 1m 35s
Rendered 14858/16242, time remaining: 1m 35s
Rendered 14859/16242, time remaining: 1m 35s
Rendered 14860/16242, time remaining: 1m 35s
Rendered 14861/16242, time remaining: 1m 35s
Rendered 14862/16242, time remaining: 1m 35s
Rendered 14863/16242, time remaining: 1m 35s
Rendered 14864/16242, time remaining: 1m 34s
Rendered 14865/16242, time remaining: 1m 34s
Rendered 14866/16242, time remaining: 1m 34s
Rendered 14867/16242, time remaining: 1m 34s
Rendered 14868/16242, time remaining: 1m 34s
Rendered 14869/16242, time remaining: 1m 34s
Rendered 14870/16242, time remaining: 1m 34s
Rendered 14871/16242, time remaining: 1m 34s
Rendered 14872/16242, time remaining: 1m 34s
Rendered 14873/16242, time remaining: 1m 34s
Rendered 14874/16242, time remaining: 1m 34s
Rendered 14875/16242, time remaining: 1m 34s
Rendered 14876/16242, time remaining: 1m 34s
Rendered 14877/16242, time remaining: 1m 34s
Rendered 14878/16242, time remaining: 1m 34s
Rendered 14879/16242, time remaining: 1m 33s
Rendered 14880/16242, time remaining: 1m 33s
Rendered 14881/16242, time remaining: 1m 33s
Rendered 14882/16242, time remaining: 1m 33s
Rendered 14883/16242, time remaining: 1m 33s
Rendered 14884/16242, time remaining: 1m 33s
Rendered 14885/16242, time remaining: 1m 33s
Rendered 14886/16242, time remaining: 1m 33s
Rendered 14887/16242, time remaining: 1m 33s
Rendered 14888/16242, time remaining: 1m 33s
Rendered 14889/16242, time remaining: 1m 33s
Rendered 14890/16242, time remaining: 1m 33s
Rendered 14891/16242, time remaining: 1m 33s
Rendered 14892/16242, time remaining: 1m 33s
Rendered 14893/16242, time remaining: 1m 32s
Rendered 14894/16242, time remaining: 1m 32s
Rendered 14895/16242, time remaining: 1m 32s
Rendered 14896/16242, time remaining: 1m 32s
Rendered 14897/16242, time remaining: 1m 32s
Rendered 14898/16242, time remaining: 1m 32s
Rendered 14899/16242, time remaining: 1m 32s
Rendered 14900/16242, time remaining: 1m 32s
Rendered 14901/16242, time remaining: 1m 32s
Rendered 14902/16242, time remaining: 1m 32s
Rendered 14903/16242, time remaining: 1m 32s
Rendered 14904/16242, time remaining: 1m 32s
Rendered 14905/16242, time remaining: 1m 32s
Rendered 14906/16242, time remaining: 1m 32s
Rendered 14907/16242, time remaining: 1m 32s
Rendered 14908/16242, time remaining: 1m 31s
Rendered 14909/16242, time remaining: 1m 31s
Rendered 14910/16242, time remaining: 1m 31s
Rendered 14911/16242, time remaining: 1m 31s
Rendered 14912/16242, time remaining: 1m 31s
Rendered 14913/16242, time remaining: 1m 31s
Rendered 14914/16242, time remaining: 1m 31s
Rendered 14915/16242, time remaining: 1m 31s
Rendered 14916/16242, time remaining: 1m 31s
Rendered 14917/16242, time remaining: 1m 31s
Rendered 14918/16242, time remaining: 1m 31s
Rendered 14919/16242, time remaining: 1m 31s
Rendered 14920/16242, time remaining: 1m 31s
Rendered 14921/16242, time remaining: 1m 31s
Rendered 14922/16242, time remaining: 1m 30s
Rendered 14923/16242, time remaining: 1m 30s
Rendered 14924/16242, time remaining: 1m 30s
Rendered 14925/16242, time remaining: 1m 30s
Rendered 14926/16242, time remaining: 1m 30s
Rendered 14927/16242, time remaining: 1m 30s
Rendered 14928/16242, time remaining: 1m 30s
Rendered 14929/16242, time remaining: 1m 30s
Rendered 14930/16242, time remaining: 1m 30s
Rendered 14931/16242, time remaining: 1m 30s
Rendered 14932/16242, time remaining: 1m 30s
Rendered 14933/16242, time remaining: 1m 30s
Rendered 14934/16242, time remaining: 1m 30s
Rendered 14935/16242, time remaining: 1m 30s
Rendered 14936/16242, time remaining: 1m 29s
Rendered 14937/16242, time remaining: 1m 29s
Rendered 14938/16242, time remaining: 1m 29s
Rendered 14939/16242, time remaining: 1m 29s
Rendered 14940/16242, time remaining: 1m 29s
Rendered 14941/16242, time remaining: 1m 29s
Rendered 14942/16242, time remaining: 1m 29s
Rendered 14943/16242, time remaining: 1m 29s
Rendered 14944/16242, time remaining: 1m 29s
Rendered 14945/16242, time remaining: 1m 29s
Rendered 14946/16242, time remaining: 1m 29s
Rendered 14947/16242, time remaining: 1m 29s
Rendered 14948/16242, time remaining: 1m 29s
Rendered 14949/16242, time remaining: 1m 29s
Rendered 14950/16242, time remaining: 1m 29s
Rendered 14951/16242, time remaining: 1m 28s
Rendered 14952/16242, time remaining: 1m 28s
Rendered 14953/16242, time remaining: 1m 28s
Rendered 14954/16242, time remaining: 1m 28s
Rendered 14955/16242, time remaining: 1m 28s
Rendered 14956/16242, time remaining: 1m 28s
Rendered 14957/16242, time remaining: 1m 28s
Rendered 14958/16242, time remaining: 1m 28s
Rendered 14959/16242, time remaining: 1m 28s
Rendered 14960/16242, time remaining: 1m 28s
Rendered 14961/16242, time remaining: 1m 28s
Rendered 14962/16242, time remaining: 1m 28s
Rendered 14963/16242, time remaining: 1m 28s
Rendered 14964/16242, time remaining: 1m 28s
Rendered 14965/16242, time remaining: 1m 27s
Rendered 14966/16242, time remaining: 1m 27s
Rendered 14967/16242, time remaining: 1m 27s
Rendered 14968/16242, time remaining: 1m 27s
Rendered 14969/16242, time remaining: 1m 27s
Rendered 14970/16242, time remaining: 1m 27s
Rendered 14971/16242, time remaining: 1m 27s
Rendered 14972/16242, time remaining: 1m 27s
Rendered 14973/16242, time remaining: 1m 27s
Rendered 14974/16242, time remaining: 1m 27s
Rendered 14975/16242, time remaining: 1m 27s
Rendered 14976/16242, time remaining: 1m 27s
Rendered 14977/16242, time remaining: 1m 27s
Rendered 14978/16242, time remaining: 1m 27s
Rendered 14979/16242, time remaining: 1m 27s
Rendered 14980/16242, time remaining: 1m 26s
Rendered 14981/16242, time remaining: 1m 26s
Rendered 14982/16242, time remaining: 1m 26s
Rendered 14983/16242, time remaining: 1m 26s
Rendered 14984/16242, time remaining: 1m 26s
Rendered 14985/16242, time remaining: 1m 26s
Rendered 14986/16242, time remaining: 1m 26s
Rendered 14987/16242, time remaining: 1m 26s
Rendered 14988/16242, time remaining: 1m 26s
Rendered 14989/16242, time remaining: 1m 26s
Rendered 14990/16242, time remaining: 1m 26s
Rendered 14991/16242, time remaining: 1m 26s
Rendered 14992/16242, time remaining: 1m 26s
Rendered 14993/16242, time remaining: 1m 26s
Rendered 14994/16242, time remaining: 1m 25s
Rendered 14995/16242, time remaining: 1m 25s
Rendered 14996/16242, time remaining: 1m 25s
Rendered 14997/16242, time remaining: 1m 25s
Rendered 14998/16242, time remaining: 1m 25s
Rendered 14999/16242, time remaining: 1m 25s
Rendered 15000/16242, time remaining: 1m 25s
Rendered 15001/16242, time remaining: 1m 25s
Rendered 15002/16242, time remaining: 1m 25s
Rendered 15003/16242, time remaining: 1m 25s
Rendered 15004/16242, time remaining: 1m 25s
Rendered 15005/16242, time remaining: 1m 25s
Rendered 15006/16242, time remaining: 1m 25s
Rendered 15007/16242, time remaining: 1m 25s
Rendered 15008/16242, time remaining: 1m 25s
Rendered 15009/16242, time remaining: 1m 24s
Rendered 15010/16242, time remaining: 1m 24s
Rendered 15011/16242, time remaining: 1m 24s
Rendered 15012/16242, time remaining: 1m 24s
Rendered 15013/16242, time remaining: 1m 24s
Rendered 15014/16242, time remaining: 1m 24s
Rendered 15015/16242, time remaining: 1m 24s
Rendered 15016/16242, time remaining: 1m 24s
Rendered 15017/16242, time remaining: 1m 24s
Rendered 15018/16242, time remaining: 1m 24s
Rendered 15019/16242, time remaining: 1m 24s
Rendered 15020/16242, time remaining: 1m 24s
Rendered 15021/16242, time remaining: 1m 24s
Rendered 15022/16242, time remaining: 1m 24s
Rendered 15023/16242, time remaining: 1m 23s
Rendered 15024/16242, time remaining: 1m 23s
Rendered 15025/16242, time remaining: 1m 23s
Rendered 15026/16242, time remaining: 1m 23s
Rendered 15027/16242, time remaining: 1m 23s
Rendered 15028/16242, time remaining: 1m 23s
Rendered 15029/16242, time remaining: 1m 23s
Rendered 15030/16242, time remaining: 1m 23s
Rendered 15031/16242, time remaining: 1m 23s
Rendered 15032/16242, time remaining: 1m 23s
Rendered 15033/16242, time remaining: 1m 23s
Rendered 15034/16242, time remaining: 1m 23s
Rendered 15035/16242, time remaining: 1m 23s
Rendered 15036/16242, time remaining: 1m 23s
Rendered 15037/16242, time remaining: 1m 23s
Rendered 15038/16242, time remaining: 1m 22s
Rendered 15039/16242, time remaining: 1m 22s
Rendered 15040/16242, time remaining: 1m 22s
Rendered 15041/16242, time remaining: 1m 22s
Rendered 15042/16242, time remaining: 1m 22s
Rendered 15043/16242, time remaining: 1m 22s
Rendered 15044/16242, time remaining: 1m 22s
Rendered 15045/16242, time remaining: 1m 22s
Rendered 15046/16242, time remaining: 1m 22s
Rendered 15047/16242, time remaining: 1m 22s
Rendered 15048/16242, time remaining: 1m 22s
Rendered 15049/16242, time remaining: 1m 22s
Rendered 15050/16242, time remaining: 1m 22s
Rendered 15051/16242, time remaining: 1m 22s
Rendered 15052/16242, time remaining: 1m 21s
Rendered 15053/16242, time remaining: 1m 21s
Rendered 15054/16242, time remaining: 1m 21s
Rendered 15055/16242, time remaining: 1m 21s
Rendered 15056/16242, time remaining: 1m 21s
Rendered 15057/16242, time remaining: 1m 21s
Rendered 15058/16242, time remaining: 1m 21s
Rendered 15059/16242, time remaining: 1m 21s
Rendered 15060/16242, time remaining: 1m 21s
Rendered 15061/16242, time remaining: 1m 21s
Rendered 15062/16242, time remaining: 1m 21s
Rendered 15063/16242, time remaining: 1m 21s
Rendered 15064/16242, time remaining: 1m 21s
Rendered 15065/16242, time remaining: 1m 21s
Rendered 15066/16242, time remaining: 1m 21s
Rendered 15067/16242, time remaining: 1m 20s
Rendered 15068/16242, time remaining: 1m 20s
Rendered 15069/16242, time remaining: 1m 20s
Rendered 15070/16242, time remaining: 1m 20s
Rendered 15071/16242, time remaining: 1m 20s
Rendered 15072/16242, time remaining: 1m 20s
Rendered 15073/16242, time remaining: 1m 20s
Rendered 15074/16242, time remaining: 1m 20s
Rendered 15075/16242, time remaining: 1m 20s
Rendered 15076/16242, time remaining: 1m 20s
Rendered 15077/16242, time remaining: 1m 20s
Rendered 15078/16242, time remaining: 1m 20s
Rendered 15079/16242, time remaining: 1m 20s
Rendered 15080/16242, time remaining: 1m 20s
Rendered 15081/16242, time remaining: 1m 19s
Rendered 15082/16242, time remaining: 1m 19s
Rendered 15083/16242, time remaining: 1m 19s
Rendered 15084/16242, time remaining: 1m 19s
Rendered 15085/16242, time remaining: 1m 19s
Rendered 15086/16242, time remaining: 1m 19s
Rendered 15087/16242, time remaining: 1m 19s
Rendered 15088/16242, time remaining: 1m 19s
Rendered 15089/16242, time remaining: 1m 19s
Rendered 15090/16242, time remaining: 1m 19s
Rendered 15091/16242, time remaining: 1m 19s
Rendered 15092/16242, time remaining: 1m 19s
Rendered 15093/16242, time remaining: 1m 19s
Rendered 15094/16242, time remaining: 1m 19s
Rendered 15095/16242, time remaining: 1m 19s
Rendered 15096/16242, time remaining: 1m 18s
Rendered 15097/16242, time remaining: 1m 18s
Rendered 15098/16242, time remaining: 1m 18s
Rendered 15099/16242, time remaining: 1m 18s
Rendered 15100/16242, time remaining: 1m 18s
Rendered 15101/16242, time remaining: 1m 18s
Rendered 15102/16242, time remaining: 1m 18s
Rendered 15103/16242, time remaining: 1m 18s
Rendered 15104/16242, time remaining: 1m 18s
Rendered 15105/16242, time remaining: 1m 18s
Rendered 15106/16242, time remaining: 1m 18s
Rendered 15107/16242, time remaining: 1m 18s
Rendered 15108/16242, time remaining: 1m 18s
Rendered 15109/16242, time remaining: 1m 18s
Rendered 15110/16242, time remaining: 1m 17s
Rendered 15111/16242, time remaining: 1m 17s
Rendered 15112/16242, time remaining: 1m 17s
Rendered 15113/16242, time remaining: 1m 17s
Rendered 15114/16242, time remaining: 1m 17s
Rendered 15115/16242, time remaining: 1m 17s
Rendered 15116/16242, time remaining: 1m 17s
Rendered 15117/16242, time remaining: 1m 17s
Rendered 15118/16242, time remaining: 1m 17s
Rendered 15119/16242, time remaining: 1m 17s
Rendered 15120/16242, time remaining: 1m 17s
Rendered 15121/16242, time remaining: 1m 17s
Rendered 15122/16242, time remaining: 1m 17s
Rendered 15123/16242, time remaining: 1m 17s
Rendered 15124/16242, time remaining: 1m 17s
Rendered 15125/16242, time remaining: 1m 16s
Rendered 15126/16242, time remaining: 1m 16s
Rendered 15127/16242, time remaining: 1m 16s
Rendered 15128/16242, time remaining: 1m 16s
Rendered 15129/16242, time remaining: 1m 16s
Rendered 15130/16242, time remaining: 1m 16s
Rendered 15131/16242, time remaining: 1m 16s
Rendered 15132/16242, time remaining: 1m 16s
Rendered 15133/16242, time remaining: 1m 16s
Rendered 15134/16242, time remaining: 1m 16s
Rendered 15135/16242, time remaining: 1m 16s
Rendered 15136/16242, time remaining: 1m 16s
Rendered 15137/16242, time remaining: 1m 16s
Rendered 15138/16242, time remaining: 1m 16s
Rendered 15139/16242, time remaining: 1m 15s
Rendered 15140/16242, time remaining: 1m 15s
Rendered 15141/16242, time remaining: 1m 15s
Rendered 15142/16242, time remaining: 1m 15s
Rendered 15143/16242, time remaining: 1m 15s
Rendered 15144/16242, time remaining: 1m 15s
Rendered 15145/16242, time remaining: 1m 15s
Rendered 15146/16242, time remaining: 1m 15s
Rendered 15147/16242, time remaining: 1m 15s
Rendered 15148/16242, time remaining: 1m 15s
Rendered 15149/16242, time remaining: 1m 15s
Rendered 15150/16242, time remaining: 1m 15s
Rendered 15151/16242, time remaining: 1m 15s
Rendered 15152/16242, time remaining: 1m 15s
Rendered 15153/16242, time remaining: 1m 15s
Rendered 15154/16242, time remaining: 1m 14s
Rendered 15155/16242, time remaining: 1m 14s
Rendered 15156/16242, time remaining: 1m 14s
Rendered 15157/16242, time remaining: 1m 14s
Rendered 15158/16242, time remaining: 1m 14s
Rendered 15159/16242, time remaining: 1m 14s
Rendered 15160/16242, time remaining: 1m 14s
Rendered 15161/16242, time remaining: 1m 14s
Rendered 15162/16242, time remaining: 1m 14s
Rendered 15163/16242, time remaining: 1m 14s
Rendered 15164/16242, time remaining: 1m 14s
Rendered 15165/16242, time remaining: 1m 14s
Rendered 15166/16242, time remaining: 1m 14s
Rendered 15167/16242, time remaining: 1m 14s
Rendered 15168/16242, time remaining: 1m 13s
Rendered 15169/16242, time remaining: 1m 13s
Rendered 15170/16242, time remaining: 1m 13s
Rendered 15171/16242, time remaining: 1m 13s
Rendered 15172/16242, time remaining: 1m 13s
Rendered 15173/16242, time remaining: 1m 13s
Rendered 15174/16242, time remaining: 1m 13s
Rendered 15175/16242, time remaining: 1m 13s
Rendered 15176/16242, time remaining: 1m 13s
Rendered 15177/16242, time remaining: 1m 13s
Rendered 15178/16242, time remaining: 1m 13s
Rendered 15179/16242, time remaining: 1m 13s
Rendered 15180/16242, time remaining: 1m 13s
Rendered 15181/16242, time remaining: 1m 13s
Rendered 15182/16242, time remaining: 1m 13s
Rendered 15183/16242, time remaining: 1m 12s
Rendered 15184/16242, time remaining: 1m 12s
Rendered 15185/16242, time remaining: 1m 12s
Rendered 15186/16242, time remaining: 1m 12s
Rendered 15187/16242, time remaining: 1m 12s
Rendered 15188/16242, time remaining: 1m 12s
Rendered 15189/16242, time remaining: 1m 12s
Rendered 15190/16242, time remaining: 1m 12s
Rendered 15191/16242, time remaining: 1m 12s
Rendered 15192/16242, time remaining: 1m 12s
Rendered 15193/16242, time remaining: 1m 12s
Rendered 15194/16242, time remaining: 1m 12s
Rendered 15195/16242, time remaining: 1m 12s
Rendered 15196/16242, time remaining: 1m 12s
Rendered 15197/16242, time remaining: 1m 11s
Rendered 15198/16242, time remaining: 1m 11s
Rendered 15199/16242, time remaining: 1m 11s
Rendered 15200/16242, time remaining: 1m 11s
Rendered 15201/16242, time remaining: 1m 11s
Rendered 15202/16242, time remaining: 1m 11s
Rendered 15203/16242, time remaining: 1m 11s
Rendered 15204/16242, time remaining: 1m 11s
Rendered 15205/16242, time remaining: 1m 11s
Rendered 15206/16242, time remaining: 1m 11s
Rendered 15207/16242, time remaining: 1m 11s
Rendered 15208/16242, time remaining: 1m 11s
Rendered 15209/16242, time remaining: 1m 11s
Rendered 15210/16242, time remaining: 1m 11s
Rendered 15211/16242, time remaining: 1m 11s
Rendered 15212/16242, time remaining: 1m 10s
Rendered 15213/16242, time remaining: 1m 10s
Rendered 15214/16242, time remaining: 1m 10s
Rendered 15215/16242, time remaining: 1m 10s
Rendered 15216/16242, time remaining: 1m 10s
Rendered 15217/16242, time remaining: 1m 10s
Rendered 15218/16242, time remaining: 1m 10s
Rendered 15219/16242, time remaining: 1m 10s
Rendered 15220/16242, time remaining: 1m 10s
Rendered 15221/16242, time remaining: 1m 10s
Rendered 15222/16242, time remaining: 1m 10s
Rendered 15223/16242, time remaining: 1m 10s
Rendered 15224/16242, time remaining: 1m 10s
Rendered 15225/16242, time remaining: 1m 10s
Rendered 15226/16242, time remaining: 1m 9s
Rendered 15227/16242, time remaining: 1m 9s
Rendered 15228/16242, time remaining: 1m 9s
Rendered 15229/16242, time remaining: 1m 9s
Rendered 15230/16242, time remaining: 1m 9s
Rendered 15231/16242, time remaining: 1m 9s
Rendered 15232/16242, time remaining: 1m 9s
Rendered 15233/16242, time remaining: 1m 9s
Rendered 15234/16242, time remaining: 1m 9s
Rendered 15235/16242, time remaining: 1m 9s
Rendered 15236/16242, time remaining: 1m 9s
Rendered 15237/16242, time remaining: 1m 9s
Rendered 15238/16242, time remaining: 1m 9s
Rendered 15239/16242, time remaining: 1m 9s
Rendered 15240/16242, time remaining: 1m 9s
Rendered 15241/16242, time remaining: 1m 8s
Rendered 15242/16242, time remaining: 1m 8s
Rendered 15243/16242, time remaining: 1m 8s
Rendered 15244/16242, time remaining: 1m 8s
Rendered 15245/16242, time remaining: 1m 8s
Rendered 15246/16242, time remaining: 1m 8s
Rendered 15247/16242, time remaining: 1m 8s
Rendered 15248/16242, time remaining: 1m 8s
Rendered 15249/16242, time remaining: 1m 8s
Rendered 15250/16242, time remaining: 1m 8s
Rendered 15251/16242, time remaining: 1m 8s
Rendered 15252/16242, time remaining: 1m 8s
Rendered 15253/16242, time remaining: 1m 8s
Rendered 15254/16242, time remaining: 1m 8s
Rendered 15255/16242, time remaining: 1m 7s
Rendered 15256/16242, time remaining: 1m 7s
Rendered 15257/16242, time remaining: 1m 7s
Rendered 15258/16242, time remaining: 1m 7s
Rendered 15259/16242, time remaining: 1m 7s
Rendered 15260/16242, time remaining: 1m 7s
Rendered 15261/16242, time remaining: 1m 7s
Rendered 15262/16242, time remaining: 1m 7s
Rendered 15263/16242, time remaining: 1m 7s
Rendered 15264/16242, time remaining: 1m 7s
Rendered 15265/16242, time remaining: 1m 7s
Rendered 15266/16242, time remaining: 1m 7s
Rendered 15267/16242, time remaining: 1m 7s
Rendered 15268/16242, time remaining: 1m 7s
Rendered 15269/16242, time remaining: 1m 7s
Rendered 15270/16242, time remaining: 1m 6s
Rendered 15271/16242, time remaining: 1m 6s
Rendered 15272/16242, time remaining: 1m 6s
Rendered 15273/16242, time remaining: 1m 6s
Rendered 15274/16242, time remaining: 1m 6s
Rendered 15275/16242, time remaining: 1m 6s
Rendered 15276/16242, time remaining: 1m 6s
Rendered 15277/16242, time remaining: 1m 6s
Rendered 15278/16242, time remaining: 1m 6s
Rendered 15279/16242, time remaining: 1m 6s
Rendered 15280/16242, time remaining: 1m 6s
Rendered 15281/16242, time remaining: 1m 6s
Rendered 15282/16242, time remaining: 1m 6s
Rendered 15283/16242, time remaining: 1m 6s
Rendered 15284/16242, time remaining: 1m 5s
Rendered 15285/16242, time remaining: 1m 5s
Rendered 15286/16242, time remaining: 1m 5s
Rendered 15287/16242, time remaining: 1m 5s
Rendered 15288/16242, time remaining: 1m 5s
Rendered 15289/16242, time remaining: 1m 5s
Rendered 15290/16242, time remaining: 1m 5s
Rendered 15291/16242, time remaining: 1m 5s
Rendered 15292/16242, time remaining: 1m 5s
Rendered 15293/16242, time remaining: 1m 5s
Rendered 15294/16242, time remaining: 1m 5s
Rendered 15295/16242, time remaining: 1m 5s
Rendered 15296/16242, time remaining: 1m 5s
Rendered 15297/16242, time remaining: 1m 5s
Rendered 15298/16242, time remaining: 1m 5s
Rendered 15299/16242, time remaining: 1m 4s
Rendered 15300/16242, time remaining: 1m 4s
Rendered 15301/16242, time remaining: 1m 4s
Rendered 15302/16242, time remaining: 1m 4s
Rendered 15303/16242, time remaining: 1m 4s
Rendered 15304/16242, time remaining: 1m 4s
Rendered 15305/16242, time remaining: 1m 4s
Rendered 15306/16242, time remaining: 1m 4s
Rendered 15307/16242, time remaining: 1m 4s
Rendered 15308/16242, time remaining: 1m 4s
Rendered 15309/16242, time remaining: 1m 4s
Rendered 15310/16242, time remaining: 1m 4s
Rendered 15311/16242, time remaining: 1m 4s
Rendered 15312/16242, time remaining: 1m 4s
Rendered 15313/16242, time remaining: 1m 3s
Rendered 15314/16242, time remaining: 1m 3s
Rendered 15315/16242, time remaining: 1m 3s
Rendered 15316/16242, time remaining: 1m 3s
Rendered 15317/16242, time remaining: 1m 3s
Rendered 15318/16242, time remaining: 1m 3s
Rendered 15319/16242, time remaining: 1m 3s
Rendered 15320/16242, time remaining: 1m 3s
Rendered 15321/16242, time remaining: 1m 3s
Rendered 15322/16242, time remaining: 1m 3s
Rendered 15323/16242, time remaining: 1m 3s
Rendered 15324/16242, time remaining: 1m 3s
Rendered 15325/16242, time remaining: 1m 3s
Rendered 15326/16242, time remaining: 1m 3s
Rendered 15327/16242, time remaining: 1m 3s
Rendered 15328/16242, time remaining: 1m 2s
Rendered 15329/16242, time remaining: 1m 2s
Rendered 15330/16242, time remaining: 1m 2s
Rendered 15331/16242, time remaining: 1m 2s
Rendered 15332/16242, time remaining: 1m 2s
Rendered 15333/16242, time remaining: 1m 2s
Rendered 15334/16242, time remaining: 1m 2s
Rendered 15335/16242, time remaining: 1m 2s
Rendered 15336/16242, time remaining: 1m 2s
Rendered 15337/16242, time remaining: 1m 2s
Rendered 15338/16242, time remaining: 1m 2s
Rendered 15339/16242, time remaining: 1m 2s
Rendered 15340/16242, time remaining: 1m 2s
Rendered 15341/16242, time remaining: 1m 2s
Rendered 15342/16242, time remaining: 1m 1s
Rendered 15343/16242, time remaining: 1m 1s
Rendered 15344/16242, time remaining: 1m 1s
Rendered 15345/16242, time remaining: 1m 1s
Rendered 15346/16242, time remaining: 1m 1s
Rendered 15347/16242, time remaining: 1m 1s
Rendered 15348/16242, time remaining: 1m 1s
Rendered 15349/16242, time remaining: 1m 1s
Rendered 15350/16242, time remaining: 1m 1s
Rendered 15351/16242, time remaining: 1m 1s
Rendered 15352/16242, time remaining: 1m 1s
Rendered 15353/16242, time remaining: 1m 1s
Rendered 15354/16242, time remaining: 1m 1s
Rendered 15355/16242, time remaining: 1m 1s
Rendered 15356/16242, time remaining: 1m 1s
Rendered 15357/16242, time remaining: 1m 0s
Rendered 15358/16242, time remaining: 1m 0s
Rendered 15359/16242, time remaining: 1m 0s
Rendered 15360/16242, time remaining: 1m 0s
Rendered 15361/16242, time remaining: 1m 0s
Rendered 15362/16242, time remaining: 1m 0s
Rendered 15363/16242, time remaining: 1m 0s
Rendered 15364/16242, time remaining: 1m 0s
Rendered 15365/16242, time remaining: 1m 0s
Rendered 15366/16242, time remaining: 1m 0s
Rendered 15367/16242, time remaining: 1m 0s
Rendered 15368/16242, time remaining: 1m 0s
Rendered 15369/16242, time remaining: 1m 0s
Rendered 15370/16242, time remaining: 1m 0s
Rendered 15371/16242, time remaining: 59s
Rendered 15372/16242, time remaining: 59s
Rendered 15373/16242, time remaining: 59s
Rendered 15374/16242, time remaining: 59s
Rendered 15375/16242, time remaining: 59s
Rendered 15376/16242, time remaining: 59s
Rendered 15377/16242, time remaining: 59s
Rendered 15378/16242, time remaining: 59s
Rendered 15379/16242, time remaining: 59s
Rendered 15380/16242, time remaining: 59s
Rendered 15381/16242, time remaining: 59s
Rendered 15382/16242, time remaining: 59s
Rendered 15383/16242, time remaining: 59s
Rendered 15384/16242, time remaining: 59s
Rendered 15385/16242, time remaining: 59s
Rendered 15386/16242, time remaining: 58s
Rendered 15387/16242, time remaining: 58s
Rendered 15388/16242, time remaining: 58s
Rendered 15389/16242, time remaining: 58s
Rendered 15390/16242, time remaining: 58s
Rendered 15391/16242, time remaining: 58s
Rendered 15392/16242, time remaining: 58s
Rendered 15393/16242, time remaining: 58s
Rendered 15394/16242, time remaining: 58s
Rendered 15395/16242, time remaining: 58s
Rendered 15396/16242, time remaining: 58s
Rendered 15397/16242, time remaining: 58s
Rendered 15398/16242, time remaining: 58s
Rendered 15399/16242, time remaining: 58s
Rendered 15400/16242, time remaining: 57s
Rendered 15401/16242, time remaining: 57s
Rendered 15402/16242, time remaining: 57s
Rendered 15403/16242, time remaining: 57s
Rendered 15404/16242, time remaining: 57s
Rendered 15405/16242, time remaining: 57s
Rendered 15406/16242, time remaining: 57s
Rendered 15407/16242, time remaining: 57s
Rendered 15408/16242, time remaining: 57s
Rendered 15409/16242, time remaining: 57s
Rendered 15410/16242, time remaining: 57s
Rendered 15411/16242, time remaining: 57s
Rendered 15412/16242, time remaining: 57s
Rendered 15413/16242, time remaining: 57s
Rendered 15414/16242, time remaining: 57s
Rendered 15415/16242, time remaining: 56s
Rendered 15416/16242, time remaining: 56s
Rendered 15417/16242, time remaining: 56s
Rendered 15418/16242, time remaining: 56s
Rendered 15419/16242, time remaining: 56s
Rendered 15420/16242, time remaining: 56s
Rendered 15421/16242, time remaining: 56s
Rendered 15422/16242, time remaining: 56s
Rendered 15423/16242, time remaining: 56s
Rendered 15424/16242, time remaining: 56s
Rendered 15425/16242, time remaining: 56s
Rendered 15426/16242, time remaining: 56s
Rendered 15427/16242, time remaining: 56s
Rendered 15428/16242, time remaining: 56s
Rendered 15429/16242, time remaining: 55s
Rendered 15430/16242, time remaining: 55s
Rendered 15431/16242, time remaining: 55s
Rendered 15432/16242, time remaining: 55s
Rendered 15433/16242, time remaining: 55s
Rendered 15434/16242, time remaining: 55s
Rendered 15435/16242, time remaining: 55s
Rendered 15436/16242, time remaining: 55s
Rendered 15437/16242, time remaining: 55s
Rendered 15438/16242, time remaining: 55s
Rendered 15439/16242, time remaining: 55s
Rendered 15440/16242, time remaining: 55s
Rendered 15441/16242, time remaining: 55s
Rendered 15442/16242, time remaining: 55s
Rendered 15443/16242, time remaining: 55s
Rendered 15444/16242, time remaining: 54s
Rendered 15445/16242, time remaining: 54s
Rendered 15446/16242, time remaining: 54s
Rendered 15447/16242, time remaining: 54s
Rendered 15448/16242, time remaining: 54s
Rendered 15449/16242, time remaining: 54s
Rendered 15450/16242, time remaining: 54s
Rendered 15451/16242, time remaining: 54s
Rendered 15452/16242, time remaining: 54s
Rendered 15453/16242, time remaining: 54s
Rendered 15454/16242, time remaining: 54s
Rendered 15455/16242, time remaining: 54s
Rendered 15456/16242, time remaining: 54s
Rendered 15457/16242, time remaining: 54s
Rendered 15458/16242, time remaining: 53s
Rendered 15459/16242, time remaining: 53s
Rendered 15460/16242, time remaining: 53s
Rendered 15461/16242, time remaining: 53s
Rendered 15462/16242, time remaining: 53s
Rendered 15463/16242, time remaining: 53s
Rendered 15464/16242, time remaining: 53s
Rendered 15465/16242, time remaining: 53s
Rendered 15466/16242, time remaining: 53s
Rendered 15467/16242, time remaining: 53s
Rendered 15468/16242, time remaining: 53s
Rendered 15469/16242, time remaining: 53s
Rendered 15470/16242, time remaining: 53s
Rendered 15471/16242, time remaining: 53s
Rendered 15472/16242, time remaining: 53s
Rendered 15473/16242, time remaining: 52s
Rendered 15474/16242, time remaining: 52s
Rendered 15475/16242, time remaining: 52s
Rendered 15476/16242, time remaining: 52s
Rendered 15477/16242, time remaining: 52s
Rendered 15478/16242, time remaining: 52s
Rendered 15479/16242, time remaining: 52s
Rendered 15480/16242, time remaining: 52s
Rendered 15481/16242, time remaining: 52s
Rendered 15482/16242, time remaining: 52s
Rendered 15483/16242, time remaining: 52s
Rendered 15484/16242, time remaining: 52s
Rendered 15485/16242, time remaining: 52s
Rendered 15486/16242, time remaining: 52s
Rendered 15487/16242, time remaining: 51s
Rendered 15488/16242, time remaining: 51s
Rendered 15489/16242, time remaining: 51s
Rendered 15490/16242, time remaining: 51s
Rendered 15491/16242, time remaining: 51s
Rendered 15492/16242, time remaining: 51s
Rendered 15493/16242, time remaining: 51s
Rendered 15494/16242, time remaining: 51s
Rendered 15495/16242, time remaining: 51s
Rendered 15496/16242, time remaining: 51s
Rendered 15497/16242, time remaining: 51s
Rendered 15498/16242, time remaining: 51s
Rendered 15499/16242, time remaining: 51s
Rendered 15500/16242, time remaining: 51s
Rendered 15501/16242, time remaining: 51s
Rendered 15502/16242, time remaining: 50s
Rendered 15503/16242, time remaining: 50s
Rendered 15504/16242, time remaining: 50s
Rendered 15505/16242, time remaining: 50s
Rendered 15506/16242, time remaining: 50s
Rendered 15507/16242, time remaining: 50s
Rendered 15508/16242, time remaining: 50s
Rendered 15509/16242, time remaining: 50s
Rendered 15510/16242, time remaining: 50s
Rendered 15511/16242, time remaining: 50s
Rendered 15512/16242, time remaining: 50s
Rendered 15513/16242, time remaining: 50s
Rendered 15514/16242, time remaining: 50s
Rendered 15515/16242, time remaining: 50s
Rendered 15516/16242, time remaining: 49s
Rendered 15517/16242, time remaining: 49s
Rendered 15518/16242, time remaining: 49s
Rendered 15519/16242, time remaining: 49s
Rendered 15520/16242, time remaining: 49s
Rendered 15521/16242, time remaining: 49s
Rendered 15522/16242, time remaining: 49s
Rendered 15523/16242, time remaining: 49s
Rendered 15524/16242, time remaining: 49s
Rendered 15525/16242, time remaining: 49s
Rendered 15526/16242, time remaining: 49s
Rendered 15527/16242, time remaining: 49s
Rendered 15528/16242, time remaining: 49s
Rendered 15529/16242, time remaining: 49s
Rendered 15530/16242, time remaining: 49s
Rendered 15531/16242, time remaining: 48s
Rendered 15532/16242, time remaining: 48s
Rendered 15533/16242, time remaining: 48s
Rendered 15534/16242, time remaining: 48s
Rendered 15535/16242, time remaining: 48s
Rendered 15536/16242, time remaining: 48s
Rendered 15537/16242, time remaining: 48s
Rendered 15538/16242, time remaining: 48s
Rendered 15539/16242, time remaining: 48s
Rendered 15540/16242, time remaining: 48s
Rendered 15541/16242, time remaining: 48s
Rendered 15542/16242, time remaining: 48s
Rendered 15543/16242, time remaining: 48s
Rendered 15544/16242, time remaining: 48s
Rendered 15545/16242, time remaining: 47s
Rendered 15546/16242, time remaining: 47s
Rendered 15547/16242, time remaining: 47s
Rendered 15548/16242, time remaining: 47s
Rendered 15549/16242, time remaining: 47s
Rendered 15550/16242, time remaining: 47s
Rendered 15551/16242, time remaining: 47s
Rendered 15552/16242, time remaining: 47s
Rendered 15553/16242, time remaining: 47s
Rendered 15554/16242, time remaining: 47s
Rendered 15555/16242, time remaining: 47s
Rendered 15556/16242, time remaining: 47s
Rendered 15557/16242, time remaining: 47s
Rendered 15558/16242, time remaining: 47s
Rendered 15559/16242, time remaining: 47s
Rendered 15560/16242, time remaining: 46s
Rendered 15561/16242, time remaining: 46s
Rendered 15562/16242, time remaining: 46s
Rendered 15563/16242, time remaining: 46s
Rendered 15564/16242, time remaining: 46s
Rendered 15565/16242, time remaining: 46s
Rendered 15566/16242, time remaining: 46s
Rendered 15567/16242, time remaining: 46s
Rendered 15568/16242, time remaining: 46s
Rendered 15569/16242, time remaining: 46s
Rendered 15570/16242, time remaining: 46s
Rendered 15571/16242, time remaining: 46s
Rendered 15572/16242, time remaining: 46s
Rendered 15573/16242, time remaining: 46s
Rendered 15574/16242, time remaining: 45s
Rendered 15575/16242, time remaining: 45s
Rendered 15576/16242, time remaining: 45s
Rendered 15577/16242, time remaining: 45s
Rendered 15578/16242, time remaining: 45s
Rendered 15579/16242, time remaining: 45s
Rendered 15580/16242, time remaining: 45s
Rendered 15581/16242, time remaining: 45s
Rendered 15582/16242, time remaining: 45s
Rendered 15583/16242, time remaining: 45s
Rendered 15584/16242, time remaining: 45s
Rendered 15585/16242, time remaining: 45s
Rendered 15586/16242, time remaining: 45s
Rendered 15587/16242, time remaining: 45s
Rendered 15588/16242, time remaining: 45s
Rendered 15589/16242, time remaining: 44s
Rendered 15590/16242, time remaining: 44s
Rendered 15591/16242, time remaining: 44s
Rendered 15592/16242, time remaining: 44s
Rendered 15593/16242, time remaining: 44s
Rendered 15594/16242, time remaining: 44s
Rendered 15595/16242, time remaining: 44s
Rendered 15596/16242, time remaining: 44s
Rendered 15597/16242, time remaining: 44s
Rendered 15598/16242, time remaining: 44s
Rendered 15599/16242, time remaining: 44s
Rendered 15600/16242, time remaining: 44s
Rendered 15601/16242, time remaining: 44s
Rendered 15602/16242, time remaining: 44s
Rendered 15603/16242, time remaining: 43s
Rendered 15604/16242, time remaining: 43s
Rendered 15605/16242, time remaining: 43s
Rendered 15606/16242, time remaining: 43s
Rendered 15607/16242, time remaining: 43s
Rendered 15608/16242, time remaining: 43s
Rendered 15609/16242, time remaining: 43s
Rendered 15610/16242, time remaining: 43s
Rendered 15611/16242, time remaining: 43s
Rendered 15612/16242, time remaining: 43s
Rendered 15613/16242, time remaining: 43s
Rendered 15614/16242, time remaining: 43s
Rendered 15615/16242, time remaining: 43s
Rendered 15616/16242, time remaining: 43s
Rendered 15617/16242, time remaining: 43s
Rendered 15618/16242, time remaining: 42s
Rendered 15619/16242, time remaining: 42s
Rendered 15620/16242, time remaining: 42s
Rendered 15621/16242, time remaining: 42s
Rendered 15622/16242, time remaining: 42s
Rendered 15623/16242, time remaining: 42s
Rendered 15624/16242, time remaining: 42s
Rendered 15625/16242, time remaining: 42s
Rendered 15626/16242, time remaining: 42s
Rendered 15627/16242, time remaining: 42s
Rendered 15628/16242, time remaining: 42s
Rendered 15629/16242, time remaining: 42s
Rendered 15630/16242, time remaining: 42s
Rendered 15631/16242, time remaining: 42s
Rendered 15632/16242, time remaining: 41s
Rendered 15633/16242, time remaining: 41s
Rendered 15634/16242, time remaining: 41s
Rendered 15635/16242, time remaining: 41s
Rendered 15636/16242, time remaining: 41s
Rendered 15637/16242, time remaining: 41s
Rendered 15638/16242, time remaining: 41s
Rendered 15639/16242, time remaining: 41s
Rendered 15640/16242, time remaining: 41s
Rendered 15641/16242, time remaining: 41s
Rendered 15642/16242, time remaining: 41s
Rendered 15643/16242, time remaining: 41s
Rendered 15644/16242, time remaining: 41s
Rendered 15645/16242, time remaining: 41s
Rendered 15646/16242, time remaining: 41s
Rendered 15647/16242, time remaining: 40s
Rendered 15648/16242, time remaining: 40s
Rendered 15649/16242, time remaining: 40s
Rendered 15650/16242, time remaining: 40s
Rendered 15651/16242, time remaining: 40s
Rendered 15652/16242, time remaining: 40s
Rendered 15653/16242, time remaining: 40s
Rendered 15654/16242, time remaining: 40s
Rendered 15655/16242, time remaining: 40s
Rendered 15656/16242, time remaining: 40s
Rendered 15657/16242, time remaining: 40s
Rendered 15658/16242, time remaining: 40s
Rendered 15659/16242, time remaining: 40s
Rendered 15660/16242, time remaining: 40s
Rendered 15661/16242, time remaining: 39s
Rendered 15662/16242, time remaining: 39s
Rendered 15663/16242, time remaining: 39s
Rendered 15664/16242, time remaining: 39s
Rendered 15665/16242, time remaining: 39s
Rendered 15666/16242, time remaining: 39s
Rendered 15667/16242, time remaining: 39s
Rendered 15668/16242, time remaining: 39s
Rendered 15669/16242, time remaining: 39s
Rendered 15670/16242, time remaining: 39s
Rendered 15671/16242, time remaining: 39s
Rendered 15672/16242, time remaining: 39s
Rendered 15673/16242, time remaining: 39s
Rendered 15674/16242, time remaining: 39s
Rendered 15675/16242, time remaining: 39s
Rendered 15676/16242, time remaining: 38s
Rendered 15677/16242, time remaining: 38s
Rendered 15678/16242, time remaining: 38s
Rendered 15679/16242, time remaining: 38s
Rendered 15680/16242, time remaining: 38s
Rendered 15681/16242, time remaining: 38s
Rendered 15682/16242, time remaining: 38s
Rendered 15683/16242, time remaining: 38s
Rendered 15684/16242, time remaining: 38s
Rendered 15685/16242, time remaining: 38s
Rendered 15686/16242, time remaining: 38s
Rendered 15687/16242, time remaining: 38s
Rendered 15688/16242, time remaining: 38s
Rendered 15689/16242, time remaining: 38s
Rendered 15690/16242, time remaining: 37s
Rendered 15691/16242, time remaining: 37s
Rendered 15692/16242, time remaining: 37s
Rendered 15693/16242, time remaining: 37s
Rendered 15694/16242, time remaining: 37s
Rendered 15695/16242, time remaining: 37s
Rendered 15696/16242, time remaining: 37s
Rendered 15697/16242, time remaining: 37s
Rendered 15698/16242, time remaining: 37s
Rendered 15699/16242, time remaining: 37s
Rendered 15700/16242, time remaining: 37s
Rendered 15701/16242, time remaining: 37s
Rendered 15702/16242, time remaining: 37s
Rendered 15703/16242, time remaining: 37s
Rendered 15704/16242, time remaining: 37s
Rendered 15705/16242, time remaining: 36s
Rendered 15706/16242, time remaining: 36s
Rendered 15707/16242, time remaining: 36s
Rendered 15708/16242, time remaining: 36s
Rendered 15709/16242, time remaining: 36s
Rendered 15710/16242, time remaining: 36s
Rendered 15711/16242, time remaining: 36s
Rendered 15712/16242, time remaining: 36s
Rendered 15713/16242, time remaining: 36s
Rendered 15714/16242, time remaining: 36s
Rendered 15715/16242, time remaining: 36s
Rendered 15716/16242, time remaining: 36s
Rendered 15717/16242, time remaining: 36s
Rendered 15718/16242, time remaining: 36s
Rendered 15719/16242, time remaining: 35s
Rendered 15720/16242, time remaining: 35s
Rendered 15721/16242, time remaining: 35s
Rendered 15722/16242, time remaining: 35s
Rendered 15723/16242, time remaining: 35s
Rendered 15724/16242, time remaining: 35s
Rendered 15725/16242, time remaining: 35s
Rendered 15726/16242, time remaining: 35s
Rendered 15727/16242, time remaining: 35s
Rendered 15728/16242, time remaining: 35s
Rendered 15729/16242, time remaining: 35s
Rendered 15730/16242, time remaining: 35s
Rendered 15731/16242, time remaining: 35s
Rendered 15732/16242, time remaining: 35s
Rendered 15733/16242, time remaining: 35s
Rendered 15734/16242, time remaining: 34s
Rendered 15735/16242, time remaining: 34s
Rendered 15736/16242, time remaining: 34s
Rendered 15737/16242, time remaining: 34s
Rendered 15738/16242, time remaining: 34s
Rendered 15739/16242, time remaining: 34s
Rendered 15740/16242, time remaining: 34s
Rendered 15741/16242, time remaining: 34s
Rendered 15742/16242, time remaining: 34s
Rendered 15743/16242, time remaining: 34s
Rendered 15744/16242, time remaining: 34s
Rendered 15745/16242, time remaining: 34s
Rendered 15746/16242, time remaining: 34s
Rendered 15747/16242, time remaining: 34s
Rendered 15748/16242, time remaining: 33s
Rendered 15749/16242, time remaining: 33s
Rendered 15750/16242, time remaining: 33s
Rendered 15751/16242, time remaining: 33s
Rendered 15752/16242, time remaining: 33s
Rendered 15753/16242, time remaining: 33s
Rendered 15754/16242, time remaining: 33s
Rendered 15755/16242, time remaining: 33s
Rendered 15756/16242, time remaining: 33s
Rendered 15757/16242, time remaining: 33s
Rendered 15758/16242, time remaining: 33s
Rendered 15759/16242, time remaining: 33s
Rendered 15760/16242, time remaining: 33s
Rendered 15761/16242, time remaining: 33s
Rendered 15762/16242, time remaining: 33s
Rendered 15763/16242, time remaining: 32s
Rendered 15764/16242, time remaining: 32s
Rendered 15765/16242, time remaining: 32s
Rendered 15766/16242, time remaining: 32s
Rendered 15767/16242, time remaining: 32s
Rendered 15768/16242, time remaining: 32s
Rendered 15769/16242, time remaining: 32s
Rendered 15770/16242, time remaining: 32s
Rendered 15771/16242, time remaining: 32s
Rendered 15772/16242, time remaining: 32s
Rendered 15773/16242, time remaining: 32s
Rendered 15774/16242, time remaining: 32s
Rendered 15775/16242, time remaining: 32s
Rendered 15776/16242, time remaining: 32s
Rendered 15777/16242, time remaining: 31s
Rendered 15778/16242, time remaining: 31s
Rendered 15779/16242, time remaining: 31s
Rendered 15780/16242, time remaining: 31s
Rendered 15781/16242, time remaining: 31s
Rendered 15782/16242, time remaining: 31s
Rendered 15783/16242, time remaining: 31s
Rendered 15784/16242, time remaining: 31s
Rendered 15785/16242, time remaining: 31s
Rendered 15786/16242, time remaining: 31s
Rendered 15787/16242, time remaining: 31s
Rendered 15788/16242, time remaining: 31s
Rendered 15789/16242, time remaining: 31s
Rendered 15790/16242, time remaining: 31s
Rendered 15791/16242, time remaining: 31s
Rendered 15792/16242, time remaining: 30s
Rendered 15793/16242, time remaining: 30s
Rendered 15794/16242, time remaining: 30s
Rendered 15795/16242, time remaining: 30s
Rendered 15796/16242, time remaining: 30s
Rendered 15797/16242, time remaining: 30s
Rendered 15798/16242, time remaining: 30s
Rendered 15799/16242, time remaining: 30s
Rendered 15800/16242, time remaining: 30s
Rendered 15801/16242, time remaining: 30s
Rendered 15802/16242, time remaining: 30s
Rendered 15803/16242, time remaining: 30s
Rendered 15804/16242, time remaining: 30s
Rendered 15805/16242, time remaining: 30s
Rendered 15806/16242, time remaining: 29s
Rendered 15807/16242, time remaining: 29s
Rendered 15808/16242, time remaining: 29s
Rendered 15809/16242, time remaining: 29s
Rendered 15810/16242, time remaining: 29s
Rendered 15811/16242, time remaining: 29s
Rendered 15812/16242, time remaining: 29s
Rendered 15813/16242, time remaining: 29s
Rendered 15814/16242, time remaining: 29s
Rendered 15815/16242, time remaining: 29s
Rendered 15816/16242, time remaining: 29s
Rendered 15817/16242, time remaining: 29s
Rendered 15818/16242, time remaining: 29s
Rendered 15819/16242, time remaining: 29s
Rendered 15820/16242, time remaining: 29s
Rendered 15821/16242, time remaining: 28s
Rendered 15822/16242, time remaining: 28s
Rendered 15823/16242, time remaining: 28s
Rendered 15824/16242, time remaining: 28s
Rendered 15825/16242, time remaining: 28s
Rendered 15826/16242, time remaining: 28s
Rendered 15827/16242, time remaining: 28s
Rendered 15828/16242, time remaining: 28s
Rendered 15829/16242, time remaining: 28s
Rendered 15830/16242, time remaining: 28s
Rendered 15831/16242, time remaining: 28s
Rendered 15832/16242, time remaining: 28s
Rendered 15833/16242, time remaining: 28s
Rendered 15834/16242, time remaining: 28s
Rendered 15835/16242, time remaining: 28s
Rendered 15836/16242, time remaining: 27s
Rendered 15837/16242, time remaining: 27s
Rendered 15838/16242, time remaining: 27s
Rendered 15839/16242, time remaining: 27s
Rendered 15840/16242, time remaining: 27s
Rendered 15841/16242, time remaining: 27s
Rendered 15842/16242, time remaining: 27s
Rendered 15843/16242, time remaining: 27s
Rendered 15844/16242, time remaining: 27s
Rendered 15845/16242, time remaining: 27s
Rendered 15846/16242, time remaining: 27s
Rendered 15847/16242, time remaining: 27s
Rendered 15848/16242, time remaining: 27s
Rendered 15849/16242, time remaining: 27s
Rendered 15850/16242, time remaining: 26s
Rendered 15851/16242, time remaining: 26s
Rendered 15852/16242, time remaining: 26s
Rendered 15853/16242, time remaining: 26s
Rendered 15854/16242, time remaining: 26s
Rendered 15855/16242, time remaining: 26s
Rendered 15856/16242, time remaining: 26s
Rendered 15857/16242, time remaining: 26s
Rendered 15858/16242, time remaining: 26s
Rendered 15859/16242, time remaining: 26s
Rendered 15860/16242, time remaining: 26s
Rendered 15861/16242, time remaining: 26s
Rendered 15862/16242, time remaining: 26s
Rendered 15863/16242, time remaining: 26s
Rendered 15864/16242, time remaining: 26s
Rendered 15865/16242, time remaining: 25s
Rendered 15866/16242, time remaining: 25s
Rendered 15867/16242, time remaining: 25s
Rendered 15868/16242, time remaining: 25s
Rendered 15869/16242, time remaining: 25s
Rendered 15870/16242, time remaining: 25s
Rendered 15871/16242, time remaining: 25s
Rendered 15872/16242, time remaining: 25s
Rendered 15873/16242, time remaining: 25s
Rendered 15874/16242, time remaining: 25s
Rendered 15875/16242, time remaining: 25s
Rendered 15876/16242, time remaining: 25s
Rendered 15877/16242, time remaining: 25s
Rendered 15878/16242, time remaining: 25s
Rendered 15879/16242, time remaining: 24s
Rendered 15880/16242, time remaining: 24s
Rendered 15881/16242, time remaining: 24s
Rendered 15882/16242, time remaining: 24s
Rendered 15883/16242, time remaining: 24s
Rendered 15884/16242, time remaining: 24s
Rendered 15885/16242, time remaining: 24s
Rendered 15886/16242, time remaining: 24s
Rendered 15887/16242, time remaining: 24s
Rendered 15888/16242, time remaining: 24s
Rendered 15889/16242, time remaining: 24s
Rendered 15890/16242, time remaining: 24s
Rendered 15891/16242, time remaining: 24s
Rendered 15892/16242, time remaining: 24s
Rendered 15893/16242, time remaining: 24s
Rendered 15894/16242, time remaining: 23s
Rendered 15895/16242, time remaining: 23s
Rendered 15896/16242, time remaining: 23s
Rendered 15897/16242, time remaining: 23s
Rendered 15898/16242, time remaining: 23s
Rendered 15899/16242, time remaining: 23s
Rendered 15900/16242, time remaining: 23s
Rendered 15901/16242, time remaining: 23s
Rendered 15902/16242, time remaining: 23s
Rendered 15903/16242, time remaining: 23s
Rendered 15904/16242, time remaining: 23s
Rendered 15905/16242, time remaining: 23s
Rendered 15906/16242, time remaining: 23s
Rendered 15907/16242, time remaining: 23s
Rendered 15908/16242, time remaining: 22s
Rendered 15909/16242, time remaining: 22s
Rendered 15910/16242, time remaining: 22s
Rendered 15911/16242, time remaining: 22s
Rendered 15912/16242, time remaining: 22s
Rendered 15913/16242, time remaining: 22s
Rendered 15914/16242, time remaining: 22s
Rendered 15915/16242, time remaining: 22s
Rendered 15916/16242, time remaining: 22s
Rendered 15917/16242, time remaining: 22s
Rendered 15918/16242, time remaining: 22s
Rendered 15919/16242, time remaining: 22s
Rendered 15920/16242, time remaining: 22s
Rendered 15921/16242, time remaining: 22s
Rendered 15922/16242, time remaining: 22s
Rendered 15923/16242, time remaining: 21s
Rendered 15924/16242, time remaining: 21s
Rendered 15925/16242, time remaining: 21s
Rendered 15926/16242, time remaining: 21s
Rendered 15927/16242, time remaining: 21s
Rendered 15928/16242, time remaining: 21s
Rendered 15929/16242, time remaining: 21s
Rendered 15930/16242, time remaining: 21s
Rendered 15931/16242, time remaining: 21s
Rendered 15932/16242, time remaining: 21s
Rendered 15933/16242, time remaining: 21s
Rendered 15934/16242, time remaining: 21s
Rendered 15935/16242, time remaining: 21s
Rendered 15936/16242, time remaining: 21s
Rendered 15937/16242, time remaining: 20s
Rendered 15938/16242, time remaining: 20s
Rendered 15939/16242, time remaining: 20s
Rendered 15940/16242, time remaining: 20s
Rendered 15941/16242, time remaining: 20s
Rendered 15942/16242, time remaining: 20s
Rendered 15943/16242, time remaining: 20s
Rendered 15944/16242, time remaining: 20s
Rendered 15945/16242, time remaining: 20s
Rendered 15946/16242, time remaining: 20s
Rendered 15947/16242, time remaining: 20s
Rendered 15948/16242, time remaining: 20s
Rendered 15949/16242, time remaining: 20s
Rendered 15950/16242, time remaining: 20s
Rendered 15951/16242, time remaining: 20s
Rendered 15952/16242, time remaining: 19s
Rendered 15953/16242, time remaining: 19s
Rendered 15954/16242, time remaining: 19s
Rendered 15955/16242, time remaining: 19s
Rendered 15956/16242, time remaining: 19s
Rendered 15957/16242, time remaining: 19s
Rendered 15958/16242, time remaining: 19s
Rendered 15959/16242, time remaining: 19s
Rendered 15960/16242, time remaining: 19s
Rendered 15961/16242, time remaining: 19s
Rendered 15962/16242, time remaining: 19s
Rendered 15963/16242, time remaining: 19s
Rendered 15964/16242, time remaining: 19s
Rendered 15965/16242, time remaining: 19s
Rendered 15966/16242, time remaining: 18s
Rendered 15967/16242, time remaining: 18s
Rendered 15968/16242, time remaining: 18s
Rendered 15969/16242, time remaining: 18s
Rendered 15970/16242, time remaining: 18s
Rendered 15971/16242, time remaining: 18s
Rendered 15972/16242, time remaining: 18s
Rendered 15973/16242, time remaining: 18s
Rendered 15974/16242, time remaining: 18s
Rendered 15975/16242, time remaining: 18s
Rendered 15976/16242, time remaining: 18s
Rendered 15977/16242, time remaining: 18s
Rendered 15978/16242, time remaining: 18s
Rendered 15979/16242, time remaining: 18s
Rendered 15980/16242, time remaining: 18s
Rendered 15981/16242, time remaining: 17s
Rendered 15982/16242, time remaining: 17s
Rendered 15983/16242, time remaining: 17s
Rendered 15984/16242, time remaining: 17s
Rendered 15985/16242, time remaining: 17s
Rendered 15986/16242, time remaining: 17s
Rendered 15987/16242, time remaining: 17s
Rendered 15988/16242, time remaining: 17s
Rendered 15989/16242, time remaining: 17s
Rendered 15990/16242, time remaining: 17s
Rendered 15991/16242, time remaining: 17s
Rendered 15992/16242, time remaining: 17s
Rendered 15993/16242, time remaining: 17s
Rendered 15994/16242, time remaining: 17s
Rendered 15995/16242, time remaining: 16s
Rendered 15996/16242, time remaining: 16s
Rendered 15997/16242, time remaining: 16s
Rendered 15998/16242, time remaining: 16s
Rendered 15999/16242, time remaining: 16s
Rendered 16000/16242, time remaining: 16s
Rendered 16001/16242, time remaining: 16s
Rendered 16002/16242, time remaining: 16s
Rendered 16003/16242, time remaining: 16s
Rendered 16004/16242, time remaining: 16s
Rendered 16005/16242, time remaining: 16s
Rendered 16006/16242, time remaining: 16s
Rendered 16007/16242, time remaining: 16s
Rendered 16008/16242, time remaining: 16s
Rendered 16009/16242, time remaining: 16s
Rendered 16010/16242, time remaining: 15s
Rendered 16011/16242, time remaining: 15s
Rendered 16012/16242, time remaining: 15s
Rendered 16013/16242, time remaining: 15s
Rendered 16014/16242, time remaining: 15s
Rendered 16015/16242, time remaining: 15s
Rendered 16016/16242, time remaining: 15s
Rendered 16017/16242, time remaining: 15s
Rendered 16018/16242, time remaining: 15s
Rendered 16019/16242, time remaining: 15s
Rendered 16020/16242, time remaining: 15s
Rendered 16021/16242, time remaining: 15s
Rendered 16022/16242, time remaining: 15s
Rendered 16023/16242, time remaining: 15s
Rendered 16024/16242, time remaining: 15s
Rendered 16025/16242, time remaining: 14s
Rendered 16026/16242, time remaining: 14s
Rendered 16027/16242, time remaining: 14s
Rendered 16028/16242, time remaining: 14s
Rendered 16029/16242, time remaining: 14s
Rendered 16030/16242, time remaining: 14s
Rendered 16031/16242, time remaining: 14s
Rendered 16032/16242, time remaining: 14s
Rendered 16033/16242, time remaining: 14s
Rendered 16034/16242, time remaining: 14s
Rendered 16035/16242, time remaining: 14s
Rendered 16036/16242, time remaining: 14s
Rendered 16037/16242, time remaining: 14s
Rendered 16038/16242, time remaining: 14s
Rendered 16039/16242, time remaining: 13s
Rendered 16040/16242, time remaining: 13s
Rendered 16041/16242, time remaining: 13s
Rendered 16042/16242, time remaining: 13s
Rendered 16043/16242, time remaining: 13s
Rendered 16044/16242, time remaining: 13s
Rendered 16045/16242, time remaining: 13s
Rendered 16046/16242, time remaining: 13s
Rendered 16047/16242, time remaining: 13s
Rendered 16048/16242, time remaining: 13s
Rendered 16049/16242, time remaining: 13s
Rendered 16050/16242, time remaining: 13s
Rendered 16051/16242, time remaining: 13s
Rendered 16052/16242, time remaining: 13s
Rendered 16053/16242, time remaining: 13s
Rendered 16054/16242, time remaining: 12s
Rendered 16055/16242, time remaining: 12s
Rendered 16056/16242, time remaining: 12s
Rendered 16057/16242, time remaining: 12s
Rendered 16058/16242, time remaining: 12s
Rendered 16059/16242, time remaining: 12s
Rendered 16060/16242, time remaining: 12s
Rendered 16061/16242, time remaining: 12s
Rendered 16062/16242, time remaining: 12s
Rendered 16063/16242, time remaining: 12s
Rendered 16064/16242, time remaining: 12s
Rendered 16065/16242, time remaining: 12s
Rendered 16066/16242, time remaining: 12s
Rendered 16067/16242, time remaining: 12s
Rendered 16068/16242, time remaining: 11s
Rendered 16069/16242, time remaining: 11s
Rendered 16070/16242, time remaining: 11s
Rendered 16071/16242, time remaining: 11s
Rendered 16072/16242, time remaining: 11s
Rendered 16073/16242, time remaining: 11s
Rendered 16074/16242, time remaining: 11s
Rendered 16075/16242, time remaining: 11s
Rendered 16076/16242, time remaining: 11s
Rendered 16077/16242, time remaining: 11s
Rendered 16078/16242, time remaining: 11s
Rendered 16079/16242, time remaining: 11s
Rendered 16080/16242, time remaining: 11s
Rendered 16081/16242, time remaining: 11s
Rendered 16082/16242, time remaining: 11s
Rendered 16083/16242, time remaining: 10s
Rendered 16084/16242, time remaining: 10s
Rendered 16085/16242, time remaining: 10s
Rendered 16086/16242, time remaining: 10s
Rendered 16087/16242, time remaining: 10s
Rendered 16088/16242, time remaining: 10s
Rendered 16089/16242, time remaining: 10s
Rendered 16090/16242, time remaining: 10s
Rendered 16091/16242, time remaining: 10s
Rendered 16092/16242, time remaining: 10s
Rendered 16093/16242, time remaining: 10s
Rendered 16094/16242, time remaining: 10s
Rendered 16095/16242, time remaining: 10s
Rendered 16096/16242, time remaining: 10s
Rendered 16097/16242, time remaining: 9s
Rendered 16098/16242, time remaining: 9s
Rendered 16099/16242, time remaining: 9s
Rendered 16100/16242, time remaining: 9s
Rendered 16101/16242, time remaining: 9s
Rendered 16102/16242, time remaining: 9s
Rendered 16103/16242, time remaining: 9s
Rendered 16104/16242, time remaining: 9s
Rendered 16105/16242, time remaining: 9s
Rendered 16106/16242, time remaining: 9s
Rendered 16107/16242, time remaining: 9s
Rendered 16108/16242, time remaining: 9s
Rendered 16109/16242, time remaining: 9s
Rendered 16110/16242, time remaining: 9s
Rendered 16111/16242, time remaining: 9s
Rendered 16112/16242, time remaining: 8s
Rendered 16113/16242, time remaining: 8s
Rendered 16114/16242, time remaining: 8s
Rendered 16115/16242, time remaining: 8s
Rendered 16116/16242, time remaining: 8s
Rendered 16117/16242, time remaining: 8s
Rendered 16118/16242, time remaining: 8s
Rendered 16119/16242, time remaining: 8s
Rendered 16120/16242, time remaining: 8s
Rendered 16121/16242, time remaining: 8s
Rendered 16122/16242, time remaining: 8s
Rendered 16123/16242, time remaining: 8s
Rendered 16124/16242, time remaining: 8s
Rendered 16125/16242, time remaining: 8s
Rendered 16126/16242, time remaining: 7s
Rendered 16127/16242, time remaining: 7s
Rendered 16128/16242, time remaining: 7s
Rendered 16129/16242, time remaining: 7s
Rendered 16130/16242, time remaining: 7s
Rendered 16131/16242, time remaining: 7s
Rendered 16132/16242, time remaining: 7s
Rendered 16133/16242, time remaining: 7s
Rendered 16134/16242, time remaining: 7s
Rendered 16135/16242, time remaining: 7s
Rendered 16136/16242, time remaining: 7s
Rendered 16137/16242, time remaining: 7s
Rendered 16138/16242, time remaining: 7s
Rendered 16139/16242, time remaining: 7s
Rendered 16140/16242, time remaining: 7s
Rendered 16141/16242, time remaining: 6s
Rendered 16142/16242, time remaining: 6s
Rendered 16143/16242, time remaining: 6s
Rendered 16144/16242, time remaining: 6s
Rendered 16145/16242, time remaining: 6s
Rendered 16146/16242, time remaining: 6s
Rendered 16147/16242, time remaining: 6s
Rendered 16148/16242, time remaining: 6s
Rendered 16149/16242, time remaining: 6s
Rendered 16150/16242, time remaining: 6s
Rendered 16151/16242, time remaining: 6s
Rendered 16152/16242, time remaining: 6s
Rendered 16153/16242, time remaining: 6s
Rendered 16154/16242, time remaining: 6s
Rendered 16155/16242, time remaining: 5s
Rendered 16156/16242, time remaining: 5s
Rendered 16157/16242, time remaining: 5s
Rendered 16158/16242, time remaining: 5s
Rendered 16159/16242, time remaining: 5s
Rendered 16160/16242, time remaining: 5s
Rendered 16161/16242, time remaining: 5s
Rendered 16162/16242, time remaining: 5s
Rendered 16163/16242, time remaining: 5s
Rendered 16164/16242, time remaining: 5s
Rendered 16165/16242, time remaining: 5s
Rendered 16166/16242, time remaining: 5s
Rendered 16167/16242, time remaining: 5s
Rendered 16168/16242, time remaining: 5s
Rendered 16169/16242, time remaining: 5s
Rendered 16170/16242, time remaining: 4s
Rendered 16171/16242, time remaining: 4s
Rendered 16172/16242, time remaining: 4s
Rendered 16173/16242, time remaining: 4s
Rendered 16174/16242, time remaining: 4s
Rendered 16175/16242, time remaining: 4s
Rendered 16176/16242, time remaining: 4s
Rendered 16177/16242, time remaining: 4s
Rendered 16178/16242, time remaining: 4s
Rendered 16179/16242, time remaining: 4s
Rendered 16180/16242, time remaining: 4s
Rendered 16181/16242, time remaining: 4s
Rendered 16182/16242, time remaining: 4s
Rendered 16183/16242, time remaining: 4s
Rendered 16184/16242, time remaining: 3s
Rendered 16185/16242, time remaining: 3s
Rendered 16186/16242, time remaining: 3s
Rendered 16187/16242, time remaining: 3s
Rendered 16188/16242, time remaining: 3s
Rendered 16189/16242, time remaining: 3s
Rendered 16190/16242, time remaining: 3s
Rendered 16191/16242, time remaining: 3s
Rendered 16192/16242, time remaining: 3s
Rendered 16193/16242, time remaining: 3s
Rendered 16194/16242, time remaining: 3s
Rendered 16195/16242, time remaining: 3s
Rendered 16196/16242, time remaining: 3s
Rendered 16197/16242, time remaining: 3s
Rendered 16198/16242, time remaining: 3s
Rendered 16199/16242, time remaining: 2s
Rendered 16200/16242, time remaining: 2s
Rendered 16201/16242, time remaining: 2s
Rendered 16202/16242, time remaining: 2s
Rendered 16203/16242, time remaining: 2s
Rendered 16204/16242, time remaining: 2s
Rendered 16205/16242, time remaining: 2s
Rendered 16206/16242, time remaining: 2s
Rendered 16207/16242, time remaining: 2s
Rendered 16208/16242, time remaining: 2s
Rendered 16209/16242, time remaining: 2s
Rendered 16210/16242, time remaining: 2s
Rendered 16211/16242, time remaining: 2s
Rendered 16212/16242, time remaining: 2s
Rendered 16213/16242, time remaining: 1s
Rendered 16214/16242, time remaining: 1s
Rendered 16215/16242, time remaining: 1s
Rendered 16216/16242, time remaining: 1s
Rendered 16217/16242, time remaining: 1s
Rendered 16218/16242, time remaining: 1s
Rendered 16219/16242, time remaining: 1s
Rendered 16220/16242, time remaining: 1s
Rendered 16221/16242, time remaining: 1s
Rendered 16222/16242, time remaining: 1s
Rendered 16223/16242, time remaining: 1s
Rendered 16224/16242, time remaining: 1s
Rendered 16225/16242, time remaining: 1s
Rendered 16226/16242, time remaining: 1s
Rendered 16227/16242, time remaining: 1s
Rendered 16228/16242, time remaining: 0s
Rendered 16229/16242, time remaining: 0s
Rendered 16230/16242, time remaining: 0s
Rendered 16231/16242, time remaining: 0s
Rendered 16232/16242, time remaining: 0s
Rendered 16233/16242, time remaining: 0s
Rendered 16234/16242, time remaining: 0s
Rendered 16235/16242, time remaining: 0s
Rendered 16236/16242, time remaining: 0s
Rendered 16237/16242, time remaining: 0s
Rendered 16238/16242, time remaining: 0s
Rendered 16239/16242, time remaining: 0s
Rendered 16240/16242, time remaining: 0s
Rendered 16241/16242, time remaining: 0s
Rendered 16242/16242
Stitched 177/16242
Stitched 410/16242
Stitched 633/16242
Stitched 894/16242
Stitched 1191/16242
Stitched 1389/16242
Stitched 1583/16242
Stitched 1859/16242
Stitched 2189/16242
Stitched 2502/16242
Stitched 2808/16242
Stitched 3046/16242
Stitched 3310/16242
Stitched 3581/16242
Stitched 3822/16242
Stitched 4147/16242
Stitched 4437/16242
Stitched 4704/16242
Stitched 4927/16242
Stitched 5231/16242
Stitched 5512/16242
Stitched 5794/16242
Stitched 6058/16242
Stitched 6333/16242
Stitched 6593/16242
Stitched 6940/16242
Stitched 7298/16242
Stitched 7640/16242
Stitched 7939/16242
Stitched 8198/16242
Stitched 8438/16242
Stitched 8775/16242
Stitched 9059/16242
Stitched 9346/16242
Stitched 9605/16242
Stitched 9884/16242
Stitched 10217/16242
Stitched 10528/16242
Stitched 10811/16242
Stitched 11098/16242
Stitched 11396/16242
Stitched 11609/16242
Stitched 11821/16242
Stitched 12033/16242
Stitched 12252/16242
Stitched 12476/16242
Stitched 12697/16242
Stitched 13035/16242
Stitched 13379/16242
Stitched 13623/16242
Stitched 13834/16242
Stitched 14054/16242
Stitched 14257/16242
Stitched 14571/16242
Stitched 14918/16242
Stitched 15268/16242
Stitched 15601/16242
Stitched 15907/16242
Stitched 16220/16242
Stitched 16242/16242
+                    ../out_animated.mp4 33.9 MB
